tenant-security	Run npm test	﻿2026-09-17T21:15:09.6483751Z ##[group]Run npm test
tenant-security	Run npm test	2026-09-17T21:15:09.6484273Z ^[[36;1mnpm test^[[0m
tenant-security	Run npm test	2026-09-17T21:15:09.6520339Z shell: /usr/bin/bash -e {0}
tenant-security	Run npm test	2026-09-17T21:15:09.6520600Z env:
tenant-security	Run npm test	2026-09-17T21:15:09.6521032Z   DATABASE_URL: ***127.0.0.1:5432/seepoint_ci
tenant-security	Run npm test	2026-09-17T21:15:09.6521407Z   NEXTAUTH_SECRET: ci-only-not-a-production-secret
tenant-security	Run npm test	2026-09-17T21:15:09.6521774Z   NEXT_PUBLIC_APP_URL: http://localhost:3000
tenant-security	Run npm test	2026-09-17T21:15:09.6522064Z ##[endgroup]
tenant-security	Run npm test	2026-09-17T21:15:09.7648403Z 
tenant-security	Run npm test	2026-09-17T21:15:09.7649008Z > seepoint@0.1.0 test
tenant-security	Run npm test	2026-09-17T21:15:09.7649598Z > npx tsx --test tests/*.test.ts
tenant-security	Run npm test	2026-09-17T21:15:09.7649907Z 
tenant-security	Run npm test	2026-09-17T21:15:10.1639990Z TAP version 13
tenant-security	Run npm test	2026-09-17T21:15:10.4444333Z # Subtest: absence dates accept strict calendar days only
tenant-security	Run npm test	2026-09-17T21:15:10.4494028Z ok 1 - absence dates accept strict calendar days only
tenant-security	Run npm test	2026-09-17T21:15:10.4518397Z   ---
tenant-security	Run npm test	2026-09-17T21:15:10.4519174Z   duration_ms: 1.7226
tenant-security	Run npm test	2026-09-17T21:15:10.4519818Z   type: 'test'
tenant-security	Run npm test	2026-09-17T21:15:10.4520401Z   ...
tenant-security	Run npm test	2026-09-17T21:15:10.4521413Z # Subtest: workers request only their own absence while managers can plan for the team
tenant-security	Run npm test	2026-09-17T21:15:10.4523401Z ok 2 - workers request only their own absence while managers can plan for the team
tenant-security	Run npm test	2026-09-17T21:15:10.4529390Z   ---
tenant-security	Run npm test	2026-09-17T21:15:10.4530119Z   duration_ms: 0.323847
tenant-security	Run npm test	2026-09-17T21:15:10.4530743Z   type: 'test'
tenant-security	Run npm test	2026-09-17T21:15:10.4531305Z   ...
tenant-security	Run npm test	2026-09-17T21:15:10.4532246Z # Subtest: review, deletion and private notes follow server-side role rules
tenant-security	Run npm test	2026-09-17T21:15:10.4533925Z ok 3 - review, deletion and private notes follow server-side role rules
tenant-security	Run npm test	2026-09-17T21:15:10.4534925Z   ---
tenant-security	Run npm test	2026-09-17T21:15:10.4535478Z   duration_ms: 0.344405
tenant-security	Run npm test	2026-09-17T21:15:10.4536099Z   type: 'test'
tenant-security	Run npm test	2026-09-17T21:15:10.4536648Z   ...
tenant-security	Run npm test	2026-09-17T21:15:10.4537761Z # Subtest: absence API enforces module access, approval workflow and transactional overlap checks
tenant-security	Run npm test	2026-09-17T21:15:10.4539402Z ok 4 - absence API enforces module access, approval workflow and transactional overlap checks
tenant-security	Run npm test	2026-09-17T21:15:10.4540522Z   ---
tenant-security	Run npm test	2026-09-17T21:15:10.4541134Z   duration_ms: 0.629881
tenant-security	Run npm test	2026-09-17T21:15:10.4541758Z   type: 'test'
tenant-security	Run npm test	2026-09-17T21:15:10.4542487Z   ...
tenant-security	Run npm test	2026-09-17T21:15:10.4551202Z # Subtest: vacation UI counts only approved presence and exposes manager review actions
tenant-security	Run npm test	2026-09-17T21:15:10.4552906Z ok 5 - vacation UI counts only approved presence and exposes manager review actions
tenant-security	Run npm test	2026-09-17T21:15:10.4553884Z   ---
tenant-security	Run npm test	2026-09-17T21:15:10.4554426Z   duration_ms: 0.479449
tenant-security	Run npm test	2026-09-17T21:15:10.4554997Z   type: 'test'
tenant-security	Run npm test	2026-09-17T21:15:10.4555510Z   ...
tenant-security	Run npm test	2026-09-17T21:15:11.2194018Z # Subtest: Integration: Priority ordering follows CRITICAL > URGENT > HIGH > MEDIUM > LOW
tenant-security	Run npm test	2026-09-17T21:15:11.2234124Z ok 6 - Integration: Priority ordering follows CRITICAL > URGENT > HIGH > MEDIUM > LOW
tenant-security	Run npm test	2026-09-17T21:15:11.2235595Z   ---
tenant-security	Run npm test	2026-09-17T21:15:11.2245179Z   duration_ms: 1.318151
tenant-security	Run npm test	2026-09-17T21:15:11.2245918Z   type: 'test'
tenant-security	Run npm test	2026-09-17T21:15:11.2246565Z   ...
tenant-security	Run npm test	2026-09-17T21:15:11.2248308Z # Subtest: Integration: Human approval enforcement — dangerous actions always require human approval
tenant-security	Run npm test	2026-09-17T21:15:11.2250165Z ok 7 - Integration: Human approval enforcement — dangerous actions always require human approval
tenant-security	Run npm test	2026-09-17T21:15:11.2251086Z   ---
tenant-security	Run npm test	2026-09-17T21:15:11.2251530Z   duration_ms: 0.503734
tenant-security	Run npm test	2026-09-17T21:15:11.2251969Z   type: 'test'
tenant-security	Run npm test	2026-09-17T21:15:11.2252350Z   ...
tenant-security	Run npm test	2026-09-17T21:15:11.2253569Z # Subtest: Integration: Profile defaults guarantee autoSendOffer and autoInvoice are false
tenant-security	Run npm test	2026-09-17T21:15:11.2254996Z ok 8 - Integration: Profile defaults guarantee autoSendOffer and autoInvoice are false
tenant-security	Run npm test	2026-09-17T21:15:11.2255834Z   ---
tenant-security	Run npm test	2026-09-17T21:15:11.2256214Z   duration_ms: 0.263304
tenant-security	Run npm test	2026-09-17T21:15:11.2256653Z   type: 'test'
tenant-security	Run npm test	2026-09-17T21:15:11.2257031Z   ...
tenant-security	Run npm test	2026-09-17T21:15:11.4997683Z # [attention-service] Chyba načtení CRM Intelligence attention items: PrismaClientInitializationError: 
tenant-security	Run npm test	2026-09-17T21:15:11.4999759Z # Invalid `prisma.occupancy.findMany()` invocation in
tenant-security	Run npm test	2026-09-17T21:15:11.5001249Z # /home/runner/work/seepoint/seepoint/lib/ai-crm/crm-intelligence-service.ts:223:56
tenant-security	Run npm test	2026-09-17T21:15:11.5003753Z #   220 // 3. EVALUATE RENEWALS (Campaigns ending within renewalWarningDays)
tenant-security	Run npm test	2026-09-17T21:15:11.5007089Z #   221 if (profile.enableRenewalInsights) {
tenant-security	Run npm test	2026-09-17T21:15:11.5012199Z #   222   const warningDate = new Date(now.getTime() + profile.renewalWarningDays * 86400000);
tenant-security	Run npm test	2026-09-17T21:15:11.5015520Z # → 223   const expiringOccupancies = await prisma.occupancy.findMany(
tenant-security	Run npm test	2026-09-17T21:15:11.5019916Z # Can't reach database server at `127.0.0.1:5432`
tenant-security	Run npm test	2026-09-17T21:15:11.5033470Z # Please make sure your database server is running at `127.0.0.1:5432`.
tenant-security	Run npm test	2026-09-17T21:15:11.5035508Z #     at ei.handleRequestError (/home/runner/work/seepoint/seepoint/node_modules/@prisma/client/src/runtime/RequestHandler.ts:242:13)
tenant-security	Run npm test	2026-09-17T21:15:11.5038057Z #     at ei.handleAndLogRequestError (/home/runner/work/seepoint/seepoint/node_modules/@prisma/client/src/runtime/RequestHandler.ts:174:12)
tenant-security	Run npm test	2026-09-17T21:15:11.5040283Z #     at ei.request (/home/runner/work/seepoint/seepoint/node_modules/@prisma/client/src/runtime/RequestHandler.ts:143:12)
tenant-security	Run npm test	2026-09-17T21:15:11.5042421Z #     at async a (/home/runner/work/seepoint/seepoint/node_modules/@prisma/client/src/runtime/getPrismaClient.ts:833:24)
tenant-security	Run npm test	2026-09-17T21:15:11.5044868Z #     at async getMyAttentionItems (/home/runner/work/seepoint/seepoint/lib/ai-crm/crm-intelligence-service.ts:223:33)
tenant-security	Run npm test	2026-09-17T21:15:11.5046848Z #     at async <anonymous> (/home/runner/work/seepoint/seepoint/lib/ai-orchestrator/attention-service.ts:46:22)
tenant-security	Run npm test	2026-09-17T21:15:11.5048085Z #     at async Promise.all (index 0)
tenant-security	Run npm test	2026-09-17T21:15:11.5049636Z #     at async <anonymous> (/home/runner/work/seepoint/seepoint/lib/ai-orchestrator/commercial-center-service.ts:31:9)
tenant-security	Run npm test	2026-09-17T21:15:11.5079657Z #     at async TestContext.<anonymous> (/home/runner/work/seepoint/seepoint/tests/ai-commercial-integration.test.ts:133:18)
tenant-security	Run npm test	2026-09-17T21:15:11.5083722Z #     at async Test.run (node:internal/test_runner/test:1054:7) {
tenant-security	Run npm test	2026-09-17T21:15:11.5084945Z #   clientVersion: '6.19.3',
tenant-security	Run npm test	2026-09-17T21:15:11.5085813Z #   errorCode: undefined,
tenant-security	Run npm test	2026-09-17T21:15:11.5086348Z #   retryable: undefined
tenant-security	Run npm test	2026-09-17T21:15:11.5086774Z # }
tenant-security	Run npm test	2026-09-17T21:15:11.5354877Z # Subtest: Integration: Commercial Center Data aggregates UnifiedNextBestActions from Attention and Mailbox
tenant-security	Run npm test	2026-09-17T21:15:11.5357692Z ok 9 - Integration: Commercial Center Data aggregates UnifiedNextBestActions from Attention and Mailbox
tenant-security	Run npm test	2026-09-17T21:15:11.5358820Z   ---
tenant-security	Run npm test	2026-09-17T21:15:11.5359440Z   duration_ms: 301.060627
tenant-security	Run npm test	2026-09-17T21:15:11.5360138Z   type: 'test'
tenant-security	Run npm test	2026-09-17T21:15:11.5360728Z   ...
tenant-security	Run npm test	2026-09-17T21:15:11.5361606Z # Subtest: Integration: Audit log trace retrieval for CommercialRun
tenant-security	Run npm test	2026-09-17T21:15:11.5363010Z ok 10 - Integration: Audit log trace retrieval for CommercialRun
tenant-security	Run npm test	2026-09-17T21:15:11.5363912Z   ---
tenant-security	Run npm test	2026-09-17T21:15:11.5364483Z   duration_ms: 2.615256
tenant-security	Run npm test	2026-09-17T21:15:11.5365106Z   type: 'test'
tenant-security	Run npm test	2026-09-17T21:15:11.5365669Z   ...
tenant-security	Run npm test	2026-09-17T21:15:11.5366825Z # Subtest: Integration: Follow-up & Renewal delegation to CRM Intelligence (no duplicate 4-day logic)
tenant-security	Run npm test	2026-09-17T21:15:11.5368599Z ok 11 - Integration: Follow-up & Renewal delegation to CRM Intelligence (no duplicate 4-day logic)
tenant-security	Run npm test	2026-09-17T21:15:11.5369680Z   ---
tenant-security	Run npm test	2026-09-17T21:15:11.5370248Z   duration_ms: 22.850315
tenant-security	Run npm test	2026-09-17T21:15:11.5370880Z   type: 'test'
tenant-security	Run npm test	2026-09-17T21:15:11.5371453Z   ...
tenant-security	Run npm test	2026-09-17T21:15:11.5374013Z # Subtest: Integration: Multi-tenant isolation — items from Org A never leak to Org B
tenant-security	Run npm test	2026-09-17T21:15:11.5383198Z ok 12 - Integration: Multi-tenant isolation — items from Org A never leak to Org B
tenant-security	Run npm test	2026-09-17T21:15:11.5384347Z   ---
tenant-security	Run npm test	2026-09-17T21:15:11.5385096Z   duration_ms: 0.891872
tenant-security	Run npm test	2026-09-17T21:15:11.5385830Z   type: 'test'
tenant-security	Run npm test	2026-09-17T21:15:11.5386457Z   ...
tenant-security	Run npm test	2026-09-17T21:15:11.6185018Z # Subtest: Scénář A: Kompletní poptávka → CommercialRequest → Offer DRAFT
tenant-security	Run npm test	2026-09-17T21:15:11.6214075Z ok 13 - Scénář A: Kompletní poptávka → CommercialRequest → Offer DRAFT
tenant-security	Run npm test	2026-09-17T21:15:11.6218688Z   ---
tenant-security	Run npm test	2026-09-17T21:15:11.6219355Z   duration_ms: 1.917485
tenant-security	Run npm test	2026-09-17T21:15:11.6220619Z   type: 'test'
tenant-security	Run npm test	2026-09-17T21:15:11.6221153Z   ...
tenant-security	Run npm test	2026-09-17T21:15:11.6222212Z # Subtest: Scénář B: Neúplná poptávka → NEEDS_INFORMATION, žádné vymýšlení dat
tenant-security	Run npm test	2026-09-17T21:15:11.6223860Z ok 14 - Scénář B: Neúplná poptávka → NEEDS_INFORMATION, žádné vymýšlení dat
tenant-security	Run npm test	2026-09-17T21:15:11.6224674Z   ---
tenant-security	Run npm test	2026-09-17T21:15:11.6225162Z   duration_ms: 0.449423
tenant-security	Run npm test	2026-09-17T21:15:11.6225690Z   type: 'test'
tenant-security	Run npm test	2026-09-17T21:15:11.6226170Z   ...
tenant-security	Run npm test	2026-09-17T21:15:11.6227192Z # Subtest: Scénář C: Částečná dostupnost → DRAFT s jasně rozlišenými alternativami
tenant-security	Run npm test	2026-09-17T21:15:11.6228555Z ok 15 - Scénář C: Částečná dostupnost → DRAFT s jasně rozlišenými alternativami
tenant-security	Run npm test	2026-09-17T21:15:11.6229364Z   ---
tenant-security	Run npm test	2026-09-17T21:15:11.6229846Z   duration_ms: 0.385612
tenant-security	Run npm test	2026-09-17T21:15:11.6230384Z   type: 'test'
tenant-security	Run npm test	2026-09-17T21:15:11.6230856Z   ...
tenant-security	Run npm test	2026-09-17T21:15:11.6232066Z # Subtest: Scénář D: Žádná dostupnost → Nevznikne nabídka, vhodná Next Best Action
tenant-security	Run npm test	2026-09-17T21:15:11.6233731Z ok 16 - Scénář D: Žádná dostupnost → Nevznikne nabídka, vhodná Next Best Action
tenant-security	Run npm test	2026-09-17T21:15:11.6234606Z   ---
tenant-security	Run npm test	2026-09-17T21:15:11.6235167Z   duration_ms: 0.294462
tenant-security	Run npm test	2026-09-17T21:15:11.6235693Z   type: 'test'
tenant-security	Run npm test	2026-09-17T21:15:11.6236160Z   ...
tenant-security	Run npm test	2026-09-17T21:15:11.6237152Z # Subtest: Scénář E: Offer ACCEPTED → Realization handoff proběhne právě jednou
tenant-security	Run npm test	2026-09-17T21:15:11.6249202Z ok 17 - Scénář E: Offer ACCEPTED → Realization handoff proběhne právě jednou
tenant-security	Run npm test	2026-09-17T21:15:11.6250080Z   ---
tenant-security	Run npm test	2026-09-17T21:15:11.6250571Z   duration_ms: 0.366778
tenant-security	Run npm test	2026-09-17T21:15:11.6251113Z   type: 'test'
tenant-security	Run npm test	2026-09-17T21:15:11.6251601Z   ...
tenant-security	Run npm test	2026-09-17T21:15:11.6252423Z # Subtest: Scénář F: Duplicitní trigger → Žádné duplicity
tenant-security	Run npm test	2026-09-17T21:15:11.6253755Z ok 18 - Scénář F: Duplicitní trigger → Žádné duplicity
tenant-security	Run npm test	2026-09-17T21:15:11.6254445Z   ---
tenant-security	Run npm test	2026-09-17T21:15:11.6254925Z   duration_ms: 0.328776
tenant-security	Run npm test	2026-09-17T21:15:11.6255449Z   type: 'test'
tenant-security	Run npm test	2026-09-17T21:15:11.6255919Z   ...
tenant-security	Run npm test	2026-09-17T21:15:11.6256809Z # Subtest: Scénář G: Occupancy selhání → Proces zachován a retryable
tenant-security	Run npm test	2026-09-17T21:15:11.6258048Z ok 19 - Scénář G: Occupancy selhání → Proces zachován a retryable
tenant-security	Run npm test	2026-09-17T21:15:11.6258784Z   ---
tenant-security	Run npm test	2026-09-17T21:15:11.6259248Z   duration_ms: 3.171616
tenant-security	Run npm test	2026-09-17T21:15:11.6259775Z   type: 'test'
tenant-security	Run npm test	2026-09-17T21:15:11.6260246Z   ...
tenant-security	Run npm test	2026-09-17T21:15:11.6261150Z # Subtest: Scénář H: Offer builder selhání → AvailabilityResult zachován
tenant-security	Run npm test	2026-09-17T21:15:11.6262351Z ok 20 - Scénář H: Offer builder selhání → AvailabilityResult zachován
tenant-security	Run npm test	2026-09-17T21:15:11.6263320Z   ---
tenant-security	Run npm test	2026-09-17T21:15:11.6263844Z   duration_ms: 0.376085
tenant-security	Run npm test	2026-09-17T21:15:11.6264396Z   type: 'test'
tenant-security	Run npm test	2026-09-17T21:15:11.6264857Z   ...
tenant-security	Run npm test	2026-09-17T21:15:11.6265738Z # Subtest: Scénář I: Tenant izolace — Tenant A nevidí data Tenant B
tenant-security	Run npm test	2026-09-17T21:15:11.6266879Z ok 21 - Scénář I: Tenant izolace — Tenant A nevidí data Tenant B
tenant-security	Run npm test	2026-09-17T21:15:11.6267637Z   ---
tenant-security	Run npm test	2026-09-17T21:15:11.6268093Z   duration_ms: 1.165826
tenant-security	Run npm test	2026-09-17T21:15:11.6268606Z   type: 'test'
tenant-security	Run npm test	2026-09-17T21:15:11.6269072Z   ...
tenant-security	Run npm test	2026-09-17T21:15:11.6269845Z # Subtest: Scénář J: Cross-tenant reference zamítnuta
tenant-security	Run npm test	2026-09-17T21:15:11.6270808Z ok 22 - Scénář J: Cross-tenant reference zamítnuta
tenant-security	Run npm test	2026-09-17T21:15:11.6271456Z   ---
tenant-security	Run npm test	2026-09-17T21:15:11.6271916Z   duration_ms: 0.867475
tenant-security	Run npm test	2026-09-17T21:15:11.6272427Z   type: 'test'
tenant-security	Run npm test	2026-09-17T21:15:11.6273180Z   ...
tenant-security	Run npm test	2026-09-17T21:15:11.6274136Z # Subtest: Scénář K: SEMI_AUTOMATIC vytvoří DRAFT, nikdy samo neodešle
tenant-security	Run npm test	2026-09-17T21:15:11.6275328Z ok 23 - Scénář K: SEMI_AUTOMATIC vytvoří DRAFT, nikdy samo neodešle
tenant-security	Run npm test	2026-09-17T21:15:11.6276065Z   ---
tenant-security	Run npm test	2026-09-17T21:15:11.6276537Z   duration_ms: 0.306695
tenant-security	Run npm test	2026-09-17T21:15:11.6277046Z   type: 'test'
tenant-security	Run npm test	2026-09-17T21:15:11.6277511Z   ...
tenant-security	Run npm test	2026-09-17T21:15:11.6278384Z # Subtest: Scénář K (unit): isActionAllowed correctly enforces policy
tenant-security	Run npm test	2026-09-17T21:15:11.6279516Z ok 24 - Scénář K (unit): isActionAllowed correctly enforces policy
tenant-security	Run npm test	2026-09-17T21:15:11.6280317Z   ---
tenant-security	Run npm test	2026-09-17T21:15:11.6280789Z   duration_ms: 34.393565
tenant-security	Run npm test	2026-09-17T21:15:11.6281307Z   type: 'test'
tenant-security	Run npm test	2026-09-17T21:15:11.6282058Z   ...
tenant-security	Run npm test	2026-09-17T21:15:11.6283450Z # Subtest: Scénář L: Uživatel bez práva SEND nemůže odeslat nabídku
tenant-security	Run npm test	2026-09-17T21:15:11.6284674Z ok 25 - Scénář L: Uživatel bez práva SEND nemůže odeslat nabídku
tenant-security	Run npm test	2026-09-17T21:15:11.6285386Z   ---
tenant-security	Run npm test	2026-09-17T21:15:11.6285859Z   duration_ms: 0.425537
tenant-security	Run npm test	2026-09-17T21:15:11.6286367Z   type: 'test'
tenant-security	Run npm test	2026-09-17T21:15:11.6286834Z   ...
tenant-security	Run npm test	2026-09-17T21:15:11.6287692Z # Subtest: Scénář L (unit): canAccess enforces commercial permissions
tenant-security	Run npm test	2026-09-17T21:15:11.6288815Z ok 26 - Scénář L (unit): canAccess enforces commercial permissions
tenant-security	Run npm test	2026-09-17T21:15:11.6289527Z   ---
tenant-security	Run npm test	2026-09-17T21:15:11.6289999Z   duration_ms: 19.976608
tenant-security	Run npm test	2026-09-17T21:15:11.6290523Z   type: 'test'
tenant-security	Run npm test	2026-09-17T21:15:11.6290981Z   ...
tenant-security	Run npm test	2026-09-17T21:15:11.6291829Z # Subtest: Scénář M: Full traceability — correlation chain structure
tenant-security	Run npm test	2026-09-17T21:15:11.6293164Z ok 27 - Scénář M: Full traceability — correlation chain structure
tenant-security	Run npm test	2026-09-17T21:15:11.6293900Z   ---
tenant-security	Run npm test	2026-09-17T21:15:11.6294364Z   duration_ms: 0.468979
tenant-security	Run npm test	2026-09-17T21:15:11.6294909Z   type: 'test'
tenant-security	Run npm test	2026-09-17T21:15:11.6295370Z   ...
tenant-security	Run npm test	2026-09-17T21:15:11.6296400Z # Subtest: Automation policy: Business-critical akce VŽDY vyžadují lidské schválení
tenant-security	Run npm test	2026-09-17T21:15:11.6297834Z ok 28 - Automation policy: Business-critical akce VŽDY vyžadují lidské schválení
tenant-security	Run npm test	2026-09-17T21:15:11.6298686Z   ---
tenant-security	Run npm test	2026-09-17T21:15:11.6299162Z   duration_ms: 0.936236
tenant-security	Run npm test	2026-09-17T21:15:11.6299723Z   type: 'test'
tenant-security	Run npm test	2026-09-17T21:15:11.6300180Z   ...
tenant-security	Run npm test	2026-09-17T21:15:11.6301023Z # Subtest: Automation policy: Orchestrator profile defaults to SEMI_AUTOMATIC
tenant-security	Run npm test	2026-09-17T21:15:11.6302273Z ok 29 - Automation policy: Orchestrator profile defaults to SEMI_AUTOMATIC
tenant-security	Run npm test	2026-09-17T21:15:11.6303314Z   ---
tenant-security	Run npm test	2026-09-17T21:15:11.6303843Z   duration_ms: 0.588583
tenant-security	Run npm test	2026-09-17T21:15:11.6304360Z   type: 'test'
tenant-security	Run npm test	2026-09-17T21:15:11.6304825Z   ...
tenant-security	Run npm test	2026-09-17T21:15:11.6305749Z # Subtest: Automation policy: autoSendOffer a autoInvoice jsou VŽDY false
tenant-security	Run npm test	2026-09-17T21:15:11.6307062Z ok 30 - Automation policy: autoSendOffer a autoInvoice jsou VŽDY false
tenant-security	Run npm test	2026-09-17T21:15:11.6307888Z   ---
tenant-security	Run npm test	2026-09-17T21:15:11.6308351Z   duration_ms: 1.027586
tenant-security	Run npm test	2026-09-17T21:15:11.6308862Z   type: 'test'
tenant-security	Run npm test	2026-09-17T21:15:11.6309329Z   ...
tenant-security	Run npm test	2026-09-17T21:15:11.6310353Z # Subtest: Contract consolidation: DatesClarity importován z kanonického kontraktu
tenant-security	Run npm test	2026-09-17T21:15:11.6311826Z ok 31 - Contract consolidation: DatesClarity importován z kanonického kontraktu
tenant-security	Run npm test	2026-09-17T21:15:11.6313249Z   ---
tenant-security	Run npm test	2026-09-17T21:15:11.6313920Z   duration_ms: 0.34666
tenant-security	Run npm test	2026-09-17T21:15:11.6314498Z   type: 'test'
tenant-security	Run npm test	2026-09-17T21:15:11.6315022Z   ...
tenant-security	Run npm test	2026-09-17T21:15:11.6414255Z # Subtest: Contract consolidation: Priority typy definovány v příslušných modulech
tenant-security	Run npm test	2026-09-17T21:15:11.6523909Z ok 32 - Contract consolidation: Priority typy definovány v příslušných modulech
tenant-security	Run npm test	2026-09-17T21:15:11.6528820Z   ---
tenant-security	Run npm test	2026-09-17T21:15:11.6593207Z   duration_ms: 0.316714
tenant-security	Run npm test	2026-09-17T21:15:11.6633716Z   type: 'test'
tenant-security	Run npm test	2026-09-17T21:15:11.6663210Z   ...
tenant-security	Run npm test	2026-09-17T21:15:11.6693853Z # Subtest: Orchestrátor: Neobsahuje business logiku modulů
tenant-security	Run npm test	2026-09-17T21:15:11.6699867Z ok 33 - Orchestrátor: Neobsahuje business logiku modulů
tenant-security	Run npm test	2026-09-17T21:15:11.6723175Z   ---
tenant-security	Run npm test	2026-09-17T21:15:11.6738887Z   duration_ms: 0.391023
tenant-security	Run npm test	2026-09-17T21:15:11.6739452Z   type: 'test'
tenant-security	Run npm test	2026-09-17T21:15:11.6739934Z   ...
tenant-security	Run npm test	2026-09-17T21:15:11.6741024Z # Subtest: Orchestrátor: Volá existující moduly, nevytváří paralelní implementaci
tenant-security	Run npm test	2026-09-17T21:15:11.6742452Z ok 34 - Orchestrátor: Volá existující moduly, nevytváří paralelní implementaci
tenant-security	Run npm test	2026-09-17T21:15:11.6743571Z   ---
tenant-security	Run npm test	2026-09-17T21:15:11.6744042Z   duration_ms: 0.316213
tenant-security	Run npm test	2026-09-17T21:15:11.6744541Z   type: 'test'
tenant-security	Run npm test	2026-09-17T21:15:11.6744980Z   ...
tenant-security	Run npm test	2026-09-17T21:15:11.6745761Z # Subtest: Orchestrátor: Výchozí mód je SEMI_AUTOMATIC
tenant-security	Run npm test	2026-09-17T21:15:11.6746882Z ok 35 - Orchestrátor: Výchozí mód je SEMI_AUTOMATIC
tenant-security	Run npm test	2026-09-17T21:15:11.6747547Z   ---
tenant-security	Run npm test	2026-09-17T21:15:11.6747988Z   duration_ms: 0.188804
tenant-security	Run npm test	2026-09-17T21:15:11.6748495Z   type: 'test'
tenant-security	Run npm test	2026-09-17T21:15:11.6748951Z   ...
tenant-security	Run npm test	2026-09-17T21:15:11.6750003Z # Subtest: Commercial Timeline: Struktura TimelineEntry pokrývá celý chain
tenant-security	Run npm test	2026-09-17T21:15:11.6751837Z ok 36 - Commercial Timeline: Struktura TimelineEntry pokrývá celý chain
tenant-security	Run npm test	2026-09-17T21:15:11.6752629Z   ---
tenant-security	Run npm test	2026-09-17T21:15:11.6753381Z   duration_ms: 0.225944
tenant-security	Run npm test	2026-09-17T21:15:11.6753887Z   type: 'test'
tenant-security	Run npm test	2026-09-17T21:15:11.6754335Z   ...
tenant-security	Run npm test	2026-09-17T21:15:11.6755295Z # Subtest: Commercial Timeline: Timeline service existuje a exportuje buildCommercialTimeline
tenant-security	Run npm test	2026-09-17T21:15:11.6756721Z ok 37 - Commercial Timeline: Timeline service existuje a exportuje buildCommercialTimeline
tenant-security	Run npm test	2026-09-17T21:15:11.6757698Z   ---
tenant-security	Run npm test	2026-09-17T21:15:11.6758111Z   duration_ms: 0.168115
tenant-security	Run npm test	2026-09-17T21:15:11.6758576Z   type: 'test'
tenant-security	Run npm test	2026-09-17T21:15:11.6758998Z   ...
tenant-security	Run npm test	2026-09-17T21:15:11.6760020Z # Subtest: My Attention: Pokrývá všechny potřebné zdroje pozornosti
tenant-security	Run npm test	2026-09-17T21:15:11.6761138Z ok 38 - My Attention: Pokrývá všechny potřebné zdroje pozornosti
tenant-security	Run npm test	2026-09-17T21:15:11.6761822Z   ---
tenant-security	Run npm test	2026-09-17T21:15:11.6762242Z   duration_ms: 0.345057
tenant-security	Run npm test	2026-09-17T21:15:11.6762963Z   type: 'test'
tenant-security	Run npm test	2026-09-17T21:15:11.6763415Z   ...
tenant-security	Run npm test	2026-09-17T21:15:11.6764239Z # Subtest: My Attention: AttentionCategory pokrývá všechny typy
tenant-security	Run npm test	2026-09-17T21:15:11.6765316Z ok 39 - My Attention: AttentionCategory pokrývá všechny typy
tenant-security	Run npm test	2026-09-17T21:15:11.6765984Z   ---
tenant-security	Run npm test	2026-09-17T21:15:11.6766401Z   duration_ms: 0.248255
tenant-security	Run npm test	2026-09-17T21:15:11.6766868Z   type: 'test'
tenant-security	Run npm test	2026-09-17T21:15:11.6767290Z   ...
tenant-security	Run npm test	2026-09-17T21:15:11.6768153Z # Subtest: Module policy: commercial modul registrován v SYSTEM_MODULES
tenant-security	Run npm test	2026-09-17T21:15:11.6769330Z ok 40 - Module policy: commercial modul registrován v SYSTEM_MODULES
tenant-security	Run npm test	2026-09-17T21:15:11.6770051Z   ---
tenant-security	Run npm test	2026-09-17T21:15:11.6770470Z   duration_ms: 0.282219
tenant-security	Run npm test	2026-09-17T21:15:11.6770936Z   type: 'test'
tenant-security	Run npm test	2026-09-17T21:15:11.6771355Z   ...
tenant-security	Run npm test	2026-09-17T21:15:11.6772062Z # Subtest: Module policy: commercial modul v PRO plánu
tenant-security	Run npm test	2026-09-17T21:15:11.6773195Z ok 41 - Module policy: commercial modul v PRO plánu
tenant-security	Run npm test	2026-09-17T21:15:11.6773840Z   ---
tenant-security	Run npm test	2026-09-17T21:15:11.6774277Z   duration_ms: 0.279253
tenant-security	Run npm test	2026-09-17T21:15:11.6774762Z   type: 'test'
tenant-security	Run npm test	2026-09-17T21:15:11.6775183Z   ...
tenant-security	Run npm test	2026-09-17T21:15:11.6776032Z # Subtest: Commercial Center: Stránka existuje a je server component
tenant-security	Run npm test	2026-09-17T21:15:11.6777176Z ok 42 - Commercial Center: Stránka existuje a je server component
tenant-security	Run npm test	2026-09-17T21:15:11.6777867Z   ---
tenant-security	Run npm test	2026-09-17T21:15:11.6778283Z   duration_ms: 0.360305
tenant-security	Run npm test	2026-09-17T21:15:11.6778750Z   type: 'test'
tenant-security	Run npm test	2026-09-17T21:15:11.6779166Z   ...
tenant-security	Run npm test	2026-09-17T21:15:11.6779792Z # Subtest: Commercial Center: API routes existují
tenant-security	Run npm test	2026-09-17T21:15:11.6780694Z ok 43 - Commercial Center: API routes existují
tenant-security	Run npm test	2026-09-17T21:15:11.6781281Z   ---
tenant-security	Run npm test	2026-09-17T21:15:11.6781691Z   duration_ms: 0.260729
tenant-security	Run npm test	2026-09-17T21:15:11.6782160Z   type: 'test'
tenant-security	Run npm test	2026-09-17T21:15:11.6782576Z   ...
tenant-security	Run npm test	2026-09-17T21:15:11.6783718Z # Subtest: Orchestrátor: Barrel exports pokrývají všechny veřejné API
tenant-security	Run npm test	2026-09-17T21:15:11.6784980Z ok 44 - Orchestrátor: Barrel exports pokrývají všechny veřejné API
tenant-security	Run npm test	2026-09-17T21:15:11.6785778Z   ---
tenant-security	Run npm test	2026-09-17T21:15:11.6786293Z   duration_ms: 0.222798
tenant-security	Run npm test	2026-09-17T21:15:11.6786811Z   type: 'test'
tenant-security	Run npm test	2026-09-17T21:15:11.6787288Z   ...
tenant-security	Run npm test	2026-09-17T21:15:11.6788251Z # Subtest: Idempotency: Mailbox flow používá message.offerId jako anchor
tenant-security	Run npm test	2026-09-17T21:15:11.6789564Z ok 45 - Idempotency: Mailbox flow používá message.offerId jako anchor
tenant-security	Run npm test	2026-09-17T21:15:11.6790353Z   ---
tenant-security	Run npm test	2026-09-17T21:15:11.6790810Z   duration_ms: 0.322355
tenant-security	Run npm test	2026-09-17T21:15:11.6791335Z   type: 'test'
tenant-security	Run npm test	2026-09-17T21:15:11.6791824Z   ...
tenant-security	Run npm test	2026-09-17T21:15:11.6793092Z # Subtest: Idempotency: Offer accepted flow deleguje na idempotentní handoff
tenant-security	Run npm test	2026-09-17T21:15:11.6794527Z ok 46 - Idempotency: Offer accepted flow deleguje na idempotentní handoff
tenant-security	Run npm test	2026-09-17T21:15:11.6795354Z   ---
tenant-security	Run npm test	2026-09-17T21:15:11.6795817Z   duration_ms: 0.290415
tenant-security	Run npm test	2026-09-17T21:15:11.6796326Z   type: 'test'
tenant-security	Run npm test	2026-09-17T21:15:11.6796776Z   ...
tenant-security	Run npm test	2026-09-17T21:15:11.6797748Z # Subtest: Error handling: Každý krok zachovává výsledky předchozích kroků
tenant-security	Run npm test	2026-09-17T21:15:11.6799054Z ok 47 - Error handling: Každý krok zachovává výsledky předchozích kroků
tenant-security	Run npm test	2026-09-17T21:15:11.6800621Z   ---
tenant-security	Run npm test	2026-09-17T21:15:11.6801173Z   duration_ms: 1.09403
tenant-security	Run npm test	2026-09-17T21:15:11.6801734Z   type: 'test'
tenant-security	Run npm test	2026-09-17T21:15:11.6802211Z   ...
tenant-security	Run npm test	2026-09-17T21:15:11.6803396Z # Subtest: Audit: Orchestrační run je logován do CrmAuditLog
tenant-security	Run npm test	2026-09-17T21:15:11.6804592Z ok 48 - Audit: Orchestrační run je logován do CrmAuditLog
tenant-security	Run npm test	2026-09-17T21:15:11.6805367Z   ---
tenant-security	Run npm test	2026-09-17T21:15:11.6805920Z   duration_ms: 2.55006
tenant-security	Run npm test	2026-09-17T21:15:11.6806436Z   type: 'test'
tenant-security	Run npm test	2026-09-17T21:15:11.6806906Z   ...
tenant-security	Run npm test	2026-09-17T21:15:11.6807754Z # Subtest: Audit: Offer events obsahují orchestration metadata
tenant-security	Run npm test	2026-09-17T21:15:11.6808837Z ok 49 - Audit: Offer events obsahují orchestration metadata
tenant-security	Run npm test	2026-09-17T21:15:11.6809535Z   ---
tenant-security	Run npm test	2026-09-17T21:15:11.6809986Z   duration_ms: 0.268484
tenant-security	Run npm test	2026-09-17T21:15:11.6810478Z   type: 'test'
tenant-security	Run npm test	2026-09-17T21:15:11.6810919Z   ...
tenant-security	Run npm test	2026-09-17T21:15:11.6811987Z # Subtest: Human Control: Orchestrátor nikdy automaticky neodešle nabídku
tenant-security	Run npm test	2026-09-17T21:15:11.6813634Z ok 50 - Human Control: Orchestrátor nikdy automaticky neodešle nabídku
tenant-security	Run npm test	2026-09-17T21:15:11.6814346Z   ---
tenant-security	Run npm test	2026-09-17T21:15:11.6814679Z   duration_ms: 0.384781
tenant-security	Run npm test	2026-09-17T21:15:11.6814982Z   type: 'test'
tenant-security	Run npm test	2026-09-17T21:15:11.6815188Z   ...
tenant-security	Run npm test	2026-09-17T21:15:11.6815624Z # Subtest: Human Control: Orchestrátor nikdy automaticky nefakturuje
tenant-security	Run npm test	2026-09-17T21:15:11.6816214Z ok 51 - Human Control: Orchestrátor nikdy automaticky nefakturuje
tenant-security	Run npm test	2026-09-17T21:15:11.6816569Z   ---
tenant-security	Run npm test	2026-09-17T21:15:11.6816761Z   duration_ms: 0.339025
tenant-security	Run npm test	2026-09-17T21:15:11.6816982Z   type: 'test'
tenant-security	Run npm test	2026-09-17T21:15:11.6817178Z   ...
tenant-security	Run npm test	2026-09-17T21:15:11.6817777Z # Subtest: Scénář A: Odeslaná nabídka bez reakce po limitu dnů → FOLLOW_UP_DUE
tenant-security	Run npm test	2026-09-17T21:15:11.6818638Z ok 52 - Scénář A: Odeslaná nabídka bez reakce po limitu dnů → FOLLOW_UP_DUE
tenant-security	Run npm test	2026-09-17T21:15:11.6819138Z   ---
tenant-security	Run npm test	2026-09-17T21:15:11.6819452Z   duration_ms: 1.966025
tenant-security	Run npm test	2026-09-17T21:15:11.6819835Z   type: 'test'
tenant-security	Run npm test	2026-09-17T21:15:11.6820154Z   ...
tenant-security	Run npm test	2026-09-17T21:15:11.6820795Z # Subtest: Scénář B: Klient nedávno odpověděl → Nehlásit falešný follow-up
tenant-security	Run npm test	2026-09-17T21:15:11.6821562Z ok 53 - Scénář B: Klient nedávno odpověděl → Nehlásit falešný follow-up
tenant-security	Run npm test	2026-09-17T21:15:11.6822011Z   ---
tenant-security	Run npm test	2026-09-17T21:15:11.6835953Z   duration_ms: 0.353954
tenant-security	Run npm test	2026-09-17T21:15:11.6836380Z   type: 'test'
tenant-security	Run npm test	2026-09-17T21:15:11.6836716Z   ...
tenant-security	Run npm test	2026-09-17T21:15:11.6837665Z # Subtest: Scénář C: Končící kampaň v okně renewalWarningDays → RENEWAL_OPPORTUNITY
tenant-security	Run npm test	2026-09-17T21:15:11.6838914Z ok 54 - Scénář C: Končící kampaň v okně renewalWarningDays → RENEWAL_OPPORTUNITY
tenant-security	Run npm test	2026-09-17T21:15:11.6839623Z   ---
tenant-security	Run npm test	2026-09-17T21:15:11.6839949Z   duration_ms: 0.375304
tenant-security	Run npm test	2026-09-17T21:15:11.6840325Z   type: 'test'
tenant-security	Run npm test	2026-09-17T21:15:11.6840654Z   ...
tenant-security	Run npm test	2026-09-17T21:15:11.6841622Z # Subtest: Scénář D: Radar zachytil příležitost pro existujícího klienta → UPSELL_OPPORTUNITY
tenant-security	Run npm test	2026-09-17T21:15:11.6858979Z ok 55 - Scénář D: Radar zachytil příležitost pro existujícího klienta → UPSELL_OPPORTUNITY
tenant-security	Run npm test	2026-09-17T21:15:11.6859776Z   ---
tenant-security	Run npm test	2026-09-17T21:15:11.6860243Z   duration_ms: 0.339847
tenant-security	Run npm test	2026-09-17T21:15:11.6860651Z   type: 'test'
tenant-security	Run npm test	2026-09-17T21:15:11.6860990Z   ...
tenant-security	Run npm test	2026-09-17T21:15:11.6861887Z # Subtest: Scénář E: Neúplná nebo čekající zpráva v AI Inboxu → bez halucinací
tenant-security	Run npm test	2026-09-17T21:15:11.6863275Z ok 56 - Scénář E: Neúplná nebo čekající zpráva v AI Inboxu → bez halucinací
tenant-security	Run npm test	2026-09-17T21:15:11.6863929Z   ---
tenant-security	Run npm test	2026-09-17T21:15:11.6864258Z   duration_ms: 0.362269
tenant-security	Run npm test	2026-09-17T21:15:11.6893250Z   type: 'test'
tenant-security	Run npm test	2026-09-17T21:15:11.6893617Z   ...
tenant-security	Run npm test	2026-09-17T21:15:11.6894757Z # Subtest: Scénář F: Koncept nabídky čekající na schválení obchodníkem → REVIEW_AND_SEND_OFFER
tenant-security	Run npm test	2026-09-17T21:15:11.6896292Z ok 57 - Scénář F: Koncept nabídky čekající na schválení obchodníkem → REVIEW_AND_SEND_OFFER
tenant-security	Run npm test	2026-09-17T21:15:11.6897091Z   ---
tenant-security	Run npm test	2026-09-17T21:15:11.6897463Z   duration_ms: 0.324098
tenant-security	Run npm test	2026-09-17T21:15:11.6897875Z   type: 'test'
tenant-security	Run npm test	2026-09-17T21:15:11.6898229Z   ...
tenant-security	Run npm test	2026-09-17T21:15:11.6899345Z # Subtest: Scénář G: Překážka realizace (reklamace / chybí materiál) → REALIZATION_RISK (CRITICAL)
tenant-security	Run npm test	2026-09-17T21:15:11.6901516Z ok 58 - Scénář G: Překážka realizace (reklamace / chybí materiál) → REALIZATION_RISK (CRITICAL)
tenant-security	Run npm test	2026-09-17T21:15:11.6902350Z   ---
tenant-security	Run npm test	2026-09-17T21:15:11.6917261Z   duration_ms: 0.439404
tenant-security	Run npm test	2026-09-17T21:15:11.6917827Z   type: 'test'
tenant-security	Run npm test	2026-09-17T21:15:11.6918201Z   ...
tenant-security	Run npm test	2026-09-17T21:15:11.6919261Z # Subtest: Scénář H: Realizace zakázky hotová bez vystavené faktury → READY_FOR_BILLING
tenant-security	Run npm test	2026-09-17T21:15:11.6920673Z ok 59 - Scénář H: Realizace zakázky hotová bez vystavené faktury → READY_FOR_BILLING
tenant-security	Run npm test	2026-09-17T21:15:11.6921425Z   ---
tenant-security	Run npm test	2026-09-17T21:15:11.6921780Z   duration_ms: 0.348453
tenant-security	Run npm test	2026-09-17T21:15:11.6922198Z   type: 'test'
tenant-security	Run npm test	2026-09-17T21:15:11.6922549Z   ...
tenant-security	Run npm test	2026-09-17T21:15:11.6923779Z # Subtest: Scénář I: Detekce duplicit v CRM → Pouze linkování, ŽÁDNÝ automatický merge
tenant-security	Run npm test	2026-09-17T21:15:11.6925237Z not ok 60 - Scénář I: Detekce duplicit v CRM → Pouze linkování, ŽÁDNÝ automatický merge
tenant-security	Run npm test	2026-09-17T21:15:11.6926024Z   ---
tenant-security	Run npm test	2026-09-17T21:15:11.6926382Z   duration_ms: 1.593807
tenant-security	Run npm test	2026-09-17T21:15:11.6926862Z   type: 'test'
tenant-security	Run npm test	2026-09-17T21:15:11.6927667Z   location: '/home/runner/work/seepoint/seepoint/tests/ai-crm-intelligence.test.ts:293:1'
tenant-security	Run npm test	2026-09-17T21:15:11.6928580Z   failureType: 'testCodeFailure'
tenant-security	Run npm test	2026-09-17T21:15:11.6929182Z   error: 'Must match duplicates by company'
tenant-security	Run npm test	2026-09-17T21:15:11.6929738Z   code: 'ERR_ASSERTION'
tenant-security	Run npm test	2026-09-17T21:15:11.6930166Z   name: 'AssertionError'
tenant-security	Run npm test	2026-09-17T21:15:11.6930593Z   expected: true
tenant-security	Run npm test	2026-09-17T21:15:11.6930991Z   actual: false
tenant-security	Run npm test	2026-09-17T21:15:11.6931368Z   operator: '=='
tenant-security	Run npm test	2026-09-17T21:15:11.6931746Z   stack: |-
tenant-security	Run npm test	2026-09-17T21:15:11.6936140Z     TestContext.<anonymous> (/home/runner/work/seepoint/seepoint/tests/ai-crm-intelligence.test.ts:298:10)
tenant-security	Run npm test	2026-09-17T21:15:11.6937362Z     Test.runInAsyncScope (node:async_hooks:214:14)
tenant-security	Run npm test	2026-09-17T21:15:11.6938120Z     Test.run (node:internal/test_runner/test:1047:25)
tenant-security	Run npm test	2026-09-17T21:15:11.6939023Z     Test.processPendingSubtests (node:internal/test_runner/test:744:18)
tenant-security	Run npm test	2026-09-17T21:15:11.6939927Z     Test.postRun (node:internal/test_runner/test:1173:19)
tenant-security	Run npm test	2026-09-17T21:15:11.6940696Z     Test.run (node:internal/test_runner/test:1101:12)
tenant-security	Run npm test	2026-09-17T21:15:11.6941623Z     async Test.processPendingSubtests (node:internal/test_runner/test:744:7)
tenant-security	Run npm test	2026-09-17T21:15:11.6942373Z   ...
tenant-security	Run npm test	2026-09-17T21:15:11.6943613Z # Subtest: Scénář J: Striktní izolace tenantů (organizationId) ve všech službách
tenant-security	Run npm test	2026-09-17T21:15:11.6944979Z ok 61 - Scénář J: Striktní izolace tenantů (organizationId) ve všech službách
tenant-security	Run npm test	2026-09-17T21:15:11.6945723Z   ---
tenant-security	Run npm test	2026-09-17T21:15:11.6946084Z   duration_ms: 1.04012
tenant-security	Run npm test	2026-09-17T21:15:11.6946502Z   type: 'test'
tenant-security	Run npm test	2026-09-17T21:15:11.6946860Z   ...
tenant-security	Run npm test	2026-09-17T21:15:11.6947670Z # Subtest: Scénář K: Kontrola oprávnění RBAC a přístup k modulu CRM
tenant-security	Run npm test	2026-09-17T21:15:11.6948764Z ok 62 - Scénář K: Kontrola oprávnění RBAC a přístup k modulu CRM
tenant-security	Run npm test	2026-09-17T21:15:11.6949408Z   ---
tenant-security	Run npm test	2026-09-17T21:15:11.6949770Z   duration_ms: 0.588563
tenant-security	Run npm test	2026-09-17T21:15:11.6950181Z   type: 'test'
tenant-security	Run npm test	2026-09-17T21:15:11.6950547Z   ...
tenant-security	Run npm test	2026-09-17T21:15:11.6951565Z # Subtest: Scénář L: Výpadek LLM API → 100% deterministický fallback s fakty v češtině
tenant-security	Run npm test	2026-09-17T21:15:11.6953353Z ok 63 - Scénář L: Výpadek LLM API → 100% deterministický fallback s fakty v češtině
tenant-security	Run npm test	2026-09-17T21:15:11.6954128Z   ---
tenant-security	Run npm test	2026-09-17T21:15:11.6954496Z   duration_ms: 24.662231
tenant-security	Run npm test	2026-09-17T21:15:11.6954919Z   type: 'test'
tenant-security	Run npm test	2026-09-17T21:15:11.6955275Z   ...
tenant-security	Run npm test	2026-09-17T21:15:11.6956286Z # Subtest: Scénář M: Výpočet prioritního skóre a vysvětlitelný rozpad (Explainable AI)
tenant-security	Run npm test	2026-09-17T21:15:11.6957689Z ok 64 - Scénář M: Výpočet prioritního skóre a vysvětlitelný rozpad (Explainable AI)
tenant-security	Run npm test	2026-09-17T21:15:11.6958449Z   ---
tenant-security	Run npm test	2026-09-17T21:15:11.6958818Z   duration_ms: 0.281738
tenant-security	Run npm test	2026-09-17T21:15:11.6959226Z   type: 'test'
tenant-security	Run npm test	2026-09-17T21:15:11.6959578Z   ...
tenant-security	Run npm test	2026-09-17T21:15:11.6960486Z # Subtest: Scénář N: Ochrana před zahlcením alerty (Deduplikace a cap limit)
tenant-security	Run npm test	2026-09-17T21:15:11.6961716Z ok 65 - Scénář N: Ochrana před zahlcením alerty (Deduplikace a cap limit)
tenant-security	Run npm test	2026-09-17T21:15:11.6962404Z   ---
tenant-security	Run npm test	2026-09-17T21:15:11.6963536Z   duration_ms: 0.440947
tenant-security	Run npm test	2026-09-17T21:15:11.6963963Z   type: 'test'
tenant-security	Run npm test	2026-09-17T21:15:11.6964320Z   ...
tenant-security	Run npm test	2026-09-17T21:15:11.6965532Z # Subtest: buildProposedActions generates CREATE_CLIENT, CREATE_NAVIGATION_ORDER, CREATE_TASK for new inquiry without client
tenant-security	Run npm test	2026-09-17T21:15:11.6967263Z ok 66 - buildProposedActions generates CREATE_CLIENT, CREATE_NAVIGATION_ORDER, CREATE_TASK for new inquiry without client
tenant-security	Run npm test	2026-09-17T21:15:11.6968114Z   ---
tenant-security	Run npm test	2026-09-17T21:15:11.6968411Z   duration_ms: 1.302141
tenant-security	Run npm test	2026-09-17T21:15:11.6968765Z   type: 'test'
tenant-security	Run npm test	2026-09-17T21:15:11.6969065Z   ...
tenant-security	Run npm test	2026-09-17T21:15:11.6969748Z # Subtest: buildProposedActions generates LINK_CLIENT when client already exists
tenant-security	Run npm test	2026-09-17T21:15:11.6970791Z ok 67 - buildProposedActions generates LINK_CLIENT when client already exists
tenant-security	Run npm test	2026-09-17T21:15:11.6971435Z   ---
tenant-security	Run npm test	2026-09-17T21:15:11.6971759Z   duration_ms: 0.227927
tenant-security	Run npm test	2026-09-17T21:15:11.6972130Z   type: 'test'
tenant-security	Run npm test	2026-09-17T21:15:11.6972438Z   ...
tenant-security	Run npm test	2026-09-17T21:15:11.6973567Z # Subtest: buildProposedActions generates ACCEPT_OFFER for OFFER_ACCEPTED classification with matched offer
tenant-security	Run npm test	2026-09-17T21:15:11.6975054Z ok 68 - buildProposedActions generates ACCEPT_OFFER for OFFER_ACCEPTED classification with matched offer
tenant-security	Run npm test	2026-09-17T21:15:11.6975931Z   ---
tenant-security	Run npm test	2026-09-17T21:15:11.6976269Z   duration_ms: 0.197951
tenant-security	Run npm test	2026-09-17T21:15:11.6976669Z   type: 'test'
tenant-security	Run npm test	2026-09-17T21:15:11.6977009Z   ...
tenant-security	Run npm test	2026-09-17T21:15:11.6977837Z # Subtest: buildProposedActions generates CHANGE_NAVIGATION_STATUS on GRAPHIC_APPROVAL
tenant-security	Run npm test	2026-09-17T21:15:11.6979195Z ok 69 - buildProposedActions generates CHANGE_NAVIGATION_STATUS on GRAPHIC_APPROVAL
tenant-security	Run npm test	2026-09-17T21:15:11.6979985Z   ---
tenant-security	Run npm test	2026-09-17T21:15:11.6980329Z   duration_ms: 0.185388
tenant-security	Run npm test	2026-09-17T21:15:11.6980721Z   type: 'test'
tenant-security	Run npm test	2026-09-17T21:15:11.6981061Z   ...
tenant-security	Run npm test	2026-09-17T21:15:11.6981935Z # Subtest: human-in-the-loop: actions in schema default to PROPOSED and requiresReview is true
tenant-security	Run npm test	2026-09-17T21:15:11.6983658Z ok 70 - human-in-the-loop: actions in schema default to PROPOSED and requiresReview is true
tenant-security	Run npm test	2026-09-17T21:15:11.6984487Z   ---
tenant-security	Run npm test	2026-09-17T21:15:11.6984828Z   duration_ms: 2.221755
tenant-security	Run npm test	2026-09-17T21:15:11.6985229Z   type: 'test'
tenant-security	Run npm test	2026-09-17T21:15:11.6985558Z   ...
tenant-security	Run npm test	2026-09-17T21:15:11.6986458Z # Subtest: safe action executor enforces tenant isolation, idempotence and valid state transitions
tenant-security	Run npm test	2026-09-17T21:15:11.6987845Z ok 71 - safe action executor enforces tenant isolation, idempotence and valid state transitions
tenant-security	Run npm test	2026-09-17T21:15:11.6988642Z   ---
tenant-security	Run npm test	2026-09-17T21:15:11.6988980Z   duration_ms: 0.38386
tenant-security	Run npm test	2026-09-17T21:15:11.6989366Z   type: 'test'
tenant-security	Run npm test	2026-09-17T21:15:11.6989709Z   ...
tenant-security	Run npm test	2026-09-17T21:15:11.6990536Z # Subtest: buildProposedActions generates LINK_CRM_ORDER when crmOrderId is matched
tenant-security	Run npm test	2026-09-17T21:15:11.6991761Z ok 72 - buildProposedActions generates LINK_CRM_ORDER when crmOrderId is matched
tenant-security	Run npm test	2026-09-17T21:15:11.6992478Z   ---
tenant-security	Run npm test	2026-09-17T21:15:11.6993231Z   duration_ms: 0.20237
tenant-security	Run npm test	2026-09-17T21:15:11.6993643Z   type: 'test'
tenant-security	Run npm test	2026-09-17T21:15:11.6993973Z   ...
tenant-security	Run npm test	2026-09-17T21:15:11.8229346Z # Subtest: AI Inbox schema includes AiInboxMessage, AiInboxAttachment, AiInboxAction models
tenant-security	Run npm test	2026-09-17T21:15:11.8306631Z ok 73 - AI Inbox schema includes AiInboxMessage, AiInboxAttachment, AiInboxAction models
tenant-security	Run npm test	2026-09-17T21:15:11.8325545Z   ---
tenant-security	Run npm test	2026-09-17T21:15:11.8366260Z   duration_ms: 2.122158
tenant-security	Run npm test	2026-09-17T21:15:11.8403967Z   type: 'test'
tenant-security	Run npm test	2026-09-17T21:15:11.8405134Z   ...
tenant-security	Run npm test	2026-09-17T21:15:11.8434642Z # Subtest: tenant layer registers AI Inbox models for strict tenant isolation
tenant-security	Run npm test	2026-09-17T21:15:11.8440370Z ok 74 - tenant layer registers AI Inbox models for strict tenant isolation
tenant-security	Run npm test	2026-09-17T21:15:11.8441683Z   ---
tenant-security	Run npm test	2026-09-17T21:15:11.8442409Z   duration_ms: 0.321523
tenant-security	Run npm test	2026-09-17T21:15:11.8443126Z   type: 'test'
tenant-security	Run npm test	2026-09-17T21:15:11.8444065Z   ...
tenant-security	Run npm test	2026-09-17T21:15:11.8445486Z # Subtest: extractTextAndHtml extracts plain text, html and attachments from MIME tree
tenant-security	Run npm test	2026-09-17T21:15:11.8447474Z ok 75 - extractTextAndHtml extracts plain text, html and attachments from MIME tree
tenant-security	Run npm test	2026-09-17T21:15:11.8448713Z   ---
tenant-security	Run npm test	2026-09-17T21:15:11.8450062Z   duration_ms: 0.610705
tenant-security	Run npm test	2026-09-17T21:15:11.8450800Z   type: 'test'
tenant-security	Run npm test	2026-09-17T21:15:11.8478278Z   ...
tenant-security	Run npm test	2026-09-17T21:15:11.8479265Z # Subtest: validateAndSanitizeAnalysis validates valid AI JSON output
tenant-security	Run npm test	2026-09-17T21:15:11.8480517Z ok 76 - validateAndSanitizeAnalysis validates valid AI JSON output
tenant-security	Run npm test	2026-09-17T21:15:11.8481357Z   ---
tenant-security	Run npm test	2026-09-17T21:15:11.8481870Z   duration_ms: 0.825468
tenant-security	Run npm test	2026-09-17T21:15:11.8482437Z   type: 'test'
tenant-security	Run npm test	2026-09-17T21:15:11.8483555Z   ...
tenant-security	Run npm test	2026-09-17T21:15:11.8485008Z # Subtest: validateAndSanitizeAnalysis safely sanitizes unknown classification and clamps confidence
tenant-security	Run npm test	2026-09-17T21:15:11.8486966Z ok 77 - validateAndSanitizeAnalysis safely sanitizes unknown classification and clamps confidence
tenant-security	Run npm test	2026-09-17T21:15:11.8488279Z   ---
tenant-security	Run npm test	2026-09-17T21:15:11.8489025Z   duration_ms: 0.235241
tenant-security	Run npm test	2026-09-17T21:15:11.8489751Z   type: 'test'
tenant-security	Run npm test	2026-09-17T21:15:11.8490348Z   ...
tenant-security	Run npm test	2026-09-17T21:15:11.8491214Z # Subtest: AI Inbox service defines idempotent ingestion contract
tenant-security	Run npm test	2026-09-17T21:15:11.8497623Z ok 78 - AI Inbox service defines idempotent ingestion contract
tenant-security	Run npm test	2026-09-17T21:15:11.8498502Z   ---
tenant-security	Run npm test	2026-09-17T21:15:11.8499102Z   duration_ms: 0.410709
tenant-security	Run npm test	2026-09-17T21:15:11.8500070Z   type: 'test'
tenant-security	Run npm test	2026-09-17T21:15:11.8500680Z   ...
tenant-security	Run npm test	2026-09-17T21:15:11.9361984Z # Subtest: extractDomain correctly parses email domains
tenant-security	Run npm test	2026-09-17T21:15:11.9363568Z ok 79 - extractDomain correctly parses email domains
tenant-security	Run npm test	2026-09-17T21:15:11.9417219Z   ---
tenant-security	Run npm test	2026-09-17T21:15:11.9480639Z   duration_ms: 1.327718
tenant-security	Run npm test	2026-09-17T21:15:11.9503185Z   type: 'test'
tenant-security	Run npm test	2026-09-17T21:15:11.9533074Z   ...
tenant-security	Run npm test	2026-09-17T21:15:11.9563821Z # Subtest: isFreemailDomain distinguishes generic public email providers from corporate domains
tenant-security	Run npm test	2026-09-17T21:15:11.9572389Z ok 80 - isFreemailDomain distinguishes generic public email providers from corporate domains
tenant-security	Run npm test	2026-09-17T21:15:11.9608100Z   ---
tenant-security	Run npm test	2026-09-17T21:15:11.9609205Z   duration_ms: 0.436838
tenant-security	Run npm test	2026-09-17T21:15:11.9618713Z   type: 'test'
tenant-security	Run npm test	2026-09-17T21:15:11.9619507Z   ...
tenant-security	Run npm test	2026-09-17T21:15:11.9620750Z # Subtest: ORDER_NUMBER_REGEX matches ZAK-YYYY-XXXX order codes in email subjects and bodies
tenant-security	Run npm test	2026-09-17T21:15:11.9623071Z ok 81 - ORDER_NUMBER_REGEX matches ZAK-YYYY-XXXX order codes in email subjects and bodies
tenant-security	Run npm test	2026-09-17T21:15:11.9624144Z   ---
tenant-security	Run npm test	2026-09-17T21:15:11.9624709Z   duration_ms: 0.480501
tenant-security	Run npm test	2026-09-17T21:15:11.9625521Z   type: 'test'
tenant-security	Run npm test	2026-09-17T21:15:11.9626224Z   ...
tenant-security	Run npm test	2026-09-17T21:15:11.9627328Z # Subtest: NAV_NUMBER_REGEX matches NAV-YYYY-XXXX navigation order codes
tenant-security	Run npm test	2026-09-17T21:15:11.9628834Z ok 82 - NAV_NUMBER_REGEX matches NAV-YYYY-XXXX navigation order codes
tenant-security	Run npm test	2026-09-17T21:15:11.9629882Z   ---
tenant-security	Run npm test	2026-09-17T21:15:11.9630611Z   duration_ms: 0.36824
tenant-security	Run npm test	2026-09-17T21:15:11.9631423Z   type: 'test'
tenant-security	Run npm test	2026-09-17T21:15:11.9632169Z   ...
tenant-security	Run npm test	2026-09-17T21:15:11.9633794Z # Subtest: PROPOSAL_TOKEN_REGEX extracts public offer link token
tenant-security	Run npm test	2026-09-17T21:15:11.9635433Z ok 83 - PROPOSAL_TOKEN_REGEX extracts public offer link token
tenant-security	Run npm test	2026-09-17T21:15:11.9636641Z   ---
tenant-security	Run npm test	2026-09-17T21:15:11.9637544Z   duration_ms: 0.35746
tenant-security	Run npm test	2026-09-17T21:15:11.9638560Z   type: 'test'
tenant-security	Run npm test	2026-09-17T21:15:11.9639541Z   ...
tenant-security	Run npm test	2026-09-17T21:15:11.9640742Z # Subtest: client matcher cascade implements priority tiers in client-matcher.ts
tenant-security	Run npm test	2026-09-17T21:15:11.9642352Z ok 84 - client matcher cascade implements priority tiers in client-matcher.ts
tenant-security	Run npm test	2026-09-17T21:15:11.9643789Z   ---
tenant-security	Run npm test	2026-09-17T21:15:11.9644328Z   duration_ms: 0.423314
tenant-security	Run npm test	2026-09-17T21:15:11.9644931Z   type: 'test'
tenant-security	Run npm test	2026-09-17T21:15:11.9645500Z   ...
tenant-security	Run npm test	2026-09-17T21:15:11.9646511Z # Subtest: ORDER_NUMBER_REGEX and NAV_NUMBER_REGEX match flexible Czech order formats
tenant-security	Run npm test	2026-09-17T21:15:11.9647973Z ok 85 - ORDER_NUMBER_REGEX and NAV_NUMBER_REGEX match flexible Czech order formats
tenant-security	Run npm test	2026-09-17T21:15:11.9648991Z   ---
tenant-security	Run npm test	2026-09-17T21:15:11.9649588Z   duration_ms: 0.46441
tenant-security	Run npm test	2026-09-17T21:15:11.9650200Z   type: 'test'
tenant-security	Run npm test	2026-09-17T21:15:11.9650798Z   ...
tenant-security	Run npm test	2026-09-17T21:15:11.9652236Z # Subtest: entity-matcher implements client active orders and client PO code matching
tenant-security	Run npm test	2026-09-17T21:15:11.9717776Z ok 86 - entity-matcher implements client active orders and client PO code matching
tenant-security	Run npm test	2026-09-17T21:15:11.9720246Z   ---
tenant-security	Run npm test	2026-09-17T21:15:11.9721701Z   duration_ms: 0.413836
tenant-security	Run npm test	2026-09-17T21:15:11.9722419Z   type: 'test'
tenant-security	Run npm test	2026-09-17T21:15:11.9723593Z   ...
tenant-security	Run npm test	2026-09-17T21:15:12.1194338Z # Subtest: AI inbox models have tenant isolation in prisma schema and tenant layer
tenant-security	Run npm test	2026-09-17T21:15:12.1214369Z ok 87 - AI inbox models have tenant isolation in prisma schema and tenant layer
tenant-security	Run npm test	2026-09-17T21:15:12.1243321Z   ---
tenant-security	Run npm test	2026-09-17T21:15:12.1273591Z   duration_ms: 2.722053
tenant-security	Run npm test	2026-09-17T21:15:12.1274680Z   type: 'test'
tenant-security	Run npm test	2026-09-17T21:15:12.1303585Z   ...
tenant-security	Run npm test	2026-09-17T21:15:12.1330074Z # Subtest: buildAnalysisPrompt provides prompt injection isolation with untrusted boundary tags
tenant-security	Run npm test	2026-09-17T21:15:12.1333156Z ok 88 - buildAnalysisPrompt provides prompt injection isolation with untrusted boundary tags
tenant-security	Run npm test	2026-09-17T21:15:12.1334607Z   ---
tenant-security	Run npm test	2026-09-17T21:15:12.1335118Z   duration_ms: 0.621906
tenant-security	Run npm test	2026-09-17T21:15:12.1335913Z   type: 'test'
tenant-security	Run npm test	2026-09-17T21:15:12.1336421Z   ...
tenant-security	Run npm test	2026-09-17T21:15:12.1337669Z # Subtest: RBAC permits ADMIN, MANAGER, SALES to access aiInbox and denies WORKER, TECHNICIAN, VIEWER
tenant-security	Run npm test	2026-09-17T21:15:12.1364869Z ok 89 - RBAC permits ADMIN, MANAGER, SALES to access aiInbox and denies WORKER, TECHNICIAN, VIEWER
tenant-security	Run npm test	2026-09-17T21:15:12.1486869Z   ---
tenant-security	Run npm test	2026-09-17T21:15:12.1514581Z   duration_ms: 0.350016
tenant-security	Run npm test	2026-09-17T21:15:12.1515242Z   type: 'test'
tenant-security	Run npm test	2026-09-17T21:15:12.1515628Z   ...
tenant-security	Run npm test	2026-09-17T21:15:12.1516291Z # Subtest: AI Inbox API routes enforce organizationId scoping and authentication
tenant-security	Run npm test	2026-09-17T21:15:12.1516983Z ok 90 - AI Inbox API routes enforce organizationId scoping and authentication
tenant-security	Run npm test	2026-09-17T21:15:12.1517421Z   ---
tenant-security	Run npm test	2026-09-17T21:15:12.1517627Z   duration_ms: 0.610795
tenant-security	Run npm test	2026-09-17T21:15:12.1517855Z   type: 'test'
tenant-security	Run npm test	2026-09-17T21:15:12.1518052Z   ...
tenant-security	Run npm test	2026-09-17T21:15:12.4621107Z # Subtest: isBotOrSystemEmail accurately identifies automated bot and system emails
tenant-security	Run npm test	2026-09-17T21:15:12.4631861Z ok 91 - isBotOrSystemEmail accurately identifies automated bot and system emails
tenant-security	Run npm test	2026-09-17T21:15:12.4633209Z   ---
tenant-security	Run npm test	2026-09-17T21:15:12.4633785Z   duration_ms: 1.108448
tenant-security	Run npm test	2026-09-17T21:15:12.4634479Z   type: 'test'
tenant-security	Run npm test	2026-09-17T21:15:12.4635030Z   ...
tenant-security	Run npm test	2026-09-17T21:15:12.4636066Z # Subtest: buildProposedActions returns empty array for SPAM_IRRELEVANT messages
tenant-security	Run npm test	2026-09-17T21:15:12.4637748Z ok 92 - buildProposedActions returns empty array for SPAM_IRRELEVANT messages
tenant-security	Run npm test	2026-09-17T21:15:12.4638783Z   ---
tenant-security	Run npm test	2026-09-17T21:15:12.4639315Z   duration_ms: 0.396173
tenant-security	Run npm test	2026-09-17T21:15:12.4639918Z   type: 'test'
tenant-security	Run npm test	2026-09-17T21:15:12.4640466Z   ...
tenant-security	Run npm test	2026-09-17T21:15:12.4656190Z # Subtest: buildProposedActions returns empty array for spam even when client candidate is passed
tenant-security	Run npm test	2026-09-17T21:15:12.4657998Z ok 93 - buildProposedActions returns empty array for spam even when client candidate is passed
tenant-security	Run npm test	2026-09-17T21:15:12.4659240Z   ---
tenant-security	Run npm test	2026-09-17T21:15:12.4659861Z   duration_ms: 0.157064
tenant-security	Run npm test	2026-09-17T21:15:12.4660516Z   type: 'test'
tenant-security	Run npm test	2026-09-17T21:15:12.4661115Z   ...
tenant-security	Run npm test	2026-09-17T21:15:12.5794209Z # Subtest: AI Mailbox Integration & Commercial Engine Foundation
tenant-security	Run npm test	2026-09-17T21:15:12.5824173Z     # Subtest: Scenario A: Clear inquiry produces EXACT dates, valid quantity, READY_FOR_AVAILABILITY status
tenant-security	Run npm test	2026-09-17T21:15:12.5826024Z     ok 1 - Scenario A: Clear inquiry produces EXACT dates, valid quantity, READY_FOR_AVAILABILITY status
tenant-security	Run npm test	2026-09-17T21:15:12.5855348Z       ---
tenant-security	Run npm test	2026-09-17T21:15:12.5883430Z       duration_ms: 2.578664
tenant-security	Run npm test	2026-09-17T21:15:12.5913453Z       type: 'test'
tenant-security	Run npm test	2026-09-17T21:15:12.5920909Z       ...
tenant-security	Run npm test	2026-09-17T21:15:12.5934501Z     # Subtest: Scenario B: Vague timing sets APPROXIMATE, missing EXACT_CAMPAIGN_DATES, NEEDS_MORE_INFORMATION
tenant-security	Run npm test	2026-09-17T21:15:12.5936406Z     ok 2 - Scenario B: Vague timing sets APPROXIMATE, missing EXACT_CAMPAIGN_DATES, NEEDS_MORE_INFORMATION
tenant-security	Run npm test	2026-09-17T21:15:12.5937657Z       ---
tenant-security	Run npm test	2026-09-17T21:15:12.5938212Z       duration_ms: 0.344125
tenant-security	Run npm test	2026-09-17T21:15:12.5938826Z       type: 'test'
tenant-security	Run npm test	2026-09-17T21:15:12.5939376Z       ...
tenant-security	Run npm test	2026-09-17T21:15:12.5940428Z     # Subtest: Scenario C: Missing quantity keeps quantity null and enforces EXACT_QUANTITY requirement
tenant-security	Run npm test	2026-09-17T21:15:12.5942590Z     ok 3 - Scenario C: Missing quantity keeps quantity null and enforces EXACT_QUANTITY requirement
tenant-security	Run npm test	2026-09-17T21:15:12.5943893Z       ---
tenant-security	Run npm test	2026-09-17T21:15:12.5944451Z       duration_ms: 0.232065
tenant-security	Run npm test	2026-09-17T21:15:12.5945094Z       type: 'test'
tenant-security	Run npm test	2026-09-17T21:15:12.5945648Z       ...
tenant-security	Run npm test	2026-09-17T21:15:12.5946682Z     # Subtest: Scenario D: Existing client in CRM is correctly matched and linked in CommercialRequest
tenant-security	Run npm test	2026-09-17T21:15:12.5948270Z     ok 4 - Scenario D: Existing client in CRM is correctly matched and linked in CommercialRequest
tenant-security	Run npm test	2026-09-17T21:15:12.5949322Z       ---
tenant-security	Run npm test	2026-09-17T21:15:12.5949865Z       duration_ms: 0.217368
tenant-security	Run npm test	2026-09-17T21:15:12.5950490Z       type: 'test'
tenant-security	Run npm test	2026-09-17T21:15:12.5951332Z       ...
tenant-security	Run npm test	2026-09-17T21:15:12.5952454Z     # Subtest: Scenario E: Unknown client does not trigger false positive matching to random CRM entities
tenant-security	Run npm test	2026-09-17T21:15:12.5954301Z     ok 5 - Scenario E: Unknown client does not trigger false positive matching to random CRM entities
tenant-security	Run npm test	2026-09-17T21:15:12.5955311Z       ---
tenant-security	Run npm test	2026-09-17T21:15:12.5955876Z       duration_ms: 0.251351
tenant-security	Run npm test	2026-09-17T21:15:12.5956477Z       type: 'test'
tenant-security	Run npm test	2026-09-17T21:15:12.5956949Z       ...
tenant-security	Run npm test	2026-09-17T21:15:12.5957722Z     # Subtest: Scenario F: providerMessageId check prevents duplicate inbox records
tenant-security	Run npm test	2026-09-17T21:15:12.5959049Z     ok 6 - Scenario F: providerMessageId check prevents duplicate inbox records
tenant-security	Run npm test	2026-09-17T21:15:12.5959952Z       ---
tenant-security	Run npm test	2026-09-17T21:15:12.5960540Z       duration_ms: 0.215825
tenant-security	Run npm test	2026-09-17T21:15:12.5961197Z       type: 'test'
tenant-security	Run npm test	2026-09-17T21:15:12.5961750Z       ...
tenant-security	Run npm test	2026-09-17T21:15:12.5963279Z     # Subtest: Scenario G: Thread context is properly injected into analysis prompt for ongoing discussions
tenant-security	Run npm test	2026-09-17T21:15:12.5965386Z     ok 7 - Scenario G: Thread context is properly injected into analysis prompt for ongoing discussions
tenant-security	Run npm test	2026-09-17T21:15:12.5966776Z       ---
tenant-security	Run npm test	2026-09-17T21:15:12.5967410Z       duration_ms: 0.376225
tenant-security	Run npm test	2026-09-17T21:15:12.5968170Z       type: 'test'
tenant-security	Run npm test	2026-09-17T21:15:12.5968744Z       ...
tenant-security	Run npm test	2026-09-17T21:15:12.5969733Z     # Subtest: Scenario H: Malformed or failing AI output degrades safely to UNKNOWN without crashing
tenant-security	Run npm test	2026-09-17T21:15:12.5971223Z     ok 8 - Scenario H: Malformed or failing AI output degrades safely to UNKNOWN without crashing
tenant-security	Run npm test	2026-09-17T21:15:12.5972351Z       ---
tenant-security	Run npm test	2026-09-17T21:15:12.5973343Z       duration_ms: 0.532879
tenant-security	Run npm test	2026-09-17T21:15:12.5973979Z       type: 'test'
tenant-security	Run npm test	2026-09-17T21:15:12.5974583Z       ...
tenant-security	Run npm test	2026-09-17T21:15:12.5975699Z     # Subtest: Scenario I: Tenant isolation guarantees Tenant A client is never matched or leaked to Tenant B
tenant-security	Run npm test	2026-09-17T21:15:12.5977634Z     ok 9 - Scenario I: Tenant isolation guarantees Tenant A client is never matched or leaked to Tenant B
tenant-security	Run npm test	2026-09-17T21:15:12.5979074Z       ---
tenant-security	Run npm test	2026-09-17T21:15:12.5979668Z       duration_ms: 0.382638
tenant-security	Run npm test	2026-09-17T21:15:12.5980305Z       type: 'test'
tenant-security	Run npm test	2026-09-17T21:15:12.5980874Z       ...
tenant-security	Run npm test	2026-09-17T21:15:12.5981385Z     1..9
tenant-security	Run npm test	2026-09-17T21:15:12.5982199Z ok 94 - AI Mailbox Integration & Commercial Engine Foundation
tenant-security	Run npm test	2026-09-17T21:15:12.5983240Z   ---
tenant-security	Run npm test	2026-09-17T21:15:12.5983768Z   duration_ms: 6.675584
tenant-security	Run npm test	2026-09-17T21:15:12.5984387Z   type: 'suite'
tenant-security	Run npm test	2026-09-17T21:15:12.5984935Z   ...
tenant-security	Run npm test	2026-09-17T21:15:12.7079065Z # Subtest: no application logic refers to deprecated gemini-2.5-flash
tenant-security	Run npm test	2026-09-17T21:15:12.7106005Z ok 95 - no application logic refers to deprecated gemini-2.5-flash
tenant-security	Run npm test	2026-09-17T21:15:12.7133584Z   ---
tenant-security	Run npm test	2026-09-17T21:15:12.7144239Z   duration_ms: 2.132608
tenant-security	Run npm test	2026-09-17T21:15:12.7144956Z   type: 'test'
tenant-security	Run npm test	2026-09-17T21:15:12.7147768Z   ...
tenant-security	Run npm test	2026-09-17T21:15:13.1134184Z # Subtest: AI Offer Intelligence / Offer Builder (AI Commercial Engine)
tenant-security	Run npm test	2026-09-17T21:15:13.1163969Z     # Subtest: Scenario A: Complete request produces a valid DRAFT with exact matches and no conflicts
tenant-security	Run npm test	2026-09-17T21:15:13.1200317Z     ok 1 - Scenario A: Complete request produces a valid DRAFT with exact matches and no conflicts
tenant-security	Run npm test	2026-09-17T21:15:13.1223302Z       ---
tenant-security	Run npm test	2026-09-17T21:15:13.1253479Z       duration_ms: 1.045279
tenant-security	Run npm test	2026-09-17T21:15:13.1254024Z       type: 'test'
tenant-security	Run npm test	2026-09-17T21:15:13.1283370Z       ...
tenant-security	Run npm test	2026-09-17T21:15:13.1314293Z     # Subtest: Scenario B: Partial availability correctly tags alternatives and informs human reviewer
tenant-security	Run npm test	2026-09-17T21:15:13.1329760Z     ok 2 - Scenario B: Partial availability correctly tags alternatives and informs human reviewer
tenant-security	Run npm test	2026-09-17T21:15:13.1343113Z       ---
tenant-security	Run npm test	2026-09-17T21:15:13.1353986Z       duration_ms: 0.236875
tenant-security	Run npm test	2026-09-17T21:15:13.1354675Z       type: 'test'
tenant-security	Run npm test	2026-09-17T21:15:13.1355230Z       ...
tenant-security	Run npm test	2026-09-17T21:15:13.1356206Z     # Subtest: Scenario C: Zero availability prevents draft creation and recommends Next Best Action
tenant-security	Run npm test	2026-09-17T21:15:13.1357644Z     ok 3 - Scenario C: Zero availability prevents draft creation and recommends Next Best Action
tenant-security	Run npm test	2026-09-17T21:15:13.1358623Z       ---
tenant-security	Run npm test	2026-09-17T21:15:13.1359130Z       duration_ms: 2.018914
tenant-security	Run npm test	2026-09-17T21:15:13.1359695Z       type: 'test'
tenant-security	Run npm test	2026-09-17T21:15:13.1360184Z       ...
tenant-security	Run npm test	2026-09-17T21:15:13.1361307Z     # Subtest: Scenario D: Request with approximate or missing dates refuses draft creation and requests clarification
tenant-security	Run npm test	2026-09-17T21:15:13.1363244Z     ok 4 - Scenario D: Request with approximate or missing dates refuses draft creation and requests clarification
tenant-security	Run npm test	2026-09-17T21:15:13.1403258Z       ---
tenant-security	Run npm test	2026-09-17T21:15:13.1426283Z       duration_ms: 0.246122
tenant-security	Run npm test	2026-09-17T21:15:13.1454078Z       type: 'test'
tenant-security	Run npm test	2026-09-17T21:15:13.1483230Z       ...
tenant-security	Run npm test	2026-09-17T21:15:13.1513754Z     # Subtest: Scenario E: Inclusive OOH period overlap correctly blocks touching collision dates
tenant-security	Run npm test	2026-09-17T21:15:13.1515393Z     ok 5 - Scenario E: Inclusive OOH period overlap correctly blocks touching collision dates
tenant-security	Run npm test	2026-09-17T21:15:13.1527649Z       ---
tenant-security	Run npm test	2026-09-17T21:15:13.1528258Z       duration_ms: 0.436158
tenant-security	Run npm test	2026-09-17T21:15:13.1537266Z       type: 'test'
tenant-security	Run npm test	2026-09-17T21:15:13.1538412Z       ...
tenant-security	Run npm test	2026-09-17T21:15:13.1546773Z     # Subtest: Scenario F: validateOfferBeforeSend function is exported and guards offer sending
tenant-security	Run npm test	2026-09-17T21:15:13.1548621Z     ok 6 - Scenario F: validateOfferBeforeSend function is exported and guards offer sending
tenant-security	Run npm test	2026-09-17T21:15:13.1549911Z       ---
tenant-security	Run npm test	2026-09-17T21:15:13.1550586Z       duration_ms: 0.536566
tenant-security	Run npm test	2026-09-17T21:15:13.1617571Z       type: 'test'
tenant-security	Run npm test	2026-09-17T21:15:13.1621824Z       ...
tenant-security	Run npm test	2026-09-17T21:15:13.1623123Z     # Subtest: Scenario G: convertOfferToOccupancy enforces Serializable transaction and FOR UPDATE surface locks
tenant-security	Run npm test	2026-09-17T21:15:13.1649686Z     ok 7 - Scenario G: convertOfferToOccupancy enforces Serializable transaction and FOR UPDATE surface locks
tenant-security	Run npm test	2026-09-17T21:15:13.1688966Z       ---
tenant-security	Run npm test	2026-09-17T21:15:13.1713201Z       duration_ms: 0.562525
tenant-security	Run npm test	2026-09-17T21:15:13.1723210Z       type: 'test'
tenant-security	Run npm test	2026-09-17T21:15:13.1748787Z       ...
tenant-security	Run npm test	2026-09-17T21:15:13.1780521Z     # Subtest: Scenario H: Offer adapter and builder contain no invented price fallbacks or automatic discounts
tenant-security	Run npm test	2026-09-17T21:15:13.1795009Z     ok 8 - Scenario H: Offer adapter and builder contain no invented price fallbacks or automatic discounts
tenant-security	Run npm test	2026-09-17T21:15:13.1831788Z       ---
tenant-security	Run npm test	2026-09-17T21:15:13.1853274Z       duration_ms: 0.531065
tenant-security	Run npm test	2026-09-17T21:15:13.1879273Z       type: 'test'
tenant-security	Run npm test	2026-09-17T21:15:13.1905448Z       ...
tenant-security	Run npm test	2026-09-17T21:15:13.1933439Z     # Subtest: Scenario I: Tenant mismatch throws security violation error
tenant-security	Run npm test	2026-09-17T21:15:13.1952032Z     ok 9 - Scenario I: Tenant mismatch throws security violation error
tenant-security	Run npm test	2026-09-17T21:15:13.1955332Z       ---
tenant-security	Run npm test	2026-09-17T21:15:13.2000040Z       duration_ms: 0.694311
tenant-security	Run npm test	2026-09-17T21:15:13.2000657Z       type: 'test'
tenant-security	Run npm test	2026-09-17T21:15:13.2001124Z       ...
tenant-security	Run npm test	2026-09-17T21:15:13.2002230Z     # Subtest: Scenario J: Builder contains deterministic structured Czech fallback copy when LLM fails
tenant-security	Run npm test	2026-09-17T21:15:13.2004100Z     ok 10 - Scenario J: Builder contains deterministic structured Czech fallback copy when LLM fails
tenant-security	Run npm test	2026-09-17T21:15:13.2005097Z       ---
tenant-security	Run npm test	2026-09-17T21:15:13.2005568Z       duration_ms: 0.91754
tenant-security	Run npm test	2026-09-17T21:15:13.2006397Z       type: 'test'
tenant-security	Run npm test	2026-09-17T21:15:13.2007262Z       ...
tenant-security	Run npm test	2026-09-17T21:15:13.2008314Z     # Subtest: Scenario K: Builder logs AI_COMMERCIAL_DRAFT_CREATED with source references
tenant-security	Run npm test	2026-09-17T21:15:13.2009510Z     ok 11 - Scenario K: Builder logs AI_COMMERCIAL_DRAFT_CREATED with source references
tenant-security	Run npm test	2026-09-17T21:15:13.2010383Z       ---
tenant-security	Run npm test	2026-09-17T21:15:13.2010861Z       duration_ms: 0.499586
tenant-security	Run npm test	2026-09-17T21:15:13.2011412Z       type: 'test'
tenant-security	Run npm test	2026-09-17T21:15:13.2011896Z       ...
tenant-security	Run npm test	2026-09-17T21:15:13.2013066Z     # Subtest: Scenario L: Adapter delegates cleanly to builder preserving interface compatibility
tenant-security	Run npm test	2026-09-17T21:15:13.2014487Z     ok 12 - Scenario L: Adapter delegates cleanly to builder preserving interface compatibility
tenant-security	Run npm test	2026-09-17T21:15:13.2015384Z       ---
tenant-security	Run npm test	2026-09-17T21:15:13.2015866Z       duration_ms: 0.246061
tenant-security	Run npm test	2026-09-17T21:15:13.2016464Z       type: 'test'
tenant-security	Run npm test	2026-09-17T21:15:13.2016997Z       ...
tenant-security	Run npm test	2026-09-17T21:15:13.2017558Z     1..12
tenant-security	Run npm test	2026-09-17T21:15:13.2018426Z ok 96 - AI Offer Intelligence / Offer Builder (AI Commercial Engine)
tenant-security	Run npm test	2026-09-17T21:15:13.2019324Z   ---
tenant-security	Run npm test	2026-09-17T21:15:13.2019876Z   duration_ms: 9.556525
tenant-security	Run npm test	2026-09-17T21:15:13.2020490Z   type: 'suite'
tenant-security	Run npm test	2026-09-17T21:15:13.2021054Z   ...
tenant-security	Run npm test	2026-09-17T21:15:13.2033891Z # Subtest: navigation intent is never interpreted as standard media
tenant-security	Run npm test	2026-09-17T21:15:13.2043732Z ok 97 - navigation intent is never interpreted as standard media
tenant-security	Run npm test	2026-09-17T21:15:13.2083225Z   ---
tenant-security	Run npm test	2026-09-17T21:15:13.2093394Z   duration_ms: 1.784906
tenant-security	Run npm test	2026-09-17T21:15:13.2096339Z   type: 'test'
tenant-security	Run npm test	2026-09-17T21:15:13.2096939Z   ...
tenant-security	Run npm test	2026-09-17T21:15:13.2097768Z # Subtest: standard media intent and media details are extracted
tenant-security	Run npm test	2026-09-17T21:15:13.2098820Z ok 98 - standard media intent and media details are extracted
tenant-security	Run npm test	2026-09-17T21:15:13.2099600Z   ---
tenant-security	Run npm test	2026-09-17T21:15:13.2100119Z   duration_ms: 0.871173
tenant-security	Run npm test	2026-09-17T21:15:13.2100681Z   type: 'test'
tenant-security	Run npm test	2026-09-17T21:15:13.2101222Z   ...
tenant-security	Run npm test	2026-09-17T21:15:13.2101968Z # Subtest: reserved and occupied overlaps block a surface
tenant-security	Run npm test	2026-09-17T21:15:13.2103236Z ok 99 - reserved and occupied overlaps block a surface
tenant-security	Run npm test	2026-09-17T21:15:13.2104047Z   ---
tenant-security	Run npm test	2026-09-17T21:15:13.2104547Z   duration_ms: 0.509716
tenant-security	Run npm test	2026-09-17T21:15:13.2105106Z   type: 'test'
tenant-security	Run npm test	2026-09-17T21:15:13.2105629Z   ...
tenant-security	Run npm test	2026-09-17T21:15:13.2106663Z # Subtest: availability is evaluated per advertising surface (A can be blocked while B is free)
tenant-security	Run npm test	2026-09-17T21:15:13.2108175Z ok 100 - availability is evaluated per advertising surface (A can be blocked while B is free)
tenant-security	Run npm test	2026-09-17T21:15:13.2109230Z   ---
tenant-security	Run npm test	2026-09-17T21:15:13.2109761Z   duration_ms: 0.432461
tenant-security	Run npm test	2026-09-17T21:15:13.2110358Z   type: 'test'
tenant-security	Run npm test	2026-09-17T21:15:13.2110872Z   ...
tenant-security	Run npm test	2026-09-17T21:15:13.2111511Z # Subtest: surface scoring is transparent
tenant-security	Run npm test	2026-09-17T21:15:13.2112305Z ok 101 - surface scoring is transparent
tenant-security	Run npm test	2026-09-17T21:15:13.2113256Z   ---
tenant-security	Run npm test	2026-09-17T21:15:13.2113847Z   duration_ms: 0.559398
tenant-security	Run npm test	2026-09-17T21:15:13.2116329Z   type: 'test'
tenant-security	Run npm test	2026-09-17T21:15:13.2116879Z   ...
tenant-security	Run npm test	2026-09-17T21:15:13.2117865Z # Subtest: AI endpoint contains no invented price fallback or automatic budget discount
tenant-security	Run npm test	2026-09-17T21:15:13.2119319Z ok 102 - AI endpoint contains no invented price fallback or automatic budget discount
tenant-security	Run npm test	2026-09-17T21:15:13.2120245Z   ---
tenant-security	Run npm test	2026-09-17T21:15:13.2120760Z   duration_ms: 0.703558
tenant-security	Run npm test	2026-09-17T21:15:13.2121335Z   type: 'test'
tenant-security	Run npm test	2026-09-17T21:15:13.2121849Z   ...
tenant-security	Run npm test	2026-09-17T21:15:13.2148801Z # Subtest: pricing segment and historical price snapshot fields exist in schema
tenant-security	Run npm test	2026-09-17T21:15:13.2149554Z ok 103 - pricing segment and historical price snapshot fields exist in schema
tenant-security	Run npm test	2026-09-17T21:15:13.2149961Z   ---
tenant-security	Run npm test	2026-09-17T21:15:13.2150165Z   duration_ms: 1.375137
tenant-security	Run npm test	2026-09-17T21:15:13.2150407Z   type: 'test'
tenant-security	Run npm test	2026-09-17T21:15:13.2150604Z   ...
tenant-security	Run npm test	2026-09-17T21:15:13.2151010Z # Subtest: navigation catalog migration contains the supplied Ostrava prices
tenant-security	Run npm test	2026-09-17T21:15:13.2151612Z ok 104 - navigation catalog migration contains the supplied Ostrava prices
tenant-security	Run npm test	2026-09-17T21:15:13.2151990Z   ---
tenant-security	Run npm test	2026-09-17T21:15:13.2152185Z   duration_ms: 0.54925
tenant-security	Run npm test	2026-09-17T21:15:13.2152409Z   type: 'test'
tenant-security	Run npm test	2026-09-17T21:15:13.2153343Z   ...
tenant-security	Run npm test	2026-09-17T21:15:13.2154294Z # Subtest: navigation confirmation records missing prices as an explicit draft state
tenant-security	Run npm test	2026-09-17T21:15:13.2154977Z ok 105 - navigation confirmation records missing prices as an explicit draft state
tenant-security	Run npm test	2026-09-17T21:15:13.2155391Z   ---
tenant-security	Run npm test	2026-09-17T21:15:13.2155587Z   duration_ms: 0.759103
tenant-security	Run npm test	2026-09-17T21:15:13.2155813Z   type: 'test'
tenant-security	Run npm test	2026-09-17T21:15:13.2156013Z   ...
tenant-security	Run npm test	2026-09-17T21:15:13.2156343Z # Subtest: navigation target can be geocoded from an address
tenant-security	Run npm test	2026-09-17T21:15:13.2156811Z ok 106 - navigation target can be geocoded from an address
tenant-security	Run npm test	2026-09-17T21:15:13.2157127Z   ---
tenant-security	Run npm test	2026-09-17T21:15:13.2157320Z   duration_ms: 0.888015
tenant-security	Run npm test	2026-09-17T21:15:13.2157541Z   type: 'test'
tenant-security	Run npm test	2026-09-17T21:15:13.2157733Z   ...
tenant-security	Run npm test	2026-09-17T21:15:13.2158185Z # Subtest: browser route analysis replaces radial placeholders with real decision points
tenant-security	Run npm test	2026-09-17T21:15:13.2158864Z ok 107 - browser route analysis replaces radial placeholders with real decision points
tenant-security	Run npm test	2026-09-17T21:15:13.2159271Z   ---
tenant-security	Run npm test	2026-09-17T21:15:13.2159478Z   duration_ms: 0.792606
tenant-security	Run npm test	2026-09-17T21:15:13.2159693Z   type: 'test'
tenant-security	Run npm test	2026-09-17T21:15:13.2159879Z   ...
tenant-security	Run npm test	2026-09-17T21:15:13.2160277Z # Subtest: confirmed navigation keeps the route points selected in the browser
tenant-security	Run npm test	2026-09-17T21:15:13.2160877Z ok 108 - confirmed navigation keeps the route points selected in the browser
tenant-security	Run npm test	2026-09-17T21:15:13.2161250Z   ---
tenant-security	Run npm test	2026-09-17T21:15:13.2161442Z   duration_ms: 0.463098
tenant-security	Run npm test	2026-09-17T21:15:13.2161651Z   type: 'test'
tenant-security	Run npm test	2026-09-17T21:15:13.2161833Z   ...
tenant-security	Run npm test	2026-09-17T21:15:13.2162215Z # Subtest: AI navigation points are new proposals requiring a real pole photo
tenant-security	Run npm test	2026-09-17T21:15:13.2163060Z ok 109 - AI navigation points are new proposals requiring a real pole photo
tenant-security	Run npm test	2026-09-17T21:15:13.2163444Z   ---
tenant-security	Run npm test	2026-09-17T21:15:13.2163634Z   duration_ms: 0.506399
tenant-security	Run npm test	2026-09-17T21:15:13.2163858Z   type: 'test'
tenant-security	Run npm test	2026-09-17T21:15:13.2164047Z   ...
tenant-security	Run npm test	2026-09-17T21:15:13.3521757Z # Subtest: AI Realization Intelligence (AI Commercial Engine Phase)
tenant-security	Run npm test	2026-09-17T21:15:13.3534696Z     # Subtest: Scenario A: Accepted offer handoff produces a valid RealizationContext structure
tenant-security	Run npm test	2026-09-17T21:15:13.3536508Z     ok 1 - Scenario A: Accepted offer handoff produces a valid RealizationContext structure
tenant-security	Run npm test	2026-09-17T21:15:13.3537673Z       ---
tenant-security	Run npm test	2026-09-17T21:15:13.3538327Z       duration_ms: 1.630766
tenant-security	Run npm test	2026-09-17T21:15:13.3539091Z       type: 'test'
tenant-security	Run npm test	2026-09-17T21:15:13.3539723Z       ...
tenant-security	Run npm test	2026-09-17T21:15:13.3540919Z     # Subtest: Scenario B: Missing graphics artwork creates BLOCKING blocker and recommends REQUEST_GRAPHICS
tenant-security	Run npm test	2026-09-17T21:15:13.3548639Z     ok 2 - Scenario B: Missing graphics artwork creates BLOCKING blocker and recommends REQUEST_GRAPHICS
tenant-security	Run npm test	2026-09-17T21:15:13.3549856Z       ---
tenant-security	Run npm test	2026-09-17T21:15:13.3550431Z       duration_ms: 1.697512
tenant-security	Run npm test	2026-09-17T21:15:13.3551083Z       type: 'test'
tenant-security	Run npm test	2026-09-17T21:15:13.3551661Z       ...
tenant-security	Run npm test	2026-09-17T21:15:13.3553123Z     # Subtest: Scenario C: Graphics artwork uploaded but not approved blocks production and recommends APPROVE_GRAPHICS
tenant-security	Run npm test	2026-09-17T21:15:13.3554879Z     ok 3 - Scenario C: Graphics artwork uploaded but not approved blocks production and recommends APPROVE_GRAPHICS
tenant-security	Run npm test	2026-09-17T21:15:13.3556146Z       ---
tenant-security	Run npm test	2026-09-17T21:15:13.3557115Z       duration_ms: 1.093691
tenant-security	Run npm test	2026-09-17T21:15:13.3557788Z       type: 'test'
tenant-security	Run npm test	2026-09-17T21:15:13.3558654Z       ...
tenant-security	Run npm test	2026-09-17T21:15:13.3559615Z     # Subtest: Scenario D: Installation cannot proceed while production is incomplete
tenant-security	Run npm test	2026-09-17T21:15:13.3560879Z     ok 4 - Scenario D: Installation cannot proceed while production is incomplete
tenant-security	Run npm test	2026-09-17T21:15:13.3561819Z       ---
tenant-security	Run npm test	2026-09-17T21:15:13.3562387Z       duration_ms: 0.332774
tenant-security	Run npm test	2026-09-17T21:15:13.3563231Z       type: 'test'
tenant-security	Run npm test	2026-09-17T21:15:13.3563802Z       ...
tenant-security	Run npm test	2026-09-17T21:15:13.3564974Z     # Subtest: Scenario E: Approaching campaign start date with pending lead times dynamically evaluates HIGH risk
tenant-security	Run npm test	2026-09-17T21:15:13.3566811Z     ok 5 - Scenario E: Approaching campaign start date with pending lead times dynamically evaluates HIGH risk
tenant-security	Run npm test	2026-09-17T21:15:13.3568035Z       ---
tenant-security	Run npm test	2026-09-17T21:15:13.3569314Z       duration_ms: 0.239017
tenant-security	Run npm test	2026-09-17T21:15:13.3570058Z       type: 'test'
tenant-security	Run npm test	2026-09-17T21:15:13.3570721Z       ...
tenant-security	Run npm test	2026-09-17T21:15:13.3571865Z     # Subtest: Scenario F: Installed surfaces lacking photo documentation blocks billing readiness
tenant-security	Run npm test	2026-09-17T21:15:13.3573766Z     ok 6 - Scenario F: Installed surfaces lacking photo documentation blocks billing readiness
tenant-security	Run npm test	2026-09-17T21:15:13.3574902Z       ---
tenant-security	Run npm test	2026-09-17T21:15:13.3575535Z       duration_ms: 0.291146
tenant-security	Run npm test	2026-09-17T21:15:13.3576234Z       type: 'test'
tenant-security	Run npm test	2026-09-17T21:15:13.3576869Z       ...
tenant-security	Run npm test	2026-09-17T21:15:13.3578102Z     # Subtest: Scenario G: All items installed, verified photos present, and no blockers produces READY_FOR_BILLING
tenant-security	Run npm test	2026-09-17T21:15:13.3624016Z     ok 7 - Scenario G: All items installed, verified photos present, and no blockers produces READY_FOR_BILLING
tenant-security	Run npm test	2026-09-17T21:15:13.3625337Z       ---
tenant-security	Run npm test	2026-09-17T21:15:13.3626120Z       duration_ms: 0.360066
tenant-security	Run npm test	2026-09-17T21:15:13.3626733Z       type: 'test'
tenant-security	Run npm test	2026-09-17T21:15:13.3627348Z       ...
tenant-security	Run npm test	2026-09-17T21:15:13.3628581Z     # Subtest: Scenario H: Defect or OUT_OF_SERVICE carrier creates SURFACE_TECHNICAL_ISSUE blocker and does not auto-delete
tenant-security	Run npm test	2026-09-17T21:15:13.3630432Z     ok 8 - Scenario H: Defect or OUT_OF_SERVICE carrier creates SURFACE_TECHNICAL_ISSUE blocker and does not auto-delete
tenant-security	Run npm test	2026-09-17T21:15:13.3631577Z       ---
tenant-security	Run npm test	2026-09-17T21:15:13.3632096Z       duration_ms: 0.406913
tenant-security	Run npm test	2026-09-17T21:15:13.3632983Z       type: 'test'
tenant-security	Run npm test	2026-09-17T21:15:13.3633547Z       ...
tenant-security	Run npm test	2026-09-17T21:15:13.3634433Z     # Subtest: Scenario I: Tenant isolation enforces strict organization barrier
tenant-security	Run npm test	2026-09-17T21:15:13.3645172Z     ok 9 - Scenario I: Tenant isolation enforces strict organization barrier
tenant-security	Run npm test	2026-09-17T21:15:13.3661148Z       ---
tenant-security	Run npm test	2026-09-17T21:15:13.3661813Z       duration_ms: 0.519093
tenant-security	Run npm test	2026-09-17T21:15:13.3662458Z       type: 'test'
tenant-security	Run npm test	2026-09-17T21:15:13.3663348Z       ...
tenant-security	Run npm test	2026-09-17T21:15:13.3664506Z     # Subtest: Scenario J: Realization insights and summary function 100% deterministically without Gemini API
tenant-security	Run npm test	2026-09-17T21:15:13.3666320Z     ok 10 - Scenario J: Realization insights and summary function 100% deterministically without Gemini API
tenant-security	Run npm test	2026-09-17T21:15:13.3667486Z       ---
tenant-security	Run npm test	2026-09-17T21:15:13.3668067Z       duration_ms: 1.17377
tenant-security	Run npm test	2026-09-17T21:15:13.3668714Z       type: 'test'
tenant-security	Run npm test	2026-09-17T21:15:13.3669315Z       ...
tenant-security	Run npm test	2026-09-17T21:15:13.3670365Z     # Subtest: Scenario K: Deterministic insights compile from blockers with exact entityId and orderId
tenant-security	Run npm test	2026-09-17T21:15:13.3671940Z     ok 11 - Scenario K: Deterministic insights compile from blockers with exact entityId and orderId
tenant-security	Run npm test	2026-09-17T21:15:13.3673251Z       ---
tenant-security	Run npm test	2026-09-17T21:15:13.3673835Z       duration_ms: 0.317125
tenant-security	Run npm test	2026-09-17T21:15:13.3674449Z       type: 'test'
tenant-security	Run npm test	2026-09-17T21:15:13.3675002Z       ...
tenant-security	Run npm test	2026-09-17T21:15:13.3676150Z     # Subtest: Scenario L: Navigation points adapter correctly preserves installed status, defects and photos
tenant-security	Run npm test	2026-09-17T21:15:13.3677811Z     ok 12 - Scenario L: Navigation points adapter correctly preserves installed status, defects and photos
tenant-security	Run npm test	2026-09-17T21:15:13.3678954Z       ---
tenant-security	Run npm test	2026-09-17T21:15:13.3679493Z       duration_ms: 0.620103
tenant-security	Run npm test	2026-09-17T21:15:13.3680107Z       type: 'test'
tenant-security	Run npm test	2026-09-17T21:15:13.3680703Z       ...
tenant-security	Run npm test	2026-09-17T21:15:13.3681777Z     # Subtest: Scenario M: Repeating realization handoff check for existing offer is completely idempotent
tenant-security	Run npm test	2026-09-17T21:15:13.3683689Z     ok 13 - Scenario M: Repeating realization handoff check for existing offer is completely idempotent
tenant-security	Run npm test	2026-09-17T21:15:13.3684796Z       ---
tenant-security	Run npm test	2026-09-17T21:15:13.3685342Z       duration_ms: 0.147978
tenant-security	Run npm test	2026-09-17T21:15:13.3686283Z       type: 'test'
tenant-security	Run npm test	2026-09-17T21:15:13.3686847Z       ...
tenant-security	Run npm test	2026-09-17T21:15:13.3688264Z     # Subtest: Scenario N: Historical carrier photo from past campaign does NOT qualify as realization documentation
tenant-security	Run npm test	2026-09-17T21:15:13.3690527Z     ok 14 - Scenario N: Historical carrier photo from past campaign does NOT qualify as realization documentation
tenant-security	Run npm test	2026-09-17T21:15:13.3691884Z       ---
tenant-security	Run npm test	2026-09-17T21:15:13.3693496Z       duration_ms: 0.616145
tenant-security	Run npm test	2026-09-17T21:15:13.3694532Z       type: 'test'
tenant-security	Run npm test	2026-09-17T21:15:13.3695507Z       ...
tenant-security	Run npm test	2026-09-17T21:15:13.3697093Z     # Subtest: Scenario O: NavigationOrder not yet in PRIPRAVENO_K_FAKTURACI blocks billing readiness even if photos exist
tenant-security	Run npm test	2026-09-17T21:15:13.3699505Z     ok 15 - Scenario O: NavigationOrder not yet in PRIPRAVENO_K_FAKTURACI blocks billing readiness even if photos exist
tenant-security	Run npm test	2026-09-17T21:15:13.3701321Z       ---
tenant-security	Run npm test	2026-09-17T21:15:13.3702044Z       duration_ms: 0.357179
tenant-security	Run npm test	2026-09-17T21:15:13.3703055Z       type: 'test'
tenant-security	Run npm test	2026-09-17T21:15:13.3704220Z       ...
tenant-security	Run npm test	2026-09-17T21:15:13.3705159Z     1..15
tenant-security	Run npm test	2026-09-17T21:15:13.3706415Z ok 110 - AI Realization Intelligence (AI Commercial Engine Phase)
tenant-security	Run npm test	2026-09-17T21:15:13.3707689Z   ---
tenant-security	Run npm test	2026-09-17T21:15:13.3708273Z   duration_ms: 11.888907
tenant-security	Run npm test	2026-09-17T21:15:13.3709154Z   type: 'suite'
tenant-security	Run npm test	2026-09-17T21:15:13.3710063Z   ...
tenant-security	Run npm test	2026-09-17T21:15:13.7670260Z # Subtest: AI Sales Radar Integration & Commercial Engine Foundation
tenant-security	Run npm test	2026-09-17T21:15:13.7694044Z     # Subtest: Scenario A: New prospect discovery produces NEW_ACQUISITION, null quantity, and missingRequirements
tenant-security	Run npm test	2026-09-17T21:15:13.7714029Z     ok 1 - Scenario A: New prospect discovery produces NEW_ACQUISITION, null quantity, and missingRequirements
tenant-security	Run npm test	2026-09-17T21:15:13.7727374Z       ---
tenant-security	Run npm test	2026-09-17T21:15:13.7753946Z       duration_ms: 3.244802
tenant-security	Run npm test	2026-09-17T21:15:13.7798162Z       type: 'test'
tenant-security	Run npm test	2026-09-17T21:15:13.7798925Z       ...
tenant-security	Run npm test	2026-09-17T21:15:13.7800534Z     # Subtest: Scenario B: Existing client in CRM is classified as EXPANSION with linked clientId
tenant-security	Run npm test	2026-09-17T21:15:13.7802544Z     ok 2 - Scenario B: Existing client in CRM is classified as EXPANSION with linked clientId
tenant-security	Run npm test	2026-09-17T21:15:13.7824408Z       ---
tenant-security	Run npm test	2026-09-17T21:15:13.7826223Z       duration_ms: 1.170645
tenant-security	Run npm test	2026-09-17T21:15:13.7859468Z       type: 'test'
tenant-security	Run npm test	2026-09-17T21:15:13.7881037Z       ...
tenant-security	Run npm test	2026-09-17T21:15:13.7882392Z     # Subtest: Scenario C: Freshness decay penalizes signals older than 1 year or past events
tenant-security	Run npm test	2026-09-17T21:15:13.7884352Z     ok 3 - Scenario C: Freshness decay penalizes signals older than 1 year or past events
tenant-security	Run npm test	2026-09-17T21:15:13.7885675Z       ---
tenant-security	Run npm test	2026-09-17T21:15:13.7886428Z       duration_ms: 0.464641
tenant-security	Run npm test	2026-09-17T21:15:13.7887267Z       type: 'test'
tenant-security	Run npm test	2026-09-17T21:15:13.7888044Z       ...
tenant-security	Run npm test	2026-09-17T21:15:13.7889273Z     # Subtest: Scenario D: Scoring returns transparent 5-component breakdown bounded to 100
tenant-security	Run npm test	2026-09-17T21:15:13.7891380Z     ok 4 - Scenario D: Scoring returns transparent 5-component breakdown bounded to 100
tenant-security	Run npm test	2026-09-17T21:15:13.7892994Z       ---
tenant-security	Run npm test	2026-09-17T21:15:13.7893853Z       duration_ms: 0.452498
tenant-security	Run npm test	2026-09-17T21:15:13.7895006Z       type: 'test'
tenant-security	Run npm test	2026-09-17T21:15:13.7895742Z       ...
tenant-security	Run npm test	2026-09-17T21:15:13.7897334Z     # Subtest: Scenario E: Strict multi-tenant isolation across opportunities and commercial requests
tenant-security	Run npm test	2026-09-17T21:15:13.7899181Z     ok 5 - Scenario E: Strict multi-tenant isolation across opportunities and commercial requests
tenant-security	Run npm test	2026-09-17T21:15:13.7901286Z       ---
tenant-security	Run npm test	2026-09-17T21:15:13.7902303Z       duration_ms: 0.572483
tenant-security	Run npm test	2026-09-17T21:15:13.7903627Z       type: 'test'
tenant-security	Run npm test	2026-09-17T21:15:13.7904336Z       ...
tenant-security	Run npm test	2026-09-17T21:15:13.7906067Z     # Subtest: Scenario F: Policy validation enforces sanitization, bounds and prevents past dates
tenant-security	Run npm test	2026-09-17T21:15:13.7908060Z     ok 6 - Scenario F: Policy validation enforces sanitization, bounds and prevents past dates
tenant-security	Run npm test	2026-09-17T21:15:13.7909736Z       ---
tenant-security	Run npm test	2026-09-17T21:15:13.7910455Z       duration_ms: 2.196478
tenant-security	Run npm test	2026-09-17T21:15:13.7911602Z       type: 'test'
tenant-security	Run npm test	2026-09-17T21:15:13.7912567Z       ...
tenant-security	Run npm test	2026-09-17T21:15:13.7914433Z     # Subtest: Scenario G: Opportunity filters reject unbounded pagination and invalid ranges
tenant-security	Run npm test	2026-09-17T21:15:13.7916563Z     ok 7 - Scenario G: Opportunity filters reject unbounded pagination and invalid ranges
tenant-security	Run npm test	2026-09-17T21:15:13.7918305Z       ---
tenant-security	Run npm test	2026-09-17T21:15:13.7919223Z       duration_ms: 0.815008
tenant-security	Run npm test	2026-09-17T21:15:13.7920195Z       type: 'test'
tenant-security	Run npm test	2026-09-17T21:15:13.7920781Z       ...
tenant-security	Run npm test	2026-09-17T21:15:13.7921967Z     # Subtest: Scenario H: Opportunity state machine requires dismissal reason when DISMISSED
tenant-security	Run npm test	2026-09-17T21:15:13.7924357Z     ok 8 - Scenario H: Opportunity state machine requires dismissal reason when DISMISSED
tenant-security	Run npm test	2026-09-17T21:15:13.7925717Z       ---
tenant-security	Run npm test	2026-09-17T21:15:13.7926427Z       duration_ms: 0.46429
tenant-security	Run npm test	2026-09-17T21:15:13.7927143Z       type: 'test'
tenant-security	Run npm test	2026-09-17T21:15:13.7927731Z       ...
tenant-security	Run npm test	2026-09-17T21:15:13.7928769Z     # Subtest: Scenario I: Commercial Next Best Action guides salesperson without unapproved automation
tenant-security	Run npm test	2026-09-17T21:15:13.7930722Z     ok 9 - Scenario I: Commercial Next Best Action guides salesperson without unapproved automation
tenant-security	Run npm test	2026-09-17T21:15:13.7931965Z       ---
tenant-security	Run npm test	2026-09-17T21:15:13.7932620Z       duration_ms: 0.771887
tenant-security	Run npm test	2026-09-17T21:15:13.7933536Z       type: 'test'
tenant-security	Run npm test	2026-09-17T21:15:13.7934114Z       ...
tenant-security	Run npm test	2026-09-17T21:15:13.7934628Z     1..9
tenant-security	Run npm test	2026-09-17T21:15:13.7935481Z ok 111 - AI Sales Radar Integration & Commercial Engine Foundation
tenant-security	Run npm test	2026-09-17T21:15:13.7936565Z   ---
tenant-security	Run npm test	2026-09-17T21:15:13.7937124Z   duration_ms: 12.735393
tenant-security	Run npm test	2026-09-17T21:15:13.7937751Z   type: 'suite'
tenant-security	Run npm test	2026-09-17T21:15:13.7938292Z   ...
tenant-security	Run npm test	2026-09-17T21:15:13.8580405Z # Subtest: active explicitly priced occupancy contributes known monthly rent
tenant-security	Run npm test	2026-09-17T21:15:13.8613921Z ok 112 - active explicitly priced occupancy contributes known monthly rent
tenant-security	Run npm test	2026-09-17T21:15:13.8615137Z   ---
tenant-security	Run npm test	2026-09-17T21:15:13.8643944Z   duration_ms: 2.415227
tenant-security	Run npm test	2026-09-17T21:15:13.8646283Z   type: 'test'
tenant-security	Run npm test	2026-09-17T21:15:13.8703471Z   ...
tenant-security	Run npm test	2026-09-17T21:15:13.8704603Z # Subtest: valid active contract price has priority over occupancy price
tenant-security	Run npm test	2026-09-17T21:15:13.8733829Z ok 113 - valid active contract price has priority over occupancy price
tenant-security	Run npm test	2026-09-17T21:15:13.8763348Z   ---
tenant-security	Run npm test	2026-09-17T21:15:13.8793419Z   duration_ms: 0.322816
tenant-security	Run npm test	2026-09-17T21:15:13.8794219Z   type: 'test'
tenant-security	Run npm test	2026-09-17T21:15:13.8813594Z   ...
tenant-security	Run npm test	2026-09-17T21:15:13.8814534Z # Subtest: expired or terminated contract never creates occupancy or revenue
tenant-security	Run npm test	2026-09-17T21:15:13.8815754Z ok 114 - expired or terminated contract never creates occupancy or revenue
tenant-security	Run npm test	2026-09-17T21:15:13.8816588Z   ---
tenant-security	Run npm test	2026-09-17T21:15:13.8817144Z   duration_ms: 0.294582
tenant-security	Run npm test	2026-09-17T21:15:13.8817674Z   type: 'test'
tenant-security	Run npm test	2026-09-17T21:15:13.8818196Z   ...
tenant-security	Run npm test	2026-09-17T21:15:13.8819396Z # Subtest: manual occupied state without explicit price remains visible but is not assigned an estimate
tenant-security	Run npm test	2026-09-17T21:15:13.8820992Z ok 115 - manual occupied state without explicit price remains visible but is not assigned an estimate
tenant-security	Run npm test	2026-09-17T21:15:13.8821947Z   ---
tenant-security	Run npm test	2026-09-17T21:15:13.8822393Z   duration_ms: 0.19725
tenant-security	Run npm test	2026-09-17T21:15:13.8823258Z   type: 'test'
tenant-security	Run npm test	2026-09-17T21:15:13.8823704Z   ...
tenant-security	Run npm test	2026-09-17T21:15:13.8824548Z # Subtest: analytics dates are formatted on the server to keep hydration deterministic
tenant-security	Run npm test	2026-09-17T21:15:13.8825774Z ok 116 - analytics dates are formatted on the server to keep hydration deterministic
tenant-security	Run npm test	2026-09-17T21:15:13.8826664Z   ---
tenant-security	Run npm test	2026-09-17T21:15:13.8827029Z   duration_ms: 0.67233
tenant-security	Run npm test	2026-09-17T21:15:13.8827451Z   type: 'test'
tenant-security	Run npm test	2026-09-17T21:15:13.8827848Z   ...
tenant-security	Run npm test	2026-09-17T21:15:13.8829007Z # Subtest: hlavní dashboard nepoužívá ceníkové ani smyšlené fallback sazby
tenant-security	Run npm test	2026-09-17T21:15:13.8830589Z ok 117 - hlavní dashboard nepoužívá ceníkové ani smyšlené fallback sazby
tenant-security	Run npm test	2026-09-17T21:15:13.8831367Z   ---
tenant-security	Run npm test	2026-09-17T21:15:13.8831772Z   duration_ms: 0.371046
tenant-security	Run npm test	2026-09-17T21:15:13.8832191Z   type: 'test'
tenant-security	Run npm test	2026-09-17T21:15:13.8832534Z   ...
tenant-security	Run npm test	2026-09-17T21:15:13.8847550Z # Subtest: Galerie venku vyžaduje modulové oprávnění a validuje stav i počet rámů
tenant-security	Run npm test	2026-09-17T21:15:13.8848883Z ok 118 - Galerie venku vyžaduje modulové oprávnění a validuje stav i počet rámů
tenant-security	Run npm test	2026-09-17T21:15:13.8849620Z   ---
tenant-security	Run npm test	2026-09-17T21:15:13.8849974Z   duration_ms: 1.801697
tenant-security	Run npm test	2026-09-17T21:15:13.8850379Z   type: 'test'
tenant-security	Run npm test	2026-09-17T21:15:13.8850715Z   ...
tenant-security	Run npm test	2026-09-17T21:15:13.8851549Z # Subtest: ceníkové API odmítá neplatné enumy, záporné ceny a chybné období
tenant-security	Run npm test	2026-09-17T21:15:13.8853169Z ok 119 - ceníkové API odmítá neplatné enumy, záporné ceny a chybné období
tenant-security	Run npm test	2026-09-17T21:15:13.8853841Z   ---
tenant-security	Run npm test	2026-09-17T21:15:13.8854769Z   duration_ms: 0.479138
tenant-security	Run npm test	2026-09-17T21:15:13.8855167Z   type: 'test'
tenant-security	Run npm test	2026-09-17T21:15:13.8855497Z   ...
tenant-security	Run npm test	2026-09-17T21:15:13.8856253Z # Subtest: obchodní radar nepředává neznámý stav do Prisma vrstvy
tenant-security	Run npm test	2026-09-17T21:15:13.8857263Z ok 120 - obchodní radar nepředává neznámý stav do Prisma vrstvy
tenant-security	Run npm test	2026-09-17T21:15:13.8857876Z   ---
tenant-security	Run npm test	2026-09-17T21:15:13.8858229Z   duration_ms: 0.380453
tenant-security	Run npm test	2026-09-17T21:15:13.8858619Z   type: 'test'
tenant-security	Run npm test	2026-09-17T21:15:13.8858961Z   ...
tenant-security	Run npm test	2026-09-17T21:15:13.8859791Z # Subtest: formulář navigační smlouvy nepoužívá náhodnou hodnotu během SSR
tenant-security	Run npm test	2026-09-17T21:15:13.8860938Z ok 121 - formulář navigační smlouvy nepoužívá náhodnou hodnotu během SSR
tenant-security	Run npm test	2026-09-17T21:15:13.8861586Z   ---
tenant-security	Run npm test	2026-09-17T21:15:13.8861912Z   duration_ms: 0.37326
tenant-security	Run npm test	2026-09-17T21:15:13.8862307Z   type: 'test'
tenant-security	Run npm test	2026-09-17T21:15:13.8862979Z   ...
tenant-security	Run npm test	2026-09-17T21:15:13.8863811Z # Subtest: Drive OAuth údaje samy o sobě nepovolují odesílání přes Gmail
tenant-security	Run npm test	2026-09-17T21:15:13.8864932Z ok 122 - Drive OAuth údaje samy o sobě nepovolují odesílání přes Gmail
tenant-security	Run npm test	2026-09-17T21:15:13.8865604Z   ---
tenant-security	Run npm test	2026-09-17T21:15:13.8865940Z   duration_ms: 0.413896
tenant-security	Run npm test	2026-09-17T21:15:13.8866326Z   type: 'test'
tenant-security	Run npm test	2026-09-17T21:15:13.8866676Z   ...
tenant-security	Run npm test	2026-09-17T21:15:13.8867695Z # Subtest: detail navigační objednávky hydratuje se serverovým datem a pevnými časovými pásmy
tenant-security	Run npm test	2026-09-17T21:15:13.8869143Z ok 123 - detail navigační objednávky hydratuje se serverovým datem a pevnými časovými pásmy
tenant-security	Run npm test	2026-09-17T21:15:13.8869912Z   ---
tenant-security	Run npm test	2026-09-17T21:15:13.8870246Z   duration_ms: 0.610655
tenant-security	Run npm test	2026-09-17T21:15:13.8870627Z   type: 'test'
tenant-security	Run npm test	2026-09-17T21:15:13.8870951Z   ...
tenant-security	Run npm test	2026-09-17T21:15:13.8871655Z # Subtest: standardní nabídka zachová klienta předaného z CRM
tenant-security	Run npm test	2026-09-17T21:15:13.8872616Z ok 124 - standardní nabídka zachová klienta předaného z CRM
tenant-security	Run npm test	2026-09-17T21:15:13.8873407Z   ---
tenant-security	Run npm test	2026-09-17T21:15:13.8873748Z   duration_ms: 1.628249
tenant-security	Run npm test	2026-09-17T21:15:13.8874128Z   type: 'test'
tenant-security	Run npm test	2026-09-17T21:15:13.8874465Z   ...
tenant-security	Run npm test	2026-09-17T21:15:13.8875434Z # Subtest: Preview reakce z rezervované .invalid domény nikdy nespustí e-mailový provider
tenant-security	Run npm test	2026-09-17T21:15:13.8876894Z ok 125 - Preview reakce z rezervované .invalid domény nikdy nespustí e-mailový provider
tenant-security	Run npm test	2026-09-17T21:15:13.8877656Z   ---
tenant-security	Run npm test	2026-09-17T21:15:13.8877980Z   duration_ms: 0.739356
tenant-security	Run npm test	2026-09-17T21:15:13.8878359Z   type: 'test'
tenant-security	Run npm test	2026-09-17T21:15:13.8878681Z   ...
tenant-security	Run npm test	2026-09-17T21:15:13.8879648Z # Subtest: tenantový AsyncLocalStorage zůstává singleton i v produkčním serverless bundlu
tenant-security	Run npm test	2026-09-17T21:15:13.8881049Z ok 126 - tenantový AsyncLocalStorage zůstává singleton i v produkčním serverless bundlu
tenant-security	Run npm test	2026-09-17T21:15:13.8881803Z   ---
tenant-security	Run npm test	2026-09-17T21:15:13.8882130Z   duration_ms: 0.575739
tenant-security	Run npm test	2026-09-17T21:15:13.8882504Z   type: 'test'
tenant-security	Run npm test	2026-09-17T21:15:13.8883041Z   ...
tenant-security	Run npm test	2026-09-17T21:15:13.8884341Z # Subtest: převod přijaté nabídky obnoví tenantový kontext z ověřeného uživatele
tenant-security	Run npm test	2026-09-17T21:15:13.8885741Z ok 127 - převod přijaté nabídky obnoví tenantový kontext z ověřeného uživatele
tenant-security	Run npm test	2026-09-17T21:15:13.8886495Z   ---
tenant-security	Run npm test	2026-09-17T21:15:13.8886890Z   duration_ms: 1.082409
tenant-security	Run npm test	2026-09-17T21:15:13.8887660Z   type: 'test'
tenant-security	Run npm test	2026-09-17T21:15:13.8888052Z   ...
tenant-security	Run npm test	2026-09-17T21:15:13.8888770Z # Subtest: explicit APP_URL has priority for transactional links
tenant-security	Run npm test	2026-09-17T21:15:13.8889972Z ok 128 - explicit APP_URL has priority for transactional links
tenant-security	Run npm test	2026-09-17T21:15:13.8891014Z   ---
tenant-security	Run npm test	2026-09-17T21:15:13.8891594Z   duration_ms: 27.35033
tenant-security	Run npm test	2026-09-17T21:15:13.8892232Z   type: 'test'
tenant-security	Run npm test	2026-09-17T21:15:13.8897825Z   ...
tenant-security	Run npm test	2026-09-17T21:15:13.8898629Z # Subtest: Vercel preview URL cannot be overwritten by the production APP_URL
tenant-security	Run npm test	2026-09-17T21:15:13.8899735Z ok 129 - Vercel preview URL cannot be overwritten by the production APP_URL
tenant-security	Run npm test	2026-09-17T21:15:13.8900396Z   ---
tenant-security	Run npm test	2026-09-17T21:15:13.8900723Z   duration_ms: 0.475992
tenant-security	Run npm test	2026-09-17T21:15:13.8901105Z   type: 'test'
tenant-security	Run npm test	2026-09-17T21:15:13.8901425Z   ...
tenant-security	Run npm test	2026-09-17T21:15:13.8901988Z # Subtest: Vercel preview URL is used when APP_URL is missing
tenant-security	Run npm test	2026-09-17T21:15:13.8903138Z ok 130 - Vercel preview URL is used when APP_URL is missing
tenant-security	Run npm test	2026-09-17T21:15:13.8904039Z   ---
tenant-security	Run npm test	2026-09-17T21:15:13.8904382Z   duration_ms: 0.360977
tenant-security	Run npm test	2026-09-17T21:15:13.8904789Z   type: 'test'
tenant-security	Run npm test	2026-09-17T21:15:13.8905137Z   ...
tenant-security	Run npm test	2026-09-17T21:15:13.8905648Z # Subtest: local request origin is the final fallback
tenant-security	Run npm test	2026-09-17T21:15:13.8906357Z ok 131 - local request origin is the final fallback
tenant-security	Run npm test	2026-09-17T21:15:13.8906891Z   ---
tenant-security	Run npm test	2026-09-17T21:15:13.8907214Z   duration_ms: 0.457026
tenant-security	Run npm test	2026-09-17T21:15:13.8907682Z   type: 'test'
tenant-security	Run npm test	2026-09-17T21:15:13.8908040Z   ...
tenant-security	Run npm test	2026-09-17T21:15:14.4409764Z # Subtest: passwords are salted and verifiable
tenant-security	Run npm test	2026-09-17T21:15:14.4413337Z ok 132 - passwords are salted and verifiable
tenant-security	Run npm test	2026-09-17T21:15:14.4414023Z   ---
tenant-security	Run npm test	2026-09-17T21:15:14.4414813Z   duration_ms: 333.478969
tenant-security	Run npm test	2026-09-17T21:15:14.4415343Z   type: 'test'
tenant-security	Run npm test	2026-09-17T21:15:14.4415794Z   ...
tenant-security	Run npm test	2026-09-17T21:15:14.4443858Z # Subtest: tokens are hashed deterministically and usability enforces expiry and one-time use
tenant-security	Run npm test	2026-09-17T21:15:14.4498556Z ok 133 - tokens are hashed deterministically and usability enforces expiry and one-time use
tenant-security	Run npm test	2026-09-17T21:15:14.4499849Z   ---
tenant-security	Run npm test	2026-09-17T21:15:14.4525163Z   duration_ms: 0.542176
tenant-security	Run npm test	2026-09-17T21:15:14.4531809Z   type: 'test'
tenant-security	Run npm test	2026-09-17T21:15:14.4532343Z   ...
tenant-security	Run npm test	2026-09-17T21:15:14.4533346Z # Subtest: manager cannot manage or assign admin
tenant-security	Run npm test	2026-09-17T21:15:14.4534283Z ok 134 - manager cannot manage or assign admin
tenant-security	Run npm test	2026-09-17T21:15:14.4534977Z   ---
tenant-security	Run npm test	2026-09-17T21:15:14.4535480Z   duration_ms: 0.365254
tenant-security	Run npm test	2026-09-17T21:15:14.4536060Z   type: 'test'
tenant-security	Run npm test	2026-09-17T21:15:14.4536558Z   ...
tenant-security	Run npm test	2026-09-17T21:15:14.4537199Z # Subtest: last active admin cannot be removed
tenant-security	Run npm test	2026-09-17T21:15:14.4538019Z ok 135 - last active admin cannot be removed
tenant-security	Run npm test	2026-09-17T21:15:14.4538681Z   ---
tenant-security	Run npm test	2026-09-17T21:15:14.4539170Z   duration_ms: 0.264436
tenant-security	Run npm test	2026-09-17T21:15:14.4539714Z   type: 'test'
tenant-security	Run npm test	2026-09-17T21:15:14.4540203Z   ...
tenant-security	Run npm test	2026-09-17T21:15:14.4541261Z # Subtest: organization member policy protects owners and administrators inside the active tenant
tenant-security	Run npm test	2026-09-17T21:15:14.4543114Z ok 136 - organization member policy protects owners and administrators inside the active tenant
tenant-security	Run npm test	2026-09-17T21:15:14.4579438Z   ---
tenant-security	Run npm test	2026-09-17T21:15:14.4591118Z   duration_ms: 0.248325
tenant-security	Run npm test	2026-09-17T21:15:14.4614095Z   type: 'test'
tenant-security	Run npm test	2026-09-17T21:15:14.4643322Z   ...
tenant-security	Run npm test	2026-09-17T21:15:14.4658873Z # Subtest: supplementary organization roles retain owner and admin protection
tenant-security	Run npm test	2026-09-17T21:15:14.4681773Z ok 137 - supplementary organization roles retain owner and admin protection
tenant-security	Run npm test	2026-09-17T21:15:14.4712200Z   ---
tenant-security	Run npm test	2026-09-17T21:15:14.4728548Z   duration_ms: 0.35196
tenant-security	Run npm test	2026-09-17T21:15:14.4758254Z   type: 'test'
tenant-security	Run npm test	2026-09-17T21:15:14.4800215Z   ...
tenant-security	Run npm test	2026-09-17T21:15:14.4814196Z # Subtest: last active organization owner or admin cannot be removed
tenant-security	Run npm test	2026-09-17T21:15:14.4815647Z ok 138 - last active organization owner or admin cannot be removed
tenant-security	Run npm test	2026-09-17T21:15:14.4816654Z   ---
tenant-security	Run npm test	2026-09-17T21:15:14.4817379Z   duration_ms: 0.405981
tenant-security	Run npm test	2026-09-17T21:15:14.4817991Z   type: 'test'
tenant-security	Run npm test	2026-09-17T21:15:14.4818677Z   ...
tenant-security	Run npm test	2026-09-17T21:15:14.4819851Z # Subtest: employee onboarding normalizes email and requires matching passwords
tenant-security	Run npm test	2026-09-17T21:15:14.4821903Z ok 139 - employee onboarding normalizes email and requires matching passwords
tenant-security	Run npm test	2026-09-17T21:15:14.4823253Z   ---
tenant-security	Run npm test	2026-09-17T21:15:14.4823831Z   duration_ms: 0.452428
tenant-security	Run npm test	2026-09-17T21:15:14.4824588Z   type: 'test'
tenant-security	Run npm test	2026-09-17T21:15:14.4825330Z   ...
tenant-security	Run npm test	2026-09-17T21:15:14.4826416Z # Subtest: employee account email validation rejects malformed and oversized addresses
tenant-security	Run npm test	2026-09-17T21:15:14.4828608Z ok 140 - employee account email validation rejects malformed and oversized addresses
tenant-security	Run npm test	2026-09-17T21:15:14.4829677Z   ---
tenant-security	Run npm test	2026-09-17T21:15:14.4830604Z   duration_ms: 0.684744
tenant-security	Run npm test	2026-09-17T21:15:14.4831215Z   type: 'test'
tenant-security	Run npm test	2026-09-17T21:15:14.4831998Z   ...
tenant-security	Run npm test	2026-09-17T21:15:14.4833182Z # Subtest: temporary password validation reports the exact rejected requirement
tenant-security	Run npm test	2026-09-17T21:15:14.4834969Z ok 141 - temporary password validation reports the exact rejected requirement
tenant-security	Run npm test	2026-09-17T21:15:14.4836298Z   ---
tenant-security	Run npm test	2026-09-17T21:15:14.4836868Z   duration_ms: 0.993703
tenant-security	Run npm test	2026-09-17T21:15:14.4838118Z   type: 'test'
tenant-security	Run npm test	2026-09-17T21:15:14.4838703Z   ...
tenant-security	Run npm test	2026-09-17T21:15:14.4839970Z # Subtest: admin temporary password forces change and invalidates prior access
tenant-security	Run npm test	2026-09-17T21:15:14.4841616Z ok 142 - admin temporary password forces change and invalidates prior access
tenant-security	Run npm test	2026-09-17T21:15:14.4842520Z   ---
tenant-security	Run npm test	2026-09-17T21:15:14.4843466Z   duration_ms: 0.406502
tenant-security	Run npm test	2026-09-17T21:15:14.4844095Z   type: 'test'
tenant-security	Run npm test	2026-09-17T21:15:14.4844755Z   ...
tenant-security	Run npm test	2026-09-17T21:15:14.4846001Z # Subtest: admin reset backdoors are absent and auth middleware uses an explicit public allowlist
tenant-security	Run npm test	2026-09-17T21:15:14.4847790Z ok 143 - admin reset backdoors are absent and auth middleware uses an explicit public allowlist
tenant-security	Run npm test	2026-09-17T21:15:14.4848758Z   ---
tenant-security	Run npm test	2026-09-17T21:15:14.4849265Z   duration_ms: 0.387627
tenant-security	Run npm test	2026-09-17T21:15:14.4849817Z   type: 'test'
tenant-security	Run npm test	2026-09-17T21:15:14.4850319Z   ...
tenant-security	Run npm test	2026-09-17T21:15:14.4851528Z # Subtest: CarrierDetail calculates isDamaged considering carrier photos, notes, and surface OUT_OF_SERVICE status
tenant-security	Run npm test	2026-09-17T21:15:14.4853633Z ok 144 - CarrierDetail calculates isDamaged considering carrier photos, notes, and surface OUT_OF_SERVICE status
tenant-security	Run npm test	2026-09-17T21:15:14.4854881Z   ---
tenant-security	Run npm test	2026-09-17T21:15:14.4855479Z   duration_ms: 1.255894
tenant-security	Run npm test	2026-09-17T21:15:14.4856080Z   type: 'test'
tenant-security	Run npm test	2026-09-17T21:15:14.4856606Z   ...
tenant-security	Run npm test	2026-09-17T21:15:14.4857895Z # Subtest: CarrierDetail calls /api/carriers/:id/resolve-damage with surfaceId and has resolution button on surfaces
tenant-security	Run npm test	2026-09-17T21:15:14.4859900Z ok 145 - CarrierDetail calls /api/carriers/:id/resolve-damage with surfaceId and has resolution button on surfaces
tenant-security	Run npm test	2026-09-17T21:15:14.4861161Z   ---
tenant-security	Run npm test	2026-09-17T21:15:14.4861741Z   duration_ms: 0.556995
tenant-security	Run npm test	2026-09-17T21:15:14.4862388Z   type: 'test'
tenant-security	Run npm test	2026-09-17T21:15:14.4863256Z   ...
tenant-security	Run npm test	2026-09-17T21:15:14.4864680Z # Subtest: resolve-damage route enforces auth, updates damage photos to ARCHIVE, restores OUT_OF_SERVICE, and logs history
tenant-security	Run npm test	2026-09-17T21:15:14.4866786Z ok 146 - resolve-damage route enforces auth, updates damage photos to ARCHIVE, restores OUT_OF_SERVICE, and logs history
tenant-security	Run npm test	2026-09-17T21:15:14.4868117Z   ---
tenant-security	Run npm test	2026-09-17T21:15:14.4868674Z   duration_ms: 0.503374
tenant-security	Run npm test	2026-09-17T21:15:14.4869308Z   type: 'test'
tenant-security	Run npm test	2026-09-17T21:15:14.4869905Z   ...
tenant-security	Run npm test	2026-09-17T21:15:14.4871152Z # Subtest: NavigationSurfaceManager and CarrierDetailTimelineView integrate with resolve-damage
tenant-security	Run npm test	2026-09-17T21:15:14.4873189Z ok 147 - NavigationSurfaceManager and CarrierDetailTimelineView integrate with resolve-damage
tenant-security	Run npm test	2026-09-17T21:15:14.4874475Z   ---
tenant-security	Run npm test	2026-09-17T21:15:14.4875007Z   duration_ms: 0.589154
tenant-security	Run npm test	2026-09-17T21:15:14.4875633Z   type: 'test'
tenant-security	Run npm test	2026-09-17T21:15:14.4876185Z   ...
tenant-security	Run npm test	2026-09-17T21:15:14.8363612Z # Subtest: měsíční text je kampaň, nikoli klient
tenant-security	Run npm test	2026-09-17T21:15:14.8394412Z ok 148 - měsíční text je kampaň, nikoli klient
tenant-security	Run npm test	2026-09-17T21:15:14.8423360Z   ---
tenant-security	Run npm test	2026-09-17T21:15:14.8472469Z   duration_ms: 1.620468
tenant-security	Run npm test	2026-09-17T21:15:14.8483849Z   type: 'test'
tenant-security	Run npm test	2026-09-17T21:15:14.8484507Z   ...
tenant-security	Run npm test	2026-09-17T21:15:14.8485498Z # Subtest: číselné značky volnosti nevytvoří kampaň
tenant-security	Run npm test	2026-09-17T21:15:14.8486948Z ok 149 - číselné značky volnosti nevytvoří kampaň
tenant-security	Run npm test	2026-09-17T21:15:14.8487715Z   ---
tenant-security	Run npm test	2026-09-17T21:15:14.8488260Z   duration_ms: 0.216496
tenant-security	Run npm test	2026-09-17T21:15:14.8488851Z   type: 'test'
tenant-security	Run npm test	2026-09-17T21:15:14.8489341Z   ...
tenant-security	Run npm test	2026-09-17T21:15:14.8490147Z # Subtest: navazující měsíce stejné kampaně se spojí
tenant-security	Run npm test	2026-09-17T21:15:14.8491137Z ok 150 - navazující měsíce stejné kampaně se spojí
tenant-security	Run npm test	2026-09-17T21:15:14.8491806Z   ---
tenant-security	Run npm test	2026-09-17T21:15:14.8492279Z   duration_ms: 0.540924
tenant-security	Run npm test	2026-09-17T21:15:14.8493058Z   type: 'test'
tenant-security	Run npm test	2026-09-17T21:15:14.8493560Z   ...
tenant-security	Run npm test	2026-09-17T21:15:14.8494302Z # Subtest: mezera rozdělí období
tenant-security	Run npm test	2026-09-17T21:15:14.8495043Z ok 151 - mezera rozdělí období
tenant-security	Run npm test	2026-09-17T21:15:14.8495627Z   ---
tenant-security	Run npm test	2026-09-17T21:15:14.8496111Z   duration_ms: 0.252584
tenant-security	Run npm test	2026-09-17T21:15:14.8496719Z   type: 'test'
tenant-security	Run npm test	2026-09-17T21:15:14.8497276Z   ...
tenant-security	Run npm test	2026-09-17T21:15:14.8498227Z # Subtest: různé kampaně stejného klienta se nesloučí
tenant-security	Run npm test	2026-09-17T21:15:14.8499399Z ok 152 - různé kampaně stejného klienta se nesloučí
tenant-security	Run npm test	2026-09-17T21:15:14.8500538Z   ---
tenant-security	Run npm test	2026-09-17T21:15:14.8501107Z   duration_ms: 0.163086
tenant-security	Run npm test	2026-09-17T21:15:14.8501751Z   type: 'test'
tenant-security	Run npm test	2026-09-17T21:15:14.8502310Z   ...
tenant-security	Run npm test	2026-09-17T21:15:14.8503543Z # Subtest: stejná kampaň různých klientů se nesloučí
tenant-security	Run npm test	2026-09-17T21:15:14.8507174Z ok 153 - stejná kampaň různých klientů se nesloučí
tenant-security	Run npm test	2026-09-17T21:15:14.8508036Z   ---
tenant-security	Run npm test	2026-09-17T21:15:14.8508592Z   duration_ms: 0.172904
tenant-security	Run npm test	2026-09-17T21:15:14.8509153Z   type: 'test'
tenant-security	Run npm test	2026-09-17T21:15:14.8509678Z   ...
tenant-security	Run npm test	2026-09-17T21:15:14.8510624Z # Subtest: kampaň bez klienta nevytvoří Client a je v reportu
tenant-security	Run npm test	2026-09-17T21:15:14.8511886Z ok 154 - kampaň bez klienta nevytvoří Client a je v reportu
tenant-security	Run npm test	2026-09-17T21:15:14.8512934Z   ---
tenant-security	Run npm test	2026-09-17T21:15:14.8537502Z   duration_ms: 3.149897
tenant-security	Run npm test	2026-09-17T21:15:14.8538239Z   type: 'test'
tenant-security	Run npm test	2026-09-17T21:15:14.8538824Z   ...
tenant-security	Run npm test	2026-09-17T21:15:14.8539957Z # Subtest: existující jednoznačné mapování kampaně propojí klienta
tenant-security	Run npm test	2026-09-17T21:15:14.8541388Z ok 155 - existující jednoznačné mapování kampaně propojí klienta
tenant-security	Run npm test	2026-09-17T21:15:14.8542339Z   ---
tenant-security	Run npm test	2026-09-17T21:15:14.8543193Z   duration_ms: 1.223615
tenant-security	Run npm test	2026-09-17T21:15:14.8543845Z   type: 'test'
tenant-security	Run npm test	2026-09-17T21:15:14.8544405Z   ...
tenant-security	Run npm test	2026-09-17T21:15:14.8545536Z # Subtest: klient ze samostatného pole se páruje, ale nevytváří z kampaně
tenant-security	Run npm test	2026-09-17T21:15:14.8547077Z ok 156 - klient ze samostatného pole se páruje, ale nevytváří z kampaně
tenant-security	Run npm test	2026-09-17T21:15:14.8548039Z   ---
tenant-security	Run npm test	2026-09-17T21:15:14.8548635Z   duration_ms: 0.653736
tenant-security	Run npm test	2026-09-17T21:15:14.8549259Z   type: 'test'
tenant-security	Run npm test	2026-09-17T21:15:14.8549850Z   ...
tenant-security	Run npm test	2026-09-17T21:15:14.8551035Z # Subtest: klient se může bezpečně propojit přes existující číslo objednávky
tenant-security	Run npm test	2026-09-17T21:15:14.8552583Z ok 157 - klient se může bezpečně propojit přes existující číslo objednávky
tenant-security	Run npm test	2026-09-17T21:15:14.8583190Z   ---
tenant-security	Run npm test	2026-09-17T21:15:14.8613154Z   duration_ms: 1.122385
tenant-security	Run npm test	2026-09-17T21:15:14.8613821Z   type: 'test'
tenant-security	Run npm test	2026-09-17T21:15:14.8673518Z   ...
tenant-security	Run npm test	2026-09-17T21:15:14.8703972Z # Subtest: existující nosič se aktualizuje bez operace s fotkami
tenant-security	Run npm test	2026-09-17T21:15:14.8733784Z ok 158 - existující nosič se aktualizuje bez operace s fotkami
tenant-security	Run npm test	2026-09-17T21:15:14.8763246Z   ---
tenant-security	Run npm test	2026-09-17T21:15:14.8763892Z   duration_ms: 1.177377
tenant-security	Run npm test	2026-09-17T21:15:14.8793481Z   type: 'test'
tenant-security	Run npm test	2026-09-17T21:15:14.8823385Z   ...
tenant-security	Run npm test	2026-09-17T21:15:14.8883842Z # Subtest: nový nosič je NEW a přesný kód zabrání duplicitě
tenant-security	Run npm test	2026-09-17T21:15:14.8899982Z ok 159 - nový nosič je NEW a přesný kód zabrání duplicitě
tenant-security	Run npm test	2026-09-17T21:15:14.8901025Z   ---
tenant-security	Run npm test	2026-09-17T21:15:14.8901606Z   duration_ms: 0.567124
tenant-security	Run npm test	2026-09-17T21:15:14.8902236Z   type: 'test'
tenant-security	Run npm test	2026-09-17T21:15:14.8903044Z   ...
tenant-security	Run npm test	2026-09-17T21:15:14.8903954Z # Subtest: více kandidátů vytvoří AMBIGUOUS_MATCH
tenant-security	Run npm test	2026-09-17T21:15:14.8905035Z ok 160 - více kandidátů vytvoří AMBIGUOUS_MATCH
tenant-security	Run npm test	2026-09-17T21:15:14.8905766Z   ---
tenant-security	Run npm test	2026-09-17T21:15:14.8906287Z   duration_ms: 7.542784
tenant-security	Run npm test	2026-09-17T21:15:14.8906853Z   type: 'test'
tenant-security	Run npm test	2026-09-17T21:15:14.8907369Z   ...
tenant-security	Run npm test	2026-09-17T21:15:14.8908244Z # Subtest: kolize obsazenosti nepřepíše ruční historii
tenant-security	Run npm test	2026-09-17T21:15:14.8909775Z ok 161 - kolize obsazenosti nepřepíše ruční historii
tenant-security	Run npm test	2026-09-17T21:15:14.8910543Z   ---
tenant-security	Run npm test	2026-09-17T21:15:14.8911100Z   duration_ms: 0.825499
tenant-security	Run npm test	2026-09-17T21:15:14.8911689Z   type: 'test'
tenant-security	Run npm test	2026-09-17T21:15:14.8912213Z   ...
tenant-security	Run npm test	2026-09-17T21:15:14.8913398Z # Subtest: opakovaný import identické obsazenosti je UNCHANGED
tenant-security	Run npm test	2026-09-17T21:15:14.8914602Z ok 162 - opakovaný import identické obsazenosti je UNCHANGED
tenant-security	Run npm test	2026-09-17T21:15:14.8915392Z   ---
tenant-security	Run npm test	2026-09-17T21:15:14.8915899Z   duration_ms: 0.361017
tenant-security	Run npm test	2026-09-17T21:15:14.8916453Z   type: 'test'
tenant-security	Run npm test	2026-09-17T21:15:14.8916946Z   ...
tenant-security	Run npm test	2026-09-17T21:15:14.8917861Z # Subtest: chybějící dříve importovaný nosič se pouze reportuje
tenant-security	Run npm test	2026-09-17T21:15:14.8919058Z ok 163 - chybějící dříve importovaný nosič se pouze reportuje
tenant-security	Run npm test	2026-09-17T21:15:14.8919836Z   ---
tenant-security	Run npm test	2026-09-17T21:15:14.8920352Z   duration_ms: 0.572373
tenant-security	Run npm test	2026-09-17T21:15:14.8920943Z   type: 'test'
tenant-security	Run npm test	2026-09-17T21:15:14.8921443Z   ...
tenant-security	Run npm test	2026-09-17T21:15:14.8922251Z # Subtest: změna ceny vytvoří novou historickou verzi
tenant-security	Run npm test	2026-09-17T21:15:14.8971342Z ok 164 - změna ceny vytvoří novou historickou verzi
tenant-security	Run npm test	2026-09-17T21:15:14.8999822Z   ---
tenant-security	Run npm test	2026-09-17T21:15:14.9003446Z   duration_ms: 0.459121
tenant-security	Run npm test	2026-09-17T21:15:14.9033180Z   type: 'test'
tenant-security	Run npm test	2026-09-17T21:15:14.9033618Z   ...
tenant-security	Run npm test	2026-09-17T21:15:14.9073806Z # Subtest: manual conflict includes origin, classification and fingerprint
tenant-security	Run npm test	2026-09-17T21:15:14.9097966Z ok 165 - manual conflict includes origin, classification and fingerprint
tenant-security	Run npm test	2026-09-17T21:15:14.9098694Z   ---
tenant-security	Run npm test	2026-09-17T21:15:14.9120452Z   duration_ms: 0.447559
tenant-security	Run npm test	2026-09-17T21:15:14.9121132Z   type: 'test'
tenant-security	Run npm test	2026-09-17T21:15:14.9121902Z   ...
tenant-security	Run npm test	2026-09-17T21:15:14.9123322Z # Subtest: previous import extension is distinguished from manual history
tenant-security	Run npm test	2026-09-17T21:15:14.9126231Z ok 166 - previous import extension is distinguished from manual history
tenant-security	Run npm test	2026-09-17T21:15:14.9163159Z   ---
tenant-security	Run npm test	2026-09-17T21:15:14.9167781Z   duration_ms: 0.528351
tenant-security	Run npm test	2026-09-17T21:15:14.9200068Z   type: 'test'
tenant-security	Run npm test	2026-09-17T21:15:14.9200879Z   ...
tenant-security	Run npm test	2026-09-17T21:15:14.9201781Z # Subtest: normalization and import metadata are not material updates
tenant-security	Run npm test	2026-09-17T21:15:14.9203258Z ok 167 - normalization and import metadata are not material updates
tenant-security	Run npm test	2026-09-17T21:15:14.9204096Z   ---
tenant-security	Run npm test	2026-09-17T21:15:14.9204730Z   duration_ms: 0.34636
tenant-security	Run npm test	2026-09-17T21:15:14.9205309Z   type: 'test'
tenant-security	Run npm test	2026-09-17T21:15:14.9205794Z   ...
tenant-security	Run npm test	2026-09-17T21:15:14.9206439Z # Subtest: new surface has an auditable reason
tenant-security	Run npm test	2026-09-17T21:15:14.9207283Z ok 168 - new surface has an auditable reason
tenant-security	Run npm test	2026-09-17T21:15:14.9210708Z   ---
tenant-security	Run npm test	2026-09-17T21:15:14.9211296Z   duration_ms: 0.250039
tenant-security	Run npm test	2026-09-17T21:15:14.9211925Z   type: 'test'
tenant-security	Run npm test	2026-09-17T21:15:14.9212510Z   ...
tenant-security	Run npm test	2026-09-17T21:15:14.9213696Z # Subtest: database fingerprint is stable and detects record changes
tenant-security	Run npm test	2026-09-17T21:15:14.9215007Z ok 169 - database fingerprint is stable and detects record changes
tenant-security	Run npm test	2026-09-17T21:15:14.9215910Z   ---
tenant-security	Run npm test	2026-09-17T21:15:14.9216477Z   duration_ms: 0.174888
tenant-security	Run npm test	2026-09-17T21:15:14.9217094Z   type: 'test'
tenant-security	Run npm test	2026-09-17T21:15:14.9217639Z   ...
tenant-security	Run npm test	2026-09-17T21:15:14.9218678Z # Subtest: resolution validation rejects stale hashes, duplicate ids and unsafe actions
tenant-security	Run npm test	2026-09-17T21:15:14.9220326Z ok 170 - resolution validation rejects stale hashes, duplicate ids and unsafe actions
tenant-security	Run npm test	2026-09-17T21:15:14.9221401Z   ---
tenant-security	Run npm test	2026-09-17T21:15:14.9221973Z   duration_ms: 30.67431
tenant-security	Run npm test	2026-09-17T21:15:14.9222607Z   type: 'test'
tenant-security	Run npm test	2026-09-17T21:15:14.9223440Z   ...
tenant-security	Run npm test	2026-09-17T21:15:14.9224351Z # Subtest: temporal classification is deterministic at boundaries
tenant-security	Run npm test	2026-09-17T21:15:14.9225483Z ok 171 - temporal classification is deterministic at boundaries
tenant-security	Run npm test	2026-09-17T21:15:14.9226265Z   ---
tenant-security	Run npm test	2026-09-17T21:15:14.9226797Z   duration_ms: 0.286958
tenant-security	Run npm test	2026-09-17T21:15:14.9227399Z   type: 'test'
tenant-security	Run npm test	2026-09-17T21:15:14.9227940Z   ...
tenant-security	Run npm test	2026-09-17T21:15:14.9228914Z # Subtest: historical campaigns are reported but absent from safe and blocked plans
tenant-security	Run npm test	2026-09-17T21:15:14.9230349Z ok 172 - historical campaigns are reported but absent from safe and blocked plans
tenant-security	Run npm test	2026-09-17T21:15:14.9231242Z   ---
tenant-security	Run npm test	2026-09-17T21:15:14.9231777Z   duration_ms: 0.652704
tenant-security	Run npm test	2026-09-17T21:15:14.9233041Z   type: 'test'
tenant-security	Run npm test	2026-09-17T21:15:14.9233574Z   ...
tenant-security	Run npm test	2026-09-17T21:15:14.9236502Z # Subtest: current and future unknown-client campaigns are safe with correct statuses
tenant-security	Run npm test	2026-09-17T21:15:14.9237837Z ok 173 - current and future unknown-client campaigns are safe with correct statuses
tenant-security	Run npm test	2026-09-17T21:15:14.9238815Z   ---
tenant-security	Run npm test	2026-09-17T21:15:14.9239389Z   duration_ms: 1.835832
tenant-security	Run npm test	2026-09-17T21:15:14.9239965Z   type: 'test'
tenant-security	Run npm test	2026-09-17T21:15:14.9240484Z   ...
tenant-security	Run npm test	2026-09-17T21:15:14.9241348Z # Subtest: scopes isolate inventory pricing and occupancy operations
tenant-security	Run npm test	2026-09-17T21:15:14.9242471Z ok 174 - scopes isolate inventory pricing and occupancy operations
tenant-security	Run npm test	2026-09-17T21:15:14.9243506Z   ---
tenant-security	Run npm test	2026-09-17T21:15:14.9244009Z   duration_ms: 0.782978
tenant-security	Run npm test	2026-09-17T21:15:14.9244543Z   type: 'test'
tenant-security	Run npm test	2026-09-17T21:15:14.9245028Z   ...
tenant-security	Run npm test	2026-09-17T21:15:14.9245910Z # Subtest: occupancy conflict does not block an inventory safe plan
tenant-security	Run npm test	2026-09-17T21:15:14.9247120Z ok 175 - occupancy conflict does not block an inventory safe plan
tenant-security	Run npm test	2026-09-17T21:15:14.9248309Z   ---
tenant-security	Run npm test	2026-09-17T21:15:14.9248910Z   duration_ms: 0.610765
tenant-security	Run npm test	2026-09-17T21:15:14.9249529Z   type: 'test'
tenant-security	Run npm test	2026-09-17T21:15:14.9250102Z   ...
tenant-security	Run npm test	2026-09-17T21:15:14.9250990Z # Subtest: photo audit is immutable and reports zero operations
tenant-security	Run npm test	2026-09-17T21:15:14.9252145Z ok 176 - photo audit is immutable and reports zero operations
tenant-security	Run npm test	2026-09-17T21:15:14.9253493Z   ---
tenant-security	Run npm test	2026-09-17T21:15:14.9254102Z   duration_ms: 0.571892
tenant-security	Run npm test	2026-09-17T21:15:14.9254742Z   type: 'test'
tenant-security	Run npm test	2026-09-17T21:15:14.9256463Z   ...
tenant-security	Run npm test	2026-09-17T21:15:14.9257415Z # Subtest: large GPS changes are excluded from the safe inventory plan
tenant-security	Run npm test	2026-09-17T21:15:14.9258653Z ok 177 - large GPS changes are excluded from the safe inventory plan
tenant-security	Run npm test	2026-09-17T21:15:14.9259524Z   ---
tenant-security	Run npm test	2026-09-17T21:15:14.9260090Z   duration_ms: 4.679966
tenant-security	Run npm test	2026-09-17T21:15:14.9260718Z   type: 'test'
tenant-security	Run npm test	2026-09-17T21:15:14.9261288Z   ...
tenant-security	Run npm test	2026-09-17T21:15:14.9262264Z # Subtest: CP26 ambiguity is historical only when the whole source month is past
tenant-security	Run npm test	2026-09-17T21:15:14.9263943Z ok 178 - CP26 ambiguity is historical only when the whole source month is past
tenant-security	Run npm test	2026-09-17T21:15:14.9264874Z   ---
tenant-security	Run npm test	2026-09-17T21:15:14.9265440Z   duration_ms: 0.783239
tenant-security	Run npm test	2026-09-17T21:15:14.9266051Z   type: 'test'
tenant-security	Run npm test	2026-09-17T21:15:14.9266602Z   ...
tenant-security	Run npm test	2026-09-17T21:15:14.9267435Z # Subtest: unresolved client UI label and filter are explicit
tenant-security	Run npm test	2026-09-17T21:15:14.9268546Z ok 179 - unresolved client UI label and filter are explicit
tenant-security	Run npm test	2026-09-17T21:15:14.9269349Z   ---
tenant-security	Run npm test	2026-09-17T21:15:14.9269868Z   duration_ms: 0.290014
tenant-security	Run npm test	2026-09-17T21:15:14.9270424Z   type: 'test'
tenant-security	Run npm test	2026-09-17T21:15:14.9270959Z   ...
tenant-security	Run npm test	2026-09-17T21:15:14.9271705Z # Subtest: asOfDate is part of the immutable plan hash
tenant-security	Run npm test	2026-09-17T21:15:14.9272924Z ok 180 - asOfDate is part of the immutable plan hash
tenant-security	Run npm test	2026-09-17T21:15:14.9273676Z   ---
tenant-security	Run npm test	2026-09-17T21:15:14.9274227Z   duration_ms: 0.563597
tenant-security	Run npm test	2026-09-17T21:15:14.9274810Z   type: 'test'
tenant-security	Run npm test	2026-09-17T21:15:14.9275332Z   ...
tenant-security	Run npm test	2026-09-17T21:15:14.9276233Z # Subtest: safe plan validation rejects XLSX, database and as-of changes
tenant-security	Run npm test	2026-09-17T21:15:14.9277496Z ok 181 - safe plan validation rejects XLSX, database and as-of changes
tenant-security	Run npm test	2026-09-17T21:15:14.9278371Z   ---
tenant-security	Run npm test	2026-09-17T21:15:14.9278899Z   duration_ms: 1.631268
tenant-security	Run npm test	2026-09-17T21:15:14.9279456Z   type: 'test'
tenant-security	Run npm test	2026-09-17T21:15:14.9279958Z   ...
tenant-security	Run npm test	2026-09-17T21:15:14.9280901Z # Subtest: campaign client groups do not merge the same generic name across sources
tenant-security	Run npm test	2026-09-17T21:15:14.9282284Z ok 182 - campaign client groups do not merge the same generic name across sources
tenant-security	Run npm test	2026-09-17T21:15:14.9283486Z   ---
tenant-security	Run npm test	2026-09-17T21:15:14.9284011Z   duration_ms: 0.79469
tenant-security	Run npm test	2026-09-17T21:15:14.9284584Z   type: 'test'
tenant-security	Run npm test	2026-09-17T21:15:14.9285094Z   ...
tenant-security	Run npm test	2026-09-17T21:15:14.9285907Z # Subtest: manual CP slot dates must stay in month and never overlap
tenant-security	Run npm test	2026-09-17T21:15:14.9287006Z ok 183 - manual CP slot dates must stay in month and never overlap
tenant-security	Run npm test	2026-09-17T21:15:14.9287922Z   ---
tenant-security	Run npm test	2026-09-17T21:15:14.9288489Z   duration_ms: 23.603031
tenant-security	Run npm test	2026-09-17T21:15:14.9289139Z   type: 'test'
tenant-security	Run npm test	2026-09-17T21:15:14.9289632Z   ...
tenant-security	Run npm test	2026-09-17T21:15:14.9290867Z # Subtest: chat image opens in an in-app modal instead of an unreliable data URL window
tenant-security	Run npm test	2026-09-17T21:15:14.9292202Z ok 184 - chat image opens in an in-app modal instead of an unreliable data URL window
tenant-security	Run npm test	2026-09-17T21:15:14.9293411Z   ---
tenant-security	Run npm test	2026-09-17T21:15:14.9293935Z   duration_ms: 1.16832
tenant-security	Run npm test	2026-09-17T21:15:14.9294488Z   type: 'test'
tenant-security	Run npm test	2026-09-17T21:15:14.9295000Z   ...
tenant-security	Run npm test	2026-09-17T21:15:14.9295958Z # Subtest: chat image preview supports close, Escape, containment and load errors
tenant-security	Run npm test	2026-09-17T21:15:14.9297324Z ok 185 - chat image preview supports close, Escape, containment and load errors
tenant-security	Run npm test	2026-09-17T21:15:14.9298272Z   ---
tenant-security	Run npm test	2026-09-17T21:15:14.9298814Z   duration_ms: 0.275817
tenant-security	Run npm test	2026-09-17T21:15:14.9299423Z   type: 'test'
tenant-security	Run npm test	2026-09-17T21:15:14.9299997Z   ...
tenant-security	Run npm test	2026-09-17T21:15:14.9301037Z # Subtest: chat delegates carrier photography to the dedicated mobile workflow
tenant-security	Run npm test	2026-09-17T21:15:14.9302363Z ok 186 - chat delegates carrier photography to the dedicated mobile workflow
tenant-security	Run npm test	2026-09-17T21:15:14.9303827Z   ---
tenant-security	Run npm test	2026-09-17T21:15:14.9304368Z   duration_ms: 0.196198
tenant-security	Run npm test	2026-09-17T21:15:14.9305006Z   type: 'test'
tenant-security	Run npm test	2026-09-17T21:15:14.9305561Z   ...
tenant-security	Run npm test	2026-09-17T21:15:14.9306276Z # Subtest: chat accepts only declared channels
tenant-security	Run npm test	2026-09-17T21:15:14.9307143Z ok 187 - chat accepts only declared channels
tenant-security	Run npm test	2026-09-17T21:15:14.9307810Z   ---
tenant-security	Run npm test	2026-09-17T21:15:14.9308305Z   duration_ms: 3.598699
tenant-security	Run npm test	2026-09-17T21:15:14.9308856Z   type: 'test'
tenant-security	Run npm test	2026-09-17T21:15:14.9309346Z   ...
tenant-security	Run npm test	2026-09-17T21:15:14.9310314Z # Subtest: chat assignment and resolution respect author, assignee and manager roles
tenant-security	Run npm test	2026-09-17T21:15:14.9311800Z ok 188 - chat assignment and resolution respect author, assignee and manager roles
tenant-security	Run npm test	2026-09-17T21:15:14.9312998Z   ---
tenant-security	Run npm test	2026-09-17T21:15:14.9313534Z   duration_ms: 0.344256
tenant-security	Run npm test	2026-09-17T21:15:14.9314111Z   type: 'test'
tenant-security	Run npm test	2026-09-17T21:15:14.9314641Z   ...
tenant-security	Run npm test	2026-09-17T21:15:14.9315602Z # Subtest: chat image validation rejects raw Base64 and enforces stored file URLs
tenant-security	Run npm test	2026-09-17T21:15:14.9317019Z ok 189 - chat image validation rejects raw Base64 and enforces stored file URLs
tenant-security	Run npm test	2026-09-17T21:15:14.9317935Z   ---
tenant-security	Run npm test	2026-09-17T21:15:14.9318437Z   duration_ms: 0.930114
tenant-security	Run npm test	2026-09-17T21:15:14.9319017Z   type: 'test'
tenant-security	Run npm test	2026-09-17T21:15:14.9319569Z   ...
tenant-security	Run npm test	2026-09-17T21:15:14.9320645Z # Subtest: chat assignments use user ids and keep legacy employee-id notifications compatible
tenant-security	Run npm test	2026-09-17T21:15:14.9322187Z ok 190 - chat assignments use user ids and keep legacy employee-id notifications compatible
tenant-security	Run npm test	2026-09-17T21:15:14.9323460Z   ---
tenant-security	Run npm test	2026-09-17T21:15:14.9324012Z   duration_ms: 1.292203
tenant-security	Run npm test	2026-09-17T21:15:14.9324594Z   type: 'test'
tenant-security	Run npm test	2026-09-17T21:15:14.9325095Z   ...
tenant-security	Run npm test	2026-09-17T21:15:14.9325961Z # Subtest: fuel and fault side effects are atomic with chat message creation
tenant-security	Run npm test	2026-09-17T21:15:14.9327288Z ok 191 - fuel and fault side effects are atomic with chat message creation
tenant-security	Run npm test	2026-09-17T21:15:14.9328154Z   ---
tenant-security	Run npm test	2026-09-17T21:15:14.9328677Z   duration_ms: 0.214051
tenant-security	Run npm test	2026-09-17T21:15:14.9329295Z   type: 'test'
tenant-security	Run npm test	2026-09-17T21:15:14.9329805Z   ...
tenant-security	Run npm test	2026-09-17T21:15:14.9330638Z # Subtest: chat mutation and media boundaries are enforced server-side
tenant-security	Run npm test	2026-09-17T21:15:14.9331917Z ok 192 - chat mutation and media boundaries are enforced server-side
tenant-security	Run npm test	2026-09-17T21:15:14.9332603Z   ---
tenant-security	Run npm test	2026-09-17T21:15:14.9333191Z   duration_ms: 0.219572
tenant-security	Run npm test	2026-09-17T21:15:14.9333574Z   type: 'test'
tenant-security	Run npm test	2026-09-17T21:15:14.9333904Z   ...
tenant-security	Run npm test	2026-09-17T21:15:14.9334774Z # Subtest: automatic notification polling does not invoke AI and module alerts are role-gated
tenant-security	Run npm test	2026-09-17T21:15:14.9335993Z ok 193 - automatic notification polling does not invoke AI and module alerts are role-gated
tenant-security	Run npm test	2026-09-17T21:15:14.9336722Z   ---
tenant-security	Run npm test	2026-09-17T21:15:14.9337032Z   duration_ms: 0.246742
tenant-security	Run npm test	2026-09-17T21:15:14.9337397Z   type: 'test'
tenant-security	Run npm test	2026-09-17T21:15:14.9337727Z   ...
tenant-security	Run npm test	2026-09-17T21:15:15.1803912Z # Subtest: project data validates capacity fields, dates and active permit
tenant-security	Run npm test	2026-09-17T21:15:15.1833882Z ok 194 - project data validates capacity fields, dates and active permit
tenant-security	Run npm test	2026-09-17T21:15:15.1863321Z   ---
tenant-security	Run npm test	2026-09-17T21:15:15.1864462Z   duration_ms: 1.785668
tenant-security	Run npm test	2026-09-17T21:15:15.1893519Z   type: 'test'
tenant-security	Run npm test	2026-09-17T21:15:15.1923727Z   ...
tenant-security	Run npm test	2026-09-17T21:15:15.1953757Z # Subtest: status workflow releases frames through completion and blocks reopening archive
tenant-security	Run npm test	2026-09-17T21:15:15.1955476Z ok 195 - status workflow releases frames through completion and blocks reopening archive
tenant-security	Run npm test	2026-09-17T21:15:15.1983470Z   ---
tenant-security	Run npm test	2026-09-17T21:15:15.2008945Z   duration_ms: 0.272881
tenant-security	Run npm test	2026-09-17T21:15:15.2009835Z   type: 'test'
tenant-security	Run npm test	2026-09-17T21:15:15.2010378Z   ...
tenant-security	Run npm test	2026-09-17T21:15:15.2011392Z # Subtest: activation requires approved and current dated permit
tenant-security	Run npm test	2026-09-17T21:15:15.2012609Z ok 196 - activation requires approved and current dated permit
tenant-security	Run npm test	2026-09-17T21:15:15.2013826Z   ---
tenant-security	Run npm test	2026-09-17T21:15:15.2014577Z   duration_ms: 0.439454
tenant-security	Run npm test	2026-09-17T21:15:15.2015151Z   type: 'test'
tenant-security	Run npm test	2026-09-17T21:15:15.2015861Z   ...
tenant-security	Run npm test	2026-09-17T21:15:15.2016958Z # Subtest: fleet input rejects decimals and maintenance above total
tenant-security	Run npm test	2026-09-17T21:15:15.2018258Z ok 197 - fleet input rejects decimals and maintenance above total
tenant-security	Run npm test	2026-09-17T21:15:15.2019618Z   ---
tenant-security	Run npm test	2026-09-17T21:15:15.2020134Z   duration_ms: 1.165476
tenant-security	Run npm test	2026-09-17T21:15:15.2020676Z   type: 'test'
tenant-security	Run npm test	2026-09-17T21:15:15.2021163Z   ...
tenant-security	Run npm test	2026-09-17T21:15:15.2021944Z # Subtest: capacity mutations are tenant-scoped and serializable
tenant-security	Run npm test	2026-09-17T21:15:15.2023236Z ok 198 - capacity mutations are tenant-scoped and serializable
tenant-security	Run npm test	2026-09-17T21:15:15.2023976Z   ---
tenant-security	Run npm test	2026-09-17T21:15:15.2024475Z   duration_ms: 0.684573
tenant-security	Run npm test	2026-09-17T21:15:15.2025016Z   type: 'test'
tenant-security	Run npm test	2026-09-17T21:15:15.2025503Z   ...
tenant-security	Run npm test	2026-09-17T21:15:15.2026406Z # Subtest: City Gallery offer validates server input and excludes archived projects
tenant-security	Run npm test	2026-09-17T21:15:15.2027683Z ok 199 - City Gallery offer validates server input and excludes archived projects
tenant-security	Run npm test	2026-09-17T21:15:15.2028522Z   ---
tenant-security	Run npm test	2026-09-17T21:15:15.2029018Z   duration_ms: 0.44812
tenant-security	Run npm test	2026-09-17T21:15:15.2029556Z   type: 'test'
tenant-security	Run npm test	2026-09-17T21:15:15.2030044Z   ...
tenant-security	Run npm test	2026-09-17T21:15:15.2329556Z # Subtest: city inventory uses only schema-backed categories
tenant-security	Run npm test	2026-09-17T21:15:15.2352998Z ok 200 - city inventory uses only schema-backed categories
tenant-security	Run npm test	2026-09-17T21:15:15.2394704Z   ---
tenant-security	Run npm test	2026-09-17T21:15:15.2395983Z   duration_ms: 1.241358
tenant-security	Run npm test	2026-09-17T21:15:15.2396818Z   type: 'test'
tenant-security	Run npm test	2026-09-17T21:15:15.2397370Z   ...
tenant-security	Run npm test	2026-09-17T21:15:15.2398407Z # Subtest: city inventory summary keeps all carriers in exactly one category
tenant-security	Run npm test	2026-09-17T21:15:15.2400460Z ok 201 - city inventory summary keeps all carriers in exactly one category
tenant-security	Run npm test	2026-09-17T21:15:15.2401462Z   ---
tenant-security	Run npm test	2026-09-17T21:15:15.2402094Z   duration_ms: 1.057613
tenant-security	Run npm test	2026-09-17T21:15:15.2402928Z   type: 'test'
tenant-security	Run npm test	2026-09-17T21:15:15.2433142Z   ...
tenant-security	Run npm test	2026-09-17T21:15:15.2434552Z # Subtest: city inventory page requires explicit tenant and excludes archived rows
tenant-security	Run npm test	2026-09-17T21:15:15.2463857Z ok 202 - city inventory page requires explicit tenant and excludes archived rows
tenant-security	Run npm test	2026-09-17T21:15:15.2493253Z   ---
tenant-security	Run npm test	2026-09-17T21:15:15.2523215Z   duration_ms: 18.288297
tenant-security	Run npm test	2026-09-17T21:15:15.2523871Z   type: 'test'
tenant-security	Run npm test	2026-09-17T21:15:15.2553400Z   ...
tenant-security	Run npm test	2026-09-17T21:15:15.5624031Z # Subtest: AI Commercial Engine Contracts & Adapters
tenant-security	Run npm test	2026-09-17T21:15:15.5636258Z     # Subtest: AI Sales Radar Adapter
tenant-security	Run npm test	2026-09-17T21:15:15.5637483Z         # Subtest: classifies new prospect opportunity as NEW_ACQUISITION when no client is linked
tenant-security	Run npm test	2026-09-17T21:15:15.5652313Z         ok 1 - classifies new prospect opportunity as NEW_ACQUISITION when no client is linked
tenant-security	Run npm test	2026-09-17T21:15:15.5653607Z           ---
tenant-security	Run npm test	2026-09-17T21:15:15.5654219Z           duration_ms: 2.184597
tenant-security	Run npm test	2026-09-17T21:15:15.5654830Z           type: 'test'
tenant-security	Run npm test	2026-09-17T21:15:15.5655417Z           ...
tenant-security	Run npm test	2026-09-17T21:15:15.5656353Z         # Subtest: classifies existing client opportunity as EXPANSION for new branch event
tenant-security	Run npm test	2026-09-17T21:15:15.5657646Z         ok 2 - classifies existing client opportunity as EXPANSION for new branch event
tenant-security	Run npm test	2026-09-17T21:15:15.5658546Z           ---
tenant-security	Run npm test	2026-09-17T21:15:15.5659094Z           duration_ms: 0.264005
tenant-security	Run npm test	2026-09-17T21:15:15.5659676Z           type: 'test'
tenant-security	Run npm test	2026-09-17T21:15:15.5660643Z           ...
tenant-security	Run npm test	2026-09-17T21:15:15.5661623Z         # Subtest: classifies existing client opportunity as UPSELL for campaign/marketing event
tenant-security	Run npm test	2026-09-17T21:15:15.5663321Z         ok 3 - classifies existing client opportunity as UPSELL for campaign/marketing event
tenant-security	Run npm test	2026-09-17T21:15:15.5664328Z           ---
tenant-security	Run npm test	2026-09-17T21:15:15.5664908Z           duration_ms: 0.344887
tenant-security	Run npm test	2026-09-17T21:15:15.5665498Z           type: 'test'
tenant-security	Run npm test	2026-09-17T21:15:15.5666032Z           ...
tenant-security	Run npm test	2026-09-17T21:15:15.5667137Z         # Subtest: builds CommercialRequest from Radar with approximate timing and flags EXACT_CAMPAIGN_DATES as missing
tenant-security	Run npm test	2026-09-17T21:15:15.5668836Z         ok 4 - builds CommercialRequest from Radar with approximate timing and flags EXACT_CAMPAIGN_DATES as missing
tenant-security	Run npm test	2026-09-17T21:15:15.5669938Z           ---
tenant-security	Run npm test	2026-09-17T21:15:15.5670471Z           duration_ms: 0.701044
tenant-security	Run npm test	2026-09-17T21:15:15.5671049Z           type: 'test'
tenant-security	Run npm test	2026-09-17T21:15:15.5671559Z           ...
tenant-security	Run npm test	2026-09-17T21:15:15.5672034Z         1..4
tenant-security	Run npm test	2026-09-17T21:15:15.5673068Z     ok 1 - AI Sales Radar Adapter
tenant-security	Run npm test	2026-09-17T21:15:15.5673697Z       ---
tenant-security	Run npm test	2026-09-17T21:15:15.5674251Z       duration_ms: 4.920848
tenant-security	Run npm test	2026-09-17T21:15:15.5674863Z       type: 'suite'
tenant-security	Run npm test	2026-09-17T21:15:15.5675413Z       ...
tenant-security	Run npm test	2026-09-17T21:15:15.5676152Z     # Subtest: AI Mailbox Adapter & Anti-Hallucination Guard
tenant-security	Run npm test	2026-09-17T21:15:15.5677699Z         # Subtest: sets status to READY_FOR_AVAILABILITY when dates are exact and media types are present
tenant-security	Run npm test	2026-09-17T21:15:15.5679202Z         ok 1 - sets status to READY_FOR_AVAILABILITY when dates are exact and media types are present
tenant-security	Run npm test	2026-09-17T21:15:15.5680189Z           ---
tenant-security	Run npm test	2026-09-17T21:15:15.5680780Z           duration_ms: 0.653947
tenant-security	Run npm test	2026-09-17T21:15:15.5681410Z           type: 'test'
tenant-security	Run npm test	2026-09-17T21:15:15.5681971Z           ...
tenant-security	Run npm test	2026-09-17T21:15:15.5683967Z         # Subtest: flags missing requirements and prevents availability scan when dates are vague or seasonal
tenant-security	Run npm test	2026-09-17T21:15:15.5686651Z         ok 2 - flags missing requirements and prevents availability scan when dates are vague or seasonal
tenant-security	Run npm test	2026-09-17T21:15:15.5687791Z           ---
tenant-security	Run npm test	2026-09-17T21:15:15.5688460Z           duration_ms: 0.331882
tenant-security	Run npm test	2026-09-17T21:15:15.5689149Z           type: 'test'
tenant-security	Run npm test	2026-09-17T21:15:15.5689774Z           ...
tenant-security	Run npm test	2026-09-17T21:15:15.5694217Z         # Subtest: correctly maps CRM ClientContact with firstName and lastName without crashing
tenant-security	Run npm test	2026-09-17T21:15:15.5698448Z         ok 3 - correctly maps CRM ClientContact with firstName and lastName without crashing
tenant-security	Run npm test	2026-09-17T21:15:15.5699505Z           ---
tenant-security	Run npm test	2026-09-17T21:15:15.5700117Z           duration_ms: 0.256311
tenant-security	Run npm test	2026-09-17T21:15:15.5700795Z           type: 'test'
tenant-security	Run npm test	2026-09-17T21:15:15.5701390Z           ...
tenant-security	Run npm test	2026-09-17T21:15:15.5702559Z         1..3
tenant-security	Run npm test	2026-09-17T21:15:15.5705738Z     ok 2 - AI Mailbox Adapter & Anti-Hallucination Guard
tenant-security	Run npm test	2026-09-17T21:15:15.5706663Z       ---
tenant-security	Run npm test	2026-09-17T21:15:15.5707272Z       duration_ms: 1.914981
tenant-security	Run npm test	2026-09-17T21:15:15.5707958Z       type: 'suite'
tenant-security	Run npm test	2026-09-17T21:15:15.5708579Z       ...
tenant-security	Run npm test	2026-09-17T21:15:15.5733602Z     # Subtest: Deterministic Next-Best-Action Recommender
tenant-security	Run npm test	2026-09-17T21:15:15.5744018Z         # Subtest: recommends COMPLETE_INFORMATION when CommercialRequest needs more information
tenant-security	Run npm test	2026-09-17T21:15:15.5780904Z         ok 1 - recommends COMPLETE_INFORMATION when CommercialRequest needs more information
tenant-security	Run npm test	2026-09-17T21:15:15.5798033Z           ---
tenant-security	Run npm test	2026-09-17T21:15:15.5798645Z           duration_ms: 0.715
tenant-security	Run npm test	2026-09-17T21:15:15.5799591Z           type: 'test'
tenant-security	Run npm test	2026-09-17T21:15:15.5800312Z           ...
tenant-security	Run npm test	2026-09-17T21:15:15.5801364Z         # Subtest: recommends CHECK_AVAILABILITY when CommercialRequest is READY_FOR_AVAILABILITY
tenant-security	Run npm test	2026-09-17T21:15:15.5803198Z         ok 2 - recommends CHECK_AVAILABILITY when CommercialRequest is READY_FOR_AVAILABILITY
tenant-security	Run npm test	2026-09-17T21:15:15.5805027Z           ---
tenant-security	Run npm test	2026-09-17T21:15:15.5806097Z           duration_ms: 0.423855
tenant-security	Run npm test	2026-09-17T21:15:15.5806756Z           type: 'test'
tenant-security	Run npm test	2026-09-17T21:15:15.5807320Z           ...
tenant-security	Run npm test	2026-09-17T21:15:15.5808239Z         # Subtest: recommends CHECK_AVAILABILITY for high-score Sales Radar opportunity
tenant-security	Run npm test	2026-09-17T21:15:15.5809850Z         ok 3 - recommends CHECK_AVAILABILITY for high-score Sales Radar opportunity
tenant-security	Run npm test	2026-09-17T21:15:15.5810813Z           ---
tenant-security	Run npm test	2026-09-17T21:15:15.5811464Z           duration_ms: 0.571712
tenant-security	Run npm test	2026-09-17T21:15:15.5812113Z           type: 'test'
tenant-security	Run npm test	2026-09-17T21:15:15.5812922Z           ...
tenant-security	Run npm test	2026-09-17T21:15:15.5813993Z         # Subtest: recommends resolving conflict when unavailable conflict surfaces are detected
tenant-security	Run npm test	2026-09-17T21:15:15.5815480Z         ok 4 - recommends resolving conflict when unavailable conflict surfaces are detected
tenant-security	Run npm test	2026-09-17T21:15:15.5816487Z           ---
tenant-security	Run npm test	2026-09-17T21:15:15.5817112Z           duration_ms: 0.408206
tenant-security	Run npm test	2026-09-17T21:15:15.5817769Z           type: 'test'
tenant-security	Run npm test	2026-09-17T21:15:15.5818362Z           ...
tenant-security	Run npm test	2026-09-17T21:15:15.5818900Z         1..4
tenant-security	Run npm test	2026-09-17T21:15:15.5819620Z     ok 3 - Deterministic Next-Best-Action Recommender
tenant-security	Run npm test	2026-09-17T21:15:15.5820385Z       ---
tenant-security	Run npm test	2026-09-17T21:15:15.5820954Z       duration_ms: 5.486679
tenant-security	Run npm test	2026-09-17T21:15:15.5821884Z       type: 'suite'
tenant-security	Run npm test	2026-09-17T21:15:15.5822456Z       ...
tenant-security	Run npm test	2026-09-17T21:15:15.5823267Z     1..3
tenant-security	Run npm test	2026-09-17T21:15:15.5824328Z ok 203 - AI Commercial Engine Contracts & Adapters
tenant-security	Run npm test	2026-09-17T21:15:15.5825326Z   ---
tenant-security	Run npm test	2026-09-17T21:15:15.5825888Z   duration_ms: 13.184734
tenant-security	Run npm test	2026-09-17T21:15:15.5826456Z   type: 'suite'
tenant-security	Run npm test	2026-09-17T21:15:15.5827199Z   ...
tenant-security	Run npm test	2026-09-17T21:15:15.6650419Z # Subtest: CRM client input normalizes safe values and rejects invalid contact data
tenant-security	Run npm test	2026-09-17T21:15:15.6704240Z ok 204 - CRM client input normalizes safe values and rejects invalid contact data
tenant-security	Run npm test	2026-09-17T21:15:15.6723644Z   ---
tenant-security	Run npm test	2026-09-17T21:15:15.6724115Z   duration_ms: 2.635983
tenant-security	Run npm test	2026-09-17T21:15:15.6746637Z   type: 'test'
tenant-security	Run npm test	2026-09-17T21:15:15.6747200Z   ...
tenant-security	Run npm test	2026-09-17T21:15:15.6748018Z # Subtest: CRM contacts and branches enforce lengths, email and complete GPS pairs
tenant-security	Run npm test	2026-09-17T21:15:15.6749232Z ok 205 - CRM contacts and branches enforce lengths, email and complete GPS pairs
tenant-security	Run npm test	2026-09-17T21:15:15.6750027Z   ---
tenant-security	Run npm test	2026-09-17T21:15:15.6750463Z   duration_ms: 1.008551
tenant-security	Run npm test	2026-09-17T21:15:15.6750922Z   type: 'test'
tenant-security	Run npm test	2026-09-17T21:15:15.6751352Z   ...
tenant-security	Run npm test	2026-09-17T21:15:15.6752146Z # Subtest: CRM client list query is bounded and validates enum filters
tenant-security	Run npm test	2026-09-17T21:15:15.6754867Z ok 206 - CRM client list query is bounded and validates enum filters
tenant-security	Run npm test	2026-09-17T21:15:15.6755760Z   ---
tenant-security	Run npm test	2026-09-17T21:15:15.6756168Z   duration_ms: 1.103649
tenant-security	Run npm test	2026-09-17T21:15:15.6756600Z   type: 'test'
tenant-security	Run npm test	2026-09-17T21:15:15.6764591Z   ...
tenant-security	Run npm test	2026-09-17T21:15:15.6765568Z # Subtest: CRM update keeps normalized name, assignee tenant check and audit in one transaction
tenant-security	Run npm test	2026-09-17T21:15:15.6767049Z ok 207 - CRM update keeps normalized name, assignee tenant check and audit in one transaction
tenant-security	Run npm test	2026-09-17T21:15:15.6767917Z   ---
tenant-security	Run npm test	2026-09-17T21:15:15.6768303Z   duration_ms: 0.489759
tenant-security	Run npm test	2026-09-17T21:15:15.6768722Z   type: 'test'
tenant-security	Run npm test	2026-09-17T21:15:15.6769076Z   ...
tenant-security	Run npm test	2026-09-17T21:15:15.6769892Z # Subtest: CRM merge moves every client-linked module and serializes concurrent merges
tenant-security	Run npm test	2026-09-17T21:15:15.6771194Z ok 208 - CRM merge moves every client-linked module and serializes concurrent merges
tenant-security	Run npm test	2026-09-17T21:15:15.6771965Z   ---
tenant-security	Run npm test	2026-09-17T21:15:15.6772304Z   duration_ms: 0.503114
tenant-security	Run npm test	2026-09-17T21:15:15.6772956Z   type: 'test'
tenant-security	Run npm test	2026-09-17T21:15:15.6773340Z   ...
tenant-security	Run npm test	2026-09-17T21:15:15.6774006Z # Subtest: CRM AI lookup is authorized, rate-limited and advisory only
tenant-security	Run npm test	2026-09-17T21:15:15.6774969Z ok 209 - CRM AI lookup is authorized, rate-limited and advisory only
tenant-security	Run npm test	2026-09-17T21:15:15.6775582Z   ---
tenant-security	Run npm test	2026-09-17T21:15:15.6775902Z   duration_ms: 0.883827
tenant-security	Run npm test	2026-09-17T21:15:15.6776284Z   type: 'test'
tenant-security	Run npm test	2026-09-17T21:15:15.6776610Z   ...
tenant-security	Run npm test	2026-09-17T21:15:15.6777184Z # Subtest: CRM list and active profile relations are bounded
tenant-security	Run npm test	2026-09-17T21:15:15.6778054Z ok 210 - CRM list and active profile relations are bounded
tenant-security	Run npm test	2026-09-17T21:15:15.6778673Z   ---
tenant-security	Run npm test	2026-09-17T21:15:15.6779104Z   duration_ms: 0.413125
tenant-security	Run npm test	2026-09-17T21:15:15.6779543Z   type: 'test'
tenant-security	Run npm test	2026-09-17T21:15:15.6779914Z   ...
tenant-security	Run npm test	2026-09-17T21:15:15.6780665Z # Subtest: CRM contact and branch UI describes soft deletion as archiving
tenant-security	Run npm test	2026-09-17T21:15:15.6782105Z ok 211 - CRM contact and branch UI describes soft deletion as archiving
tenant-security	Run npm test	2026-09-17T21:15:15.6820698Z   ---
tenant-security	Run npm test	2026-09-17T21:15:15.6821121Z   duration_ms: 0.396243
tenant-security	Run npm test	2026-09-17T21:15:15.6821570Z   type: 'test'
tenant-security	Run npm test	2026-09-17T21:15:15.6821930Z   ...
tenant-security	Run npm test	2026-09-17T21:15:15.6889038Z # Subtest: CRM normalizes client names consistently
tenant-security	Run npm test	2026-09-17T21:15:15.6913630Z ok 212 - CRM normalizes client names consistently
tenant-security	Run npm test	2026-09-17T21:15:15.6927887Z   ---
tenant-security	Run npm test	2026-09-17T21:15:15.6928524Z   duration_ms: 1.098089
tenant-security	Run npm test	2026-09-17T21:15:15.6931033Z   type: 'test'
tenant-security	Run npm test	2026-09-17T21:15:15.6931560Z   ...
tenant-security	Run npm test	2026-09-17T21:15:15.6932385Z # Subtest: CRM order number starts at one and increments within a year
tenant-security	Run npm test	2026-09-17T21:15:15.6933914Z ok 213 - CRM order number starts at one and increments within a year
tenant-security	Run npm test	2026-09-17T21:15:15.6934696Z   ---
tenant-security	Run npm test	2026-09-17T21:15:15.6935199Z   duration_ms: 0.190858
tenant-security	Run npm test	2026-09-17T21:15:15.6935766Z   type: 'test'
tenant-security	Run npm test	2026-09-17T21:15:15.6936639Z   ...
tenant-security	Run npm test	2026-09-17T21:15:15.6937453Z # Subtest: CRM order number ignores a previous-year sequence
tenant-security	Run npm test	2026-09-17T21:15:15.6938435Z ok 214 - CRM order number ignores a previous-year sequence
tenant-security	Run npm test	2026-09-17T21:15:15.6939145Z   ---
tenant-security	Run npm test	2026-09-17T21:15:15.6939630Z   duration_ms: 0.132719
tenant-security	Run npm test	2026-09-17T21:15:15.6940211Z   type: 'test'
tenant-security	Run npm test	2026-09-17T21:15:15.6940749Z   ...
tenant-security	Run npm test	2026-09-17T21:15:15.8244473Z # Subtest: manual radar cron is restricted to authenticated organization and active entitlement
tenant-security	Run npm test	2026-09-17T21:15:15.8246547Z ok 215 - manual radar cron is restricted to authenticated organization and active entitlement
tenant-security	Run npm test	2026-09-17T21:15:15.8273825Z   ---
tenant-security	Run npm test	2026-09-17T21:15:15.8279904Z   duration_ms: 1.668288
tenant-security	Run npm test	2026-09-17T21:15:15.8280858Z   type: 'test'
tenant-security	Run npm test	2026-09-17T21:15:15.8281452Z   ...
tenant-security	Run npm test	2026-09-17T21:15:15.8282662Z # Subtest: signed email webhook resolves ownership before tenant-scoped mutations
tenant-security	Run npm test	2026-09-17T21:15:15.8284626Z ok 216 - signed email webhook resolves ownership before tenant-scoped mutations
tenant-security	Run npm test	2026-09-17T21:15:15.8285667Z   ---
tenant-security	Run npm test	2026-09-17T21:15:15.8286202Z   duration_ms: 0.542116
tenant-security	Run npm test	2026-09-17T21:15:15.8287074Z   type: 'test'
tenant-security	Run npm test	2026-09-17T21:15:15.8287812Z   ...
tenant-security	Run npm test	2026-09-17T21:15:15.8289043Z # Subtest: already-registered Resend domains cannot be claimed by another organization
tenant-security	Run npm test	2026-09-17T21:15:15.8290541Z ok 217 - already-registered Resend domains cannot be claimed by another organization
tenant-security	Run npm test	2026-09-17T21:15:15.8291519Z   ---
tenant-security	Run npm test	2026-09-17T21:15:15.8291980Z   duration_ms: 1.300969
tenant-security	Run npm test	2026-09-17T21:15:15.8292690Z   type: 'test'
tenant-security	Run npm test	2026-09-17T21:15:15.8293177Z   ...
tenant-security	Run npm test	2026-09-17T21:15:15.8294166Z # Subtest: radar notifications honor disabled SaaS module
tenant-security	Run npm test	2026-09-17T21:15:15.8295332Z ok 218 - radar notifications honor disabled SaaS module
tenant-security	Run npm test	2026-09-17T21:15:15.8296302Z   ---
tenant-security	Run npm test	2026-09-17T21:15:15.8296807Z   duration_ms: 0.517491
tenant-security	Run npm test	2026-09-17T21:15:15.8297645Z   type: 'test'
tenant-security	Run npm test	2026-09-17T21:15:15.8298150Z   ...
tenant-security	Run npm test	2026-09-17T21:15:15.8300016Z # Subtest: domain reuse requires existing tenant ownership or separately verified provider credentials
tenant-security	Run npm test	2026-09-17T21:15:15.8301946Z ok 219 - domain reuse requires existing tenant ownership or separately verified provider credentials
tenant-security	Run npm test	2026-09-17T21:15:15.8303465Z   ---
tenant-security	Run npm test	2026-09-17T21:15:15.8304011Z   duration_ms: 0.448041
tenant-security	Run npm test	2026-09-17T21:15:15.8304806Z   type: 'test'
tenant-security	Run npm test	2026-09-17T21:15:15.8305322Z   ...
tenant-security	Run npm test	2026-09-17T21:15:15.8306605Z # Subtest: cron AI logs have nullable real actor and are awaited before request completion
tenant-security	Run npm test	2026-09-17T21:15:15.8308484Z ok 220 - cron AI logs have nullable real actor and are awaited before request completion
tenant-security	Run npm test	2026-09-17T21:15:15.8309633Z   ---
tenant-security	Run npm test	2026-09-17T21:15:15.8310154Z   duration_ms: 0.420589
tenant-security	Run npm test	2026-09-17T21:15:15.8310956Z   type: 'test'
tenant-security	Run npm test	2026-09-17T21:15:15.8311682Z   ...
tenant-security	Run npm test	2026-09-17T21:15:15.8313022Z # Subtest: sender editing retains tenant scope and does not expose encrypted sending credentials
tenant-security	Run npm test	2026-09-17T21:15:15.8314812Z ok 221 - sender editing retains tenant scope and does not expose encrypted sending credentials
tenant-security	Run npm test	2026-09-17T21:15:15.8316100Z   ---
tenant-security	Run npm test	2026-09-17T21:15:15.8316882Z   duration_ms: 0.459031
tenant-security	Run npm test	2026-09-17T21:15:15.8318016Z   type: 'test'
tenant-security	Run npm test	2026-09-17T21:15:15.8318557Z   ...
tenant-security	Run npm test	2026-09-17T21:15:15.9044351Z # Subtest: Pavel Šubert je v e-mailu osloven českým vokativem
tenant-security	Run npm test	2026-09-17T21:15:15.9060890Z ok 222 - Pavel Šubert je v e-mailu osloven českým vokativem
tenant-security	Run npm test	2026-09-17T21:15:15.9083155Z   ---
tenant-security	Run npm test	2026-09-17T21:15:15.9084936Z   duration_ms: 1.412609
tenant-security	Run npm test	2026-09-17T21:15:15.9085617Z   type: 'test'
tenant-security	Run npm test	2026-09-17T21:15:15.9086220Z   ...
tenant-security	Run npm test	2026-09-17T21:15:15.9087446Z # Subtest: neznámé jméno zůstane beze změny místo chybného automatického skloňování
tenant-security	Run npm test	2026-09-17T21:15:15.9088926Z ok 223 - neznámé jméno zůstane beze změny místo chybného automatického skloňování
tenant-security	Run npm test	2026-09-17T21:15:15.9089773Z   ---
tenant-security	Run npm test	2026-09-17T21:15:15.9090251Z   duration_ms: 0.28286
tenant-security	Run npm test	2026-09-17T21:15:15.9090778Z   type: 'test'
tenant-security	Run npm test	2026-09-17T21:15:15.9091268Z   ...
tenant-security	Run npm test	2026-09-17T21:15:15.9478987Z # Subtest: Preview delivery is suppressed unless explicitly enabled
tenant-security	Run npm test	2026-09-17T21:15:15.9504036Z ok 224 - Preview delivery is suppressed unless explicitly enabled
tenant-security	Run npm test	2026-09-17T21:15:15.9514076Z   ---
tenant-security	Run npm test	2026-09-17T21:15:15.9565023Z   duration_ms: 1.361573
tenant-security	Run npm test	2026-09-17T21:15:15.9595758Z   type: 'test'
tenant-security	Run npm test	2026-09-17T21:15:15.9616292Z   ...
tenant-security	Run npm test	2026-09-17T21:15:15.9674297Z # Subtest: Email addresses and provider idempotency keys reject unsafe input
tenant-security	Run npm test	2026-09-17T21:15:15.9695657Z ok 225 - Email addresses and provider idempotency keys reject unsafe input
tenant-security	Run npm test	2026-09-17T21:15:15.9727586Z   ---
tenant-security	Run npm test	2026-09-17T21:15:15.9750295Z   duration_ms: 0.371627
tenant-security	Run npm test	2026-09-17T21:15:15.9793363Z   type: 'test'
tenant-security	Run npm test	2026-09-17T21:15:15.9823292Z   ...
tenant-security	Run npm test	2026-09-17T21:15:15.9853651Z # Subtest: Business routes only persist SENT after confirmed delivery
tenant-security	Run npm test	2026-09-17T21:15:15.9914076Z ok 226 - Business routes only persist SENT after confirmed delivery
tenant-security	Run npm test	2026-09-17T21:15:15.9914883Z   ---
tenant-security	Run npm test	2026-09-17T21:15:15.9933599Z   duration_ms: 0.574797
tenant-security	Run npm test	2026-09-17T21:15:15.9943499Z   type: 'test'
tenant-security	Run npm test	2026-09-17T21:15:15.9943880Z   ...
tenant-security	Run npm test	2026-09-17T21:15:15.9944802Z # Subtest: Configured provider does not silently fall through to another provider after rejection
tenant-security	Run npm test	2026-09-17T21:15:15.9946216Z ok 227 - Configured provider does not silently fall through to another provider after rejection
tenant-security	Run npm test	2026-09-17T21:15:15.9947080Z   ---
tenant-security	Run npm test	2026-09-17T21:15:15.9947444Z   duration_ms: 0.55456
tenant-security	Run npm test	2026-09-17T21:15:15.9947848Z   type: 'test'
tenant-security	Run npm test	2026-09-17T21:15:15.9948184Z   ...
tenant-security	Run npm test	2026-09-17T21:15:16.1857492Z # Subtest: Verification reads verified without restarting the provider check
tenant-security	Run npm test	2026-09-17T21:15:16.1894236Z ok 228 - Verification reads verified without restarting the provider check
tenant-security	Run npm test	2026-09-17T21:15:16.1895500Z   ---
tenant-security	Run npm test	2026-09-17T21:15:16.1896189Z   duration_ms: 27.520607
tenant-security	Run npm test	2026-09-17T21:15:16.1896934Z   type: 'test'
tenant-security	Run npm test	2026-09-17T21:15:16.1897574Z   ...
tenant-security	Run npm test	2026-09-17T21:15:16.1898662Z # Subtest: Verification reads pending without restarting the provider check
tenant-security	Run npm test	2026-09-17T21:15:16.1907177Z ok 229 - Verification reads pending without restarting the provider check
tenant-security	Run npm test	2026-09-17T21:15:16.1915917Z   ---
tenant-security	Run npm test	2026-09-17T21:15:16.1916477Z   duration_ms: 0.783369
tenant-security	Run npm test	2026-09-17T21:15:16.1917043Z   type: 'test'
tenant-security	Run npm test	2026-09-17T21:15:16.1917543Z   ...
tenant-security	Run npm test	2026-09-17T21:15:16.1918394Z # Subtest: Verification starts an asynchronous check for not_started
tenant-security	Run npm test	2026-09-17T21:15:16.1919697Z ok 230 - Verification starts an asynchronous check for not_started
tenant-security	Run npm test	2026-09-17T21:15:16.1920604Z   ---
tenant-security	Run npm test	2026-09-17T21:15:16.1921221Z   duration_ms: 1.693396
tenant-security	Run npm test	2026-09-17T21:15:16.1921905Z   type: 'test'
tenant-security	Run npm test	2026-09-17T21:15:16.1922515Z   ...
tenant-security	Run npm test	2026-09-17T21:15:16.1923675Z # Subtest: Verification starts an asynchronous check for failed
tenant-security	Run npm test	2026-09-17T21:15:16.1924899Z ok 231 - Verification starts an asynchronous check for failed
tenant-security	Run npm test	2026-09-17T21:15:16.1925833Z   ---
tenant-security	Run npm test	2026-09-17T21:15:16.1926417Z   duration_ms: 1.947562
tenant-security	Run npm test	2026-09-17T21:15:16.1927045Z   type: 'test'
tenant-security	Run npm test	2026-09-17T21:15:16.1927632Z   ...
tenant-security	Run npm test	2026-09-17T21:15:16.1928571Z # Subtest: Provider read failure does not initiate a fresh verification
tenant-security	Run npm test	2026-09-17T21:15:16.1929881Z ok 232 - Provider read failure does not initiate a fresh verification
tenant-security	Run npm test	2026-09-17T21:15:16.1930829Z   ---
tenant-security	Run npm test	2026-09-17T21:15:16.1931423Z   duration_ms: 2.540034
tenant-security	Run npm test	2026-09-17T21:15:16.1932417Z   type: 'test'
tenant-security	Run npm test	2026-09-17T21:15:16.1933347Z   ...
tenant-security	Run npm test	2026-09-17T21:15:16.3259970Z # Subtest: Resend callbacks reach signature verification without a user session
tenant-security	Run npm test	2026-09-17T21:15:16.3284002Z ok 233 - Resend callbacks reach signature verification without a user session
tenant-security	Run npm test	2026-09-17T21:15:16.3299258Z   ---
tenant-security	Run npm test	2026-09-17T21:15:16.3311604Z   duration_ms: 6.259128
tenant-security	Run npm test	2026-09-17T21:15:16.3312378Z   type: 'test'
tenant-security	Run npm test	2026-09-17T21:15:16.3313563Z   ...
tenant-security	Run npm test	2026-09-17T21:15:16.3314759Z # Subtest: The webhook exemption does not expose other webhooks, child routes or email settings
tenant-security	Run npm test	2026-09-17T21:15:16.3316332Z ok 234 - The webhook exemption does not expose other webhooks, child routes or email settings
tenant-security	Run npm test	2026-09-17T21:15:16.3317356Z   ---
tenant-security	Run npm test	2026-09-17T21:15:16.3317922Z   duration_ms: 7.353469
tenant-security	Run npm test	2026-09-17T21:15:16.3318546Z   type: 'test'
tenant-security	Run npm test	2026-09-17T21:15:16.3319110Z   ...
tenant-security	Run npm test	2026-09-17T21:15:16.6700967Z # Subtest: Field Planner real Postgres: isolation, approval races, execution and replanning
tenant-security	Run npm test	2026-09-17T21:15:16.6733835Z ok 235 - Field Planner real Postgres: isolation, approval races, execution and replanning # SKIP
tenant-security	Run npm test	2026-09-17T21:15:16.6778510Z   ---
tenant-security	Run npm test	2026-09-17T21:15:16.6803181Z   duration_ms: 0.898625
tenant-security	Run npm test	2026-09-17T21:15:16.6823308Z   type: 'test'
tenant-security	Run npm test	2026-09-17T21:15:16.6863139Z   ...
tenant-security	Run npm test	2026-09-17T21:15:16.9979313Z # Subtest: A: one worker and five GPS jobs make a feasible complete route
tenant-security	Run npm test	2026-09-17T21:15:17.0018005Z ok 236 - A: one worker and five GPS jobs make a feasible complete route
tenant-security	Run npm test	2026-09-17T21:15:17.0051429Z   ---
tenant-security	Run npm test	2026-09-17T21:15:17.0082499Z   duration_ms: 30.357757
tenant-security	Run npm test	2026-09-17T21:15:17.0093737Z   type: 'test'
tenant-security	Run npm test	2026-09-17T21:15:17.0149637Z   ...
tenant-security	Run npm test	2026-09-17T21:15:17.0178115Z # Subtest: B: two workers and ten jobs distribute work to both crews
tenant-security	Run npm test	2026-09-17T21:15:17.0271996Z ok 237 - B: two workers and ten jobs distribute work to both crews
tenant-security	Run npm test	2026-09-17T21:15:17.0363352Z   ---
tenant-security	Run npm test	2026-09-17T21:15:17.0383992Z   duration_ms: 3.212915
tenant-security	Run npm test	2026-09-17T21:15:17.0453481Z   type: 'test'
tenant-security	Run npm test	2026-09-17T21:15:17.0481429Z   ...
tenant-security	Run npm test	2026-09-17T21:15:17.0517649Z # Subtest: C: absence prevents assigning worker
tenant-security	Run npm test	2026-09-17T21:15:17.0609414Z ok 238 - C: absence prevents assigning worker
tenant-security	Run npm test	2026-09-17T21:15:17.0686226Z   ---
tenant-security	Run npm test	2026-09-17T21:15:17.0711322Z   duration_ms: 2.019938
tenant-security	Run npm test	2026-09-17T21:15:17.0743117Z   type: 'test'
tenant-security	Run npm test	2026-09-17T21:15:17.0765499Z   ...
tenant-security	Run npm test	2026-09-17T21:15:17.0794398Z # Subtest: D: SERVICE vehicle is not assigned
tenant-security	Run npm test	2026-09-17T21:15:17.0816739Z ok 239 - D: SERVICE vehicle is not assigned
tenant-security	Run npm test	2026-09-17T21:15:17.0850061Z   ---
tenant-security	Run npm test	2026-09-17T21:15:17.0873365Z   duration_ms: 0.826981
tenant-security	Run npm test	2026-09-17T21:15:17.0903237Z   type: 'test'
tenant-security	Run npm test	2026-09-17T21:15:17.0933178Z   ...
tenant-security	Run npm test	2026-09-17T21:15:17.0963481Z # Subtest: D: OUT_OF_SERVICE vehicle is not assigned
tenant-security	Run npm test	2026-09-17T21:15:17.0978260Z ok 240 - D: OUT_OF_SERVICE vehicle is not assigned
tenant-security	Run npm test	2026-09-17T21:15:17.1027181Z   ---
tenant-security	Run npm test	2026-09-17T21:15:17.1043568Z   duration_ms: 0.824165
tenant-security	Run npm test	2026-09-17T21:15:17.1070798Z   type: 'test'
tenant-security	Run npm test	2026-09-17T21:15:17.1083431Z   ...
tenant-security	Run npm test	2026-09-17T21:15:17.1084164Z # Subtest: D: IN_USE vehicle is not assigned
tenant-security	Run npm test	2026-09-17T21:15:17.1085052Z ok 241 - D: IN_USE vehicle is not assigned
tenant-security	Run npm test	2026-09-17T21:15:17.1085704Z   ---
tenant-security	Run npm test	2026-09-17T21:15:17.1086196Z   duration_ms: 0.685987
tenant-security	Run npm test	2026-09-17T21:15:17.1086753Z   type: 'test'
tenant-security	Run npm test	2026-09-17T21:15:17.1087316Z   ...
tenant-security	Run npm test	2026-09-17T21:15:17.1088168Z # Subtest: E: overlapping vehicle reservation excludes the vehicle
tenant-security	Run npm test	2026-09-17T21:15:17.1089322Z ok 242 - E: overlapping vehicle reservation excludes the vehicle
tenant-security	Run npm test	2026-09-17T21:15:17.1090120Z   ---
tenant-security	Run npm test	2026-09-17T21:15:17.1090606Z   duration_ms: 0.89028
tenant-security	Run npm test	2026-09-17T21:15:17.1091143Z   type: 'test'
tenant-security	Run npm test	2026-09-17T21:15:17.1091626Z   ...
tenant-security	Run npm test	2026-09-17T21:15:17.1092293Z # Subtest: F: urgent job wins over a closer normal job
tenant-security	Run npm test	2026-09-17T21:15:17.1093613Z ok 243 - F: urgent job wins over a closer normal job
tenant-security	Run npm test	2026-09-17T21:15:17.1094433Z   ---
tenant-security	Run npm test	2026-09-17T21:15:17.1095025Z   duration_ms: 1.307121
tenant-security	Run npm test	2026-09-17T21:15:17.1095709Z   type: 'test'
tenant-security	Run npm test	2026-09-17T21:15:17.1096357Z   ...
tenant-security	Run npm test	2026-09-17T21:15:17.1097322Z # Subtest: G: fixed windows wait until opening and finish before hard deadline
tenant-security	Run npm test	2026-09-17T21:15:17.1099147Z ok 244 - G: fixed windows wait until opening and finish before hard deadline
tenant-security	Run npm test	2026-09-17T21:15:17.1100113Z   ---
tenant-security	Run npm test	2026-09-17T21:15:17.1100858Z   duration_ms: 1.262358
tenant-security	Run npm test	2026-09-17T21:15:17.1101604Z   type: 'test'
tenant-security	Run npm test	2026-09-17T21:15:17.1102128Z   ...
tenant-security	Run npm test	2026-09-17T21:15:17.1103193Z # Subtest: G: impossible window is unassigned, never silently violated
tenant-security	Run npm test	2026-09-17T21:15:17.1104582Z ok 245 - G: impossible window is unassigned, never silently violated
tenant-security	Run npm test	2026-09-17T21:15:17.1105461Z   ---
tenant-security	Run npm test	2026-09-17T21:15:17.1106001Z   duration_ms: 1.312361
tenant-security	Run npm test	2026-09-17T21:15:17.1106528Z   type: 'test'
tenant-security	Run npm test	2026-09-17T21:15:17.1106997Z   ...
tenant-security	Run npm test	2026-09-17T21:15:17.1107873Z # Subtest: hard earlier deadline wins over urgency with a later fixed window
tenant-security	Run npm test	2026-09-17T21:15:17.1110569Z ok 246 - hard earlier deadline wins over urgency with a later fixed window
tenant-security	Run npm test	2026-09-17T21:15:17.1111400Z   ---
tenant-security	Run npm test	2026-09-17T21:15:17.1111882Z   duration_ms: 1.804444
tenant-security	Run npm test	2026-09-17T21:15:17.1112400Z   type: 'test'
tenant-security	Run npm test	2026-09-17T21:15:17.1113232Z   ...
tenant-security	Run npm test	2026-09-17T21:15:17.1114393Z # Subtest: H: deterministic fallback marks estimates and repeats identically
tenant-security	Run npm test	2026-09-17T21:15:17.1115511Z ok 247 - H: deterministic fallback marks estimates and repeats identically
tenant-security	Run npm test	2026-09-17T21:15:17.1116273Z   ---
tenant-security	Run npm test	2026-09-17T21:15:17.1116740Z   duration_ms: 3.11975
tenant-security	Run npm test	2026-09-17T21:15:17.1117239Z   type: 'test'
tenant-security	Run npm test	2026-09-17T21:15:17.1117702Z   ...
tenant-security	Run npm test	2026-09-17T21:15:17.1118571Z # Subtest: H: actual Google failure uses explicit fallback, successful Routes drives ETA
tenant-security	Run npm test	2026-09-17T21:15:17.1119801Z ok 248 - H: actual Google failure uses explicit fallback, successful Routes drives ETA
tenant-security	Run npm test	2026-09-17T21:15:17.1120627Z   ---
tenant-security	Run npm test	2026-09-17T21:15:17.1121102Z   duration_ms: 32.196147
tenant-security	Run npm test	2026-09-17T21:15:17.1121652Z   type: 'test'
tenant-security	Run npm test	2026-09-17T21:15:17.1122178Z   ...
tenant-security	Run npm test	2026-09-17T21:15:17.1123147Z # Subtest: I: missing GPS does not become guessed coordinates
tenant-security	Run npm test	2026-09-17T21:15:17.1124118Z ok 249 - I: missing GPS does not become guessed coordinates
tenant-security	Run npm test	2026-09-17T21:15:17.1124816Z   ---
tenant-security	Run npm test	2026-09-17T21:15:17.1125350Z   duration_ms: 0.955612
tenant-security	Run npm test	2026-09-17T21:15:17.1125939Z   type: 'test'
tenant-security	Run npm test	2026-09-17T21:15:17.1126456Z   ...
tenant-security	Run npm test	2026-09-17T21:15:17.1127221Z # Subtest: K: mixed tenant workers, jobs and vehicles hard reject
tenant-security	Run npm test	2026-09-17T21:15:17.1128378Z ok 250 - K: mixed tenant workers, jobs and vehicles hard reject
tenant-security	Run npm test	2026-09-17T21:15:17.1129081Z   ---
tenant-security	Run npm test	2026-09-17T21:15:17.1129565Z   duration_ms: 1.373356
tenant-security	Run npm test	2026-09-17T21:15:17.1130085Z   type: 'test'
tenant-security	Run npm test	2026-09-17T21:15:17.1130550Z   ...
tenant-security	Run npm test	2026-09-17T21:15:17.1131353Z # Subtest: M: replanning excludes DONE and CANCELLED without mutating history
tenant-security	Run npm test	2026-09-17T21:15:17.1132450Z ok 251 - M: replanning excludes DONE and CANCELLED without mutating history
tenant-security	Run npm test	2026-09-17T21:15:17.1134050Z   ---
tenant-security	Run npm test	2026-09-17T21:15:17.1134606Z   duration_ms: 1.541762
tenant-security	Run npm test	2026-09-17T21:15:17.1135157Z   type: 'test'
tenant-security	Run npm test	2026-09-17T21:15:17.1135764Z   ...
tenant-security	Run npm test	2026-09-17T21:15:17.1136577Z # Subtest: required people and qualifications are hard constraints
tenant-security	Run npm test	2026-09-17T21:15:17.1137651Z ok 252 - required people and qualifications are hard constraints
tenant-security	Run npm test	2026-09-17T21:15:17.1138496Z   ---
tenant-security	Run npm test	2026-09-17T21:15:17.1139040Z   duration_ms: 1.520922
tenant-security	Run npm test	2026-09-17T21:15:17.1139627Z   type: 'test'
tenant-security	Run npm test	2026-09-17T21:15:17.1140185Z   ...
tenant-security	Run npm test	2026-09-17T21:15:17.1141204Z # Subtest: required predecessor finishes before dependent task, despite urgent dependent
tenant-security	Run npm test	2026-09-17T21:15:17.1142886Z ok 253 - required predecessor finishes before dependent task, despite urgent dependent
tenant-security	Run npm test	2026-09-17T21:15:17.1143833Z   ---
tenant-security	Run npm test	2026-09-17T21:15:17.1144320Z   duration_ms: 1.140027
tenant-security	Run npm test	2026-09-17T21:15:17.1144861Z   type: 'test'
tenant-security	Run npm test	2026-09-17T21:15:17.1145350Z   ...
tenant-security	Run npm test	2026-09-17T21:15:17.1145998Z # Subtest: cyclic prerequisites stay unassigned
tenant-security	Run npm test	2026-09-17T21:15:17.1146890Z ok 254 - cyclic prerequisites stay unassigned
tenant-security	Run npm test	2026-09-17T21:15:17.1147595Z   ---
tenant-security	Run npm test	2026-09-17T21:15:17.1148125Z   duration_ms: 0.829175
tenant-security	Run npm test	2026-09-17T21:15:17.1148722Z   type: 'test'
tenant-security	Run npm test	2026-09-17T21:15:17.1149229Z   ...
tenant-security	Run npm test	2026-09-17T21:15:17.1150141Z # Subtest: duplicate crew vehicle and worker use cannot make overlapping assignments
tenant-security	Run npm test	2026-09-17T21:15:17.1151465Z ok 255 - duplicate crew vehicle and worker use cannot make overlapping assignments
tenant-security	Run npm test	2026-09-17T21:15:17.1152611Z   ---
tenant-security	Run npm test	2026-09-17T21:15:17.1153351Z   duration_ms: 1.237831
tenant-security	Run npm test	2026-09-17T21:15:17.1153956Z   type: 'test'
tenant-security	Run npm test	2026-09-17T21:15:17.1154514Z   ...
tenant-security	Run npm test	2026-09-17T21:15:17.1155299Z # Subtest: tenant workday differences change departure times
tenant-security	Run npm test	2026-09-17T21:15:17.1156329Z ok 256 - tenant workday differences change departure times
tenant-security	Run npm test	2026-09-17T21:15:17.1157079Z   ---
tenant-security	Run npm test	2026-09-17T21:15:17.1157562Z   duration_ms: 1.548464
tenant-security	Run npm test	2026-09-17T21:15:17.1158094Z   type: 'test'
tenant-security	Run npm test	2026-09-17T21:15:17.1158575Z   ...
tenant-security	Run npm test	2026-09-17T21:15:17.1159447Z # Subtest: tenant durations and WorkOrder estimatedHours override are respected
tenant-security	Run npm test	2026-09-17T21:15:17.1160720Z ok 257 - tenant durations and WorkOrder estimatedHours override are respected
tenant-security	Run npm test	2026-09-17T21:15:17.1161624Z   ---
tenant-security	Run npm test	2026-09-17T21:15:17.1162154Z   duration_ms: 1.947653
tenant-security	Run npm test	2026-09-17T21:15:17.1162963Z   type: 'test'
tenant-security	Run npm test	2026-09-17T21:15:17.1163540Z   ...
tenant-security	Run npm test	2026-09-17T21:15:17.1164263Z # Subtest: unknown service duration is unplannable, not invented
tenant-security	Run npm test	2026-09-17T21:15:17.1165449Z ok 258 - unknown service duration is unplannable, not invented
tenant-security	Run npm test	2026-09-17T21:15:17.1166126Z   ---
tenant-security	Run npm test	2026-09-17T21:15:17.1166596Z   duration_ms: 0.748193
tenant-security	Run npm test	2026-09-17T21:15:17.1167112Z   type: 'test'
tenant-security	Run npm test	2026-09-17T21:15:17.1167594Z   ...
tenant-security	Run npm test	2026-09-17T21:15:17.1168528Z # Subtest: return travel and mandatory break count against shift end
tenant-security	Run npm test	2026-09-17T21:15:17.1169670Z ok 259 - return travel and mandatory break count against shift end
tenant-security	Run npm test	2026-09-17T21:15:17.1170575Z   ---
tenant-security	Run npm test	2026-09-17T21:15:17.1171136Z   duration_ms: 0.923732
tenant-security	Run npm test	2026-09-17T21:15:17.1171719Z   type: 'test'
tenant-security	Run npm test	2026-09-17T21:15:17.1172279Z   ...
tenant-security	Run npm test	2026-09-17T21:15:17.1173481Z # Subtest: timezone conversion supports differing regions and rejects DST ambiguity
tenant-security	Run npm test	2026-09-17T21:15:17.1174994Z ok 260 - timezone conversion supports differing regions and rejects DST ambiguity
tenant-security	Run npm test	2026-09-17T21:15:17.1175976Z   ---
tenant-security	Run npm test	2026-09-17T21:15:17.1176584Z   duration_ms: 1.824672
tenant-security	Run npm test	2026-09-17T21:15:17.1177192Z   type: 'test'
tenant-security	Run npm test	2026-09-17T21:15:17.1177806Z   ...
tenant-security	Run npm test	2026-09-17T21:15:17.1178816Z # Subtest: profile validates clocks, unknown country and mandatory human approval
tenant-security	Run npm test	2026-09-17T21:15:17.1180346Z ok 261 - profile validates clocks, unknown country and mandatory human approval
tenant-security	Run npm test	2026-09-17T21:15:17.1181309Z   ---
tenant-security	Run npm test	2026-09-17T21:15:17.1181871Z   duration_ms: 1.208306
tenant-security	Run npm test	2026-09-17T21:15:17.1182539Z   type: 'test'
tenant-security	Run npm test	2026-09-17T21:15:17.1183702Z   ...
tenant-security	Run npm test	2026-09-17T21:15:17.1184681Z # Subtest: tenant plan scope applies to reads, updates, deletes and creation
tenant-security	Run npm test	2026-09-17T21:15:17.1185997Z ok 262 - tenant plan scope applies to reads, updates, deletes and creation
tenant-security	Run npm test	2026-09-17T21:15:17.1186941Z   ---
tenant-security	Run npm test	2026-09-17T21:15:17.1187522Z   duration_ms: 1.437505
tenant-security	Run npm test	2026-09-17T21:15:17.1188297Z   type: 'test'
tenant-security	Run npm test	2026-09-17T21:15:17.1188920Z   ...
tenant-security	Run npm test	2026-09-17T21:15:17.1189786Z # Subtest: disabled module cannot be accessed even by manager
tenant-security	Run npm test	2026-09-17T21:15:17.1190880Z ok 263 - disabled module cannot be accessed even by manager
tenant-security	Run npm test	2026-09-17T21:15:17.1191707Z   ---
tenant-security	Run npm test	2026-09-17T21:15:17.1192403Z   duration_ms: 0.551324
tenant-security	Run npm test	2026-09-17T21:15:17.1193287Z   type: 'test'
tenant-security	Run npm test	2026-09-17T21:15:17.1193836Z   ...
tenant-security	Run npm test	2026-09-17T21:15:17.1194612Z # Subtest: snapshot fingerprint survives JSONB key reordering
tenant-security	Run npm test	2026-09-17T21:15:17.1195608Z ok 264 - snapshot fingerprint survives JSONB key reordering
tenant-security	Run npm test	2026-09-17T21:15:17.1196324Z   ---
tenant-security	Run npm test	2026-09-17T21:15:17.1196806Z   duration_ms: 0.504706
tenant-security	Run npm test	2026-09-17T21:15:17.1197337Z   type: 'test'
tenant-security	Run npm test	2026-09-17T21:15:17.1197838Z   ...
tenant-security	Run npm test	2026-09-17T21:15:17.1463066Z # Subtest: Generic Field Planner real Postgres without Navigation
tenant-security	Run npm test	2026-09-17T21:15:17.1493837Z ok 265 - Generic Field Planner real Postgres without Navigation # SKIP
tenant-security	Run npm test	2026-09-17T21:15:17.1517185Z   ---
tenant-security	Run npm test	2026-09-17T21:15:17.1520195Z   duration_ms: 1.089022
tenant-security	Run npm test	2026-09-17T21:15:17.1527827Z   type: 'test'
tenant-security	Run npm test	2026-09-17T21:15:17.1528530Z   ...
tenant-security	Run npm test	2026-09-17T21:15:17.2241161Z # Subtest: 20 ordinary billboard items produce 20 stops across crews with one parent WorkOrder
tenant-security	Run npm test	2026-09-17T21:15:17.2249183Z ok 266 - 20 ordinary billboard items produce 20 stops across crews with one parent WorkOrder
tenant-security	Run npm test	2026-09-17T21:15:17.2250828Z   ---
tenant-security	Run npm test	2026-09-17T21:15:17.2251467Z   duration_ms: 34.574224
tenant-security	Run npm test	2026-09-17T21:15:17.2252107Z   type: 'test'
tenant-security	Run npm test	2026-09-17T21:15:17.2253051Z   ...
tenant-security	Run npm test	2026-09-17T21:15:17.2254189Z # Subtest: same GPS keeps item identity and does not multiply aggregate WorkOrder hours
tenant-security	Run npm test	2026-09-17T21:15:17.2255722Z ok 267 - same GPS keeps item identity and does not multiply aggregate WorkOrder hours
tenant-security	Run npm test	2026-09-17T21:15:17.2256701Z   ---
tenant-security	Run npm test	2026-09-17T21:15:17.2257261Z   duration_ms: 0.413465
tenant-security	Run npm test	2026-09-17T21:15:17.2257824Z   type: 'test'
tenant-security	Run npm test	2026-09-17T21:15:17.2258328Z   ...
tenant-security	Run npm test	2026-09-17T21:15:17.2259344Z # Subtest: tenant-specific carrier duration and item override precede WorkType default
tenant-security	Run npm test	2026-09-17T21:15:17.2288010Z ok 268 - tenant-specific carrier duration and item override precede WorkType default
tenant-security	Run npm test	2026-09-17T21:15:17.2311550Z   ---
tenant-security	Run npm test	2026-09-17T21:15:17.2339527Z   duration_ms: 0.26133
tenant-security	Run npm test	2026-09-17T21:15:17.2363309Z   type: 'test'
tenant-security	Run npm test	2026-09-17T21:15:17.2393168Z   ...
tenant-security	Run npm test	2026-09-17T21:15:17.2433750Z # Subtest: missing GPS stays unassigned while other items remain feasible
tenant-security	Run npm test	2026-09-17T21:15:17.2435551Z ok 269 - missing GPS stays unassigned while other items remain feasible
tenant-security	Run npm test	2026-09-17T21:15:17.2463544Z   ---
tenant-security	Run npm test	2026-09-17T21:15:17.2523595Z   duration_ms: 1.189982
tenant-security	Run npm test	2026-09-17T21:15:17.2547285Z   type: 'test'
tenant-security	Run npm test	2026-09-17T21:15:17.2573222Z   ...
tenant-security	Run npm test	2026-09-17T21:15:17.2608255Z # Subtest: cross-tenant item rejected
tenant-security	Run npm test	2026-09-17T21:15:17.2625272Z ok 270 - cross-tenant item rejected
tenant-security	Run npm test	2026-09-17T21:15:17.2642261Z   ---
tenant-security	Run npm test	2026-09-17T21:15:17.2673504Z   duration_ms: 0.672842
tenant-security	Run npm test	2026-09-17T21:15:17.2674413Z   type: 'test'
tenant-security	Run npm test	2026-09-17T21:15:17.2674975Z   ...
tenant-security	Run npm test	2026-09-17T21:15:17.2675656Z # Subtest: cross-tenant carrier rejected
tenant-security	Run npm test	2026-09-17T21:15:17.2676497Z ok 271 - cross-tenant carrier rejected
tenant-security	Run npm test	2026-09-17T21:15:17.2677172Z   ---
tenant-security	Run npm test	2026-09-17T21:15:17.2677699Z   duration_ms: 0.178835
tenant-security	Run npm test	2026-09-17T21:15:17.2678326Z   type: 'test'
tenant-security	Run npm test	2026-09-17T21:15:17.2678876Z   ...
tenant-security	Run npm test	2026-09-17T21:15:17.2679546Z # Subtest: cross-tenant surface rejected
tenant-security	Run npm test	2026-09-17T21:15:17.2680431Z ok 272 - cross-tenant surface rejected
tenant-security	Run npm test	2026-09-17T21:15:17.2681110Z   ---
tenant-security	Run npm test	2026-09-17T21:15:17.2681666Z   duration_ms: 0.262573
tenant-security	Run npm test	2026-09-17T21:15:17.2682280Z   type: 'test'
tenant-security	Run npm test	2026-09-17T21:15:17.2683103Z   ...
tenant-security	Run npm test	2026-09-17T21:15:17.2683801Z # Subtest: cross-tenant realization rejected
tenant-security	Run npm test	2026-09-17T21:15:17.2684668Z ok 273 - cross-tenant realization rejected
tenant-security	Run npm test	2026-09-17T21:15:17.2685371Z   ---
tenant-security	Run npm test	2026-09-17T21:15:17.2685933Z   duration_ms: 0.201979
tenant-security	Run npm test	2026-09-17T21:15:17.2686559Z   type: 'test'
tenant-security	Run npm test	2026-09-17T21:15:17.2687147Z   ...
tenant-security	Run npm test	2026-09-17T21:15:17.2688125Z # Subtest: one DONE and one blocked item do not affect sibling execution or history
tenant-security	Run npm test	2026-09-17T21:15:17.2689527Z ok 274 - one DONE and one blocked item do not affect sibling execution or history
tenant-security	Run npm test	2026-09-17T21:15:17.2690465Z   ---
tenant-security	Run npm test	2026-09-17T21:15:17.2691108Z   duration_ms: 1.375159
tenant-security	Run npm test	2026-09-17T21:15:17.2691711Z   type: 'test'
tenant-security	Run npm test	2026-09-17T21:15:17.2692325Z   ...
tenant-security	Run npm test	2026-09-17T21:15:17.2693620Z # Subtest: linked CRM state is authoritative even when an item has an old state
tenant-security	Run npm test	2026-09-17T21:15:17.2695847Z ok 275 - linked CRM state is authoritative even when an item has an old state
tenant-security	Run npm test	2026-09-17T21:15:17.2696787Z   ---
tenant-security	Run npm test	2026-09-17T21:15:17.2697312Z   duration_ms: 1.738821
tenant-security	Run npm test	2026-09-17T21:15:17.2697886Z   type: 'test'
tenant-security	Run npm test	2026-09-17T21:15:17.2698394Z   ...
tenant-security	Run npm test	2026-09-17T21:15:17.2699286Z # Subtest: item road fallback remains deterministic and explicitly estimated
tenant-security	Run npm test	2026-09-17T21:15:17.2700527Z ok 276 - item road fallback remains deterministic and explicitly estimated
tenant-security	Run npm test	2026-09-17T21:15:17.2701483Z   ---
tenant-security	Run npm test	2026-09-17T21:15:17.2702084Z   duration_ms: 3.547742
tenant-security	Run npm test	2026-09-17T21:15:17.2703437Z   type: 'test'
tenant-security	Run npm test	2026-09-17T21:15:17.2704020Z   ...
tenant-security	Run npm test	2026-09-17T21:15:17.2705306Z # Subtest: disabled Navigation profile view hides its settings while preserving historical route geometry
tenant-security	Run npm test	2026-09-17T21:15:17.2707073Z ok 277 - disabled Navigation profile view hides its settings while preserving historical route geometry
tenant-security	Run npm test	2026-09-17T21:15:17.2708102Z   ---
tenant-security	Run npm test	2026-09-17T21:15:17.2708589Z   duration_ms: 0.331371
tenant-security	Run npm test	2026-09-17T21:15:17.2709515Z   type: 'test'
tenant-security	Run npm test	2026-09-17T21:15:17.2709992Z   ...
tenant-security	Run npm test	2026-09-17T21:15:17.2711022Z # Subtest: existing CRM installer is a hard crew requirement, not an optimizer suggestion
tenant-security	Run npm test	2026-09-17T21:15:17.2712461Z ok 278 - existing CRM installer is a hard crew requirement, not an optimizer suggestion
tenant-security	Run npm test	2026-09-17T21:15:17.2714070Z   ---
tenant-security	Run npm test	2026-09-17T21:15:17.2714590Z   duration_ms: 0.424406
tenant-security	Run npm test	2026-09-17T21:15:17.2715180Z   type: 'test'
tenant-security	Run npm test	2026-09-17T21:15:17.2715723Z   ...
tenant-security	Run npm test	2026-09-17T21:15:17.7163939Z # Subtest: Navigation Field Planner real Postgres
tenant-security	Run npm test	2026-09-17T21:15:17.7184200Z ok 279 - Navigation Field Planner real Postgres # SKIP
tenant-security	Run npm test	2026-09-17T21:15:17.7203439Z   ---
tenant-security	Run npm test	2026-09-17T21:15:17.7203945Z   duration_ms: 0.904767
tenant-security	Run npm test	2026-09-17T21:15:17.7204459Z   type: 'test'
tenant-security	Run npm test	2026-09-17T21:15:17.7204897Z   ...
tenant-security	Run npm test	2026-09-17T21:15:17.8225187Z # Subtest: A: one NavigationOrder with five locations yields five independently identified stops
tenant-security	Run npm test	2026-09-17T21:15:17.8254307Z ok 280 - A: one NavigationOrder with five locations yields five independently identified stops
tenant-security	Run npm test	2026-09-17T21:15:17.8405602Z   ---
tenant-security	Run npm test	2026-09-17T21:15:17.8437526Z   duration_ms: 33.729861
tenant-security	Run npm test	2026-09-17T21:15:17.8438071Z   type: 'test'
tenant-security	Run npm test	2026-09-17T21:15:17.8438448Z   ...
tenant-security	Run npm test	2026-09-17T21:15:17.8439430Z # Subtest: B: five plus three points from different orders share the same engine and route
tenant-security	Run npm test	2026-09-17T21:15:17.8441008Z ok 281 - B: five plus three points from different orders share the same engine and route
tenant-security	Run npm test	2026-09-17T21:15:17.8441958Z   ---
tenant-security	Run npm test	2026-09-17T21:15:17.8442387Z   duration_ms: 3.683257
tenant-security	Run npm test	2026-09-17T21:15:17.8443169Z   type: 'test'
tenant-security	Run npm test	2026-09-17T21:15:17.8443604Z   ...
tenant-security	Run npm test	2026-09-17T21:15:17.8444475Z # Subtest: C: invalid GPS is unplannable without inventing coordinates
tenant-security	Run npm test	2026-09-17T21:15:17.8445733Z ok 282 - C: invalid GPS is unplannable without inventing coordinates
tenant-security	Run npm test	2026-09-17T21:15:17.8446396Z   ---
tenant-security	Run npm test	2026-09-17T21:15:17.8446740Z   duration_ms: 1.084824
tenant-security	Run npm test	2026-09-17T21:15:17.8447142Z   type: 'test'
tenant-security	Run npm test	2026-09-17T21:15:17.8447506Z   ...
tenant-security	Run npm test	2026-09-17T21:15:17.8448237Z # Subtest: D: cross-tenant NavigationPoint is rejected before optimization
tenant-security	Run npm test	2026-09-17T21:15:17.8449379Z ok 283 - D: cross-tenant NavigationPoint is rejected before optimization
tenant-security	Run npm test	2026-09-17T21:15:17.8450073Z   ---
tenant-security	Run npm test	2026-09-17T21:15:17.8450485Z   duration_ms: 0.642115
tenant-security	Run npm test	2026-09-17T21:15:17.8450893Z   type: 'test'
tenant-security	Run npm test	2026-09-17T21:15:17.8451242Z   ...
tenant-security	Run npm test	2026-09-17T21:15:17.8452135Z # Subtest: F: installed and cancelled points are excluded without removing their source records
tenant-security	Run npm test	2026-09-17T21:15:17.8453797Z ok 284 - F: installed and cancelled points are excluded without removing their source records
tenant-security	Run npm test	2026-09-17T21:15:17.8454618Z   ---
tenant-security	Run npm test	2026-09-17T21:15:17.8454961Z   duration_ms: 1.127794
tenant-security	Run npm test	2026-09-17T21:15:17.8455358Z   type: 'test'
tenant-security	Run npm test	2026-09-17T21:15:17.8455694Z   ...
tenant-security	Run npm test	2026-09-17T21:15:17.8456438Z # Subtest: J: existing deterministic estimated travel applies to point routes
tenant-security	Run npm test	2026-09-17T21:15:17.8457535Z ok 285 - J: existing deterministic estimated travel applies to point routes
tenant-security	Run npm test	2026-09-17T21:15:17.8458211Z   ---
tenant-security	Run npm test	2026-09-17T21:15:17.8458575Z   duration_ms: 3.150578
tenant-security	Run npm test	2026-09-17T21:15:17.8459010Z   type: 'test'
tenant-security	Run npm test	2026-09-17T21:15:17.8459360Z   ...
tenant-security	Run npm test	2026-09-17T21:15:17.8460242Z # Subtest: point-specific durations override the tenant default and survive profile validation
tenant-security	Run npm test	2026-09-17T21:15:17.8461663Z ok 286 - point-specific durations override the tenant default and survive profile validation
tenant-security	Run npm test	2026-09-17T21:15:17.8463063Z   ---
tenant-security	Run npm test	2026-09-17T21:15:17.8463440Z   duration_ms: 1.050911
tenant-security	Run npm test	2026-09-17T21:15:17.8468761Z   type: 'test'
tenant-security	Run npm test	2026-09-17T21:15:17.8479016Z   ...
tenant-security	Run npm test	2026-09-17T21:15:17.8480058Z # Subtest: Navigation and ordinary WorkOrder stops can share one plan
tenant-security	Run npm test	2026-09-17T21:15:17.8481481Z ok 287 - Navigation and ordinary WorkOrder stops can share one plan
tenant-security	Run npm test	2026-09-17T21:15:17.8482592Z   ---
tenant-security	Run npm test	2026-09-17T21:15:17.8483400Z   duration_ms: 1.220218
tenant-security	Run npm test	2026-09-17T21:15:17.8484132Z   type: 'test'
tenant-security	Run npm test	2026-09-17T21:15:17.8484675Z   ...
tenant-security	Run npm test	2026-09-17T21:15:17.8486048Z # Subtest: point issue and approval-required state block installation independently
tenant-security	Run npm test	2026-09-17T21:15:17.8502078Z ok 288 - point issue and approval-required state block installation independently
tenant-security	Run npm test	2026-09-17T21:15:17.8504400Z   ---
tenant-security	Run npm test	2026-09-17T21:15:17.8505408Z   duration_ms: 1.482791
tenant-security	Run npm test	2026-09-17T21:15:17.8506640Z   type: 'test'
tenant-security	Run npm test	2026-09-17T21:15:17.8507886Z   ...
tenant-security	Run npm test	2026-09-17T21:15:17.8509175Z # Subtest: order installer is required when the point has no more specific installer
tenant-security	Run npm test	2026-09-17T21:15:17.8510788Z ok 289 - order installer is required when the point has no more specific installer
tenant-security	Run npm test	2026-09-17T21:15:17.8511996Z   ---
tenant-security	Run npm test	2026-09-17T21:15:17.8512887Z   duration_ms: 0.743284
tenant-security	Run npm test	2026-09-17T21:15:17.8513798Z   type: 'test'
tenant-security	Run npm test	2026-09-17T21:15:17.8514365Z   ...
tenant-security	Run npm test	2026-09-17T21:15:17.8515596Z # Subtest: OCR accepts image bytes while persistent chat rejects inline images
tenant-security	Run npm test	2026-09-17T21:15:17.8517729Z ok 290 - OCR accepts image bytes while persistent chat rejects inline images
tenant-security	Run npm test	2026-09-17T21:15:17.8518811Z   ---
tenant-security	Run npm test	2026-09-17T21:15:17.8519312Z   duration_ms: 1.822367
tenant-security	Run npm test	2026-09-17T21:15:17.8520074Z   type: 'test'
tenant-security	Run npm test	2026-09-17T21:15:17.8520570Z   ...
tenant-security	Run npm test	2026-09-17T21:15:17.8522041Z # Subtest: vehicle receipt is saved independently of the chat attachment
tenant-security	Run npm test	2026-09-17T21:15:17.8523761Z ok 291 - vehicle receipt is saved independently of the chat attachment
tenant-security	Run npm test	2026-09-17T21:15:17.8524702Z   ---
tenant-security	Run npm test	2026-09-17T21:15:17.8525310Z   duration_ms: 0.317856
tenant-security	Run npm test	2026-09-17T21:15:17.8525895Z   type: 'test'
tenant-security	Run npm test	2026-09-17T21:15:17.8526764Z   ...
tenant-security	Run npm test	2026-09-17T21:15:17.8528043Z # Subtest: failed OCR is visible and does not claim success just because a photo exists
tenant-security	Run npm test	2026-09-17T21:15:17.8530038Z ok 292 - failed OCR is visible and does not claim success just because a photo exists
tenant-security	Run npm test	2026-09-17T21:15:17.8531349Z   ---
tenant-security	Run npm test	2026-09-17T21:15:17.8531934Z   duration_ms: 0.314099
tenant-security	Run npm test	2026-09-17T21:15:17.8532821Z   type: 'test'
tenant-security	Run npm test	2026-09-17T21:15:17.8533690Z   ...
tenant-security	Run npm test	2026-09-17T21:15:17.9739030Z # Google Drive OAuth failed; falling back to the service account.
tenant-security	Run npm test	2026-09-17T21:15:17.9823762Z # Subtest: 1. Mock cannot be activated in production
tenant-security	Run npm test	2026-09-17T21:15:17.9853468Z ok 293 - 1. Mock cannot be activated in production
tenant-security	Run npm test	2026-09-17T21:15:17.9893231Z   ---
tenant-security	Run npm test	2026-09-17T21:15:17.9902396Z   duration_ms: 1.870047
tenant-security	Run npm test	2026-09-17T21:15:17.9913866Z   type: 'test'
tenant-security	Run npm test	2026-09-17T21:15:17.9933608Z   ...
tenant-security	Run npm test	2026-09-17T21:15:17.9947396Z # Subtest: 2. Missing credentials without mock enabled throws error
tenant-security	Run npm test	2026-09-17T21:15:17.9958933Z ok 294 - 2. Missing credentials without mock enabled throws error
tenant-security	Run npm test	2026-09-17T21:15:18.0013272Z   ---
tenant-security	Run npm test	2026-09-17T21:15:18.0033511Z   duration_ms: 1.340734
tenant-security	Run npm test	2026-09-17T21:15:18.0042503Z   type: 'test'
tenant-security	Run npm test	2026-09-17T21:15:18.0043313Z   ...
tenant-security	Run npm test	2026-09-17T21:15:18.0044245Z # Subtest: 3. verifyFileInFolder strictly checks parent folder alignment
tenant-security	Run npm test	2026-09-17T21:15:18.0045527Z ok 295 - 3. verifyFileInFolder strictly checks parent folder alignment
tenant-security	Run npm test	2026-09-17T21:15:18.0046445Z   ---
tenant-security	Run npm test	2026-09-17T21:15:18.0046998Z   duration_ms: 1.157691
tenant-security	Run npm test	2026-09-17T21:15:18.0047658Z   type: 'test'
tenant-security	Run npm test	2026-09-17T21:15:18.0048228Z   ...
tenant-security	Run npm test	2026-09-17T21:15:18.0049144Z # Subtest: 4. downloadPhotoFromGoogleDrive returns binary response stream
tenant-security	Run npm test	2026-09-17T21:15:18.0050542Z ok 296 - 4. downloadPhotoFromGoogleDrive returns binary response stream
tenant-security	Run npm test	2026-09-17T21:15:18.0053940Z   ---
tenant-security	Run npm test	2026-09-17T21:15:18.0054493Z   duration_ms: 28.106575
tenant-security	Run npm test	2026-09-17T21:15:18.0055099Z   type: 'test'
tenant-security	Run npm test	2026-09-17T21:15:18.0055602Z   ...
tenant-security	Run npm test	2026-09-17T21:15:18.0056658Z # Subtest: 5. Photo reordering logic prevents duplicates and preserves contiguous index orders
tenant-security	Run npm test	2026-09-17T21:15:18.0058221Z ok 297 - 5. Photo reordering logic prevents duplicates and preserves contiguous index orders
tenant-security	Run npm test	2026-09-17T21:15:18.0059178Z   ---
tenant-security	Run npm test	2026-09-17T21:15:18.0059698Z   duration_ms: 1.298795
tenant-security	Run npm test	2026-09-17T21:15:18.0060265Z   type: 'test'
tenant-security	Run npm test	2026-09-17T21:15:18.0060782Z   ...
tenant-security	Run npm test	2026-09-17T21:15:18.0061601Z # Subtest: 6. Primary photo re-election when deleting primary photo
tenant-security	Run npm test	2026-09-17T21:15:18.0063094Z ok 298 - 6. Primary photo re-election when deleting primary photo
tenant-security	Run npm test	2026-09-17T21:15:18.0063889Z   ---
tenant-security	Run npm test	2026-09-17T21:15:18.0064420Z   duration_ms: 0.462808
tenant-security	Run npm test	2026-09-17T21:15:18.0065010Z   type: 'test'
tenant-security	Run npm test	2026-09-17T21:15:18.0065534Z   ...
tenant-security	Run npm test	2026-09-17T21:15:18.0066681Z # Subtest: 7. listImagesInFolder lists files in the mock folder
tenant-security	Run npm test	2026-09-17T21:15:18.0067857Z ok 299 - 7. listImagesInFolder lists files in the mock folder
tenant-security	Run npm test	2026-09-17T21:15:18.0068598Z   ---
tenant-security	Run npm test	2026-09-17T21:15:18.0069073Z   duration_ms: 0.735659
tenant-security	Run npm test	2026-09-17T21:15:18.0069639Z   type: 'test'
tenant-security	Run npm test	2026-09-17T21:15:18.0070122Z   ...
tenant-security	Run npm test	2026-09-17T21:15:18.0070917Z # Subtest: 8. expired OAuth falls back to a configured service account
tenant-security	Run npm test	2026-09-17T21:15:18.0072043Z ok 300 - 8. expired OAuth falls back to a configured service account
tenant-security	Run npm test	2026-09-17T21:15:18.0072975Z   ---
tenant-security	Run npm test	2026-09-17T21:15:18.0073496Z   duration_ms: 1.640366
tenant-security	Run npm test	2026-09-17T21:15:18.0074105Z   type: 'test'
tenant-security	Run npm test	2026-09-17T21:15:18.0074623Z   ...
tenant-security	Run npm test	2026-09-17T21:15:18.0075475Z # Subtest: 9. OAuth error remains visible when no fallback is configured
tenant-security	Run npm test	2026-09-17T21:15:18.0076646Z ok 301 - 9. OAuth error remains visible when no fallback is configured
tenant-security	Run npm test	2026-09-17T21:15:18.0077454Z   ---
tenant-security	Run npm test	2026-09-17T21:15:18.0077958Z   duration_ms: 0.644428
tenant-security	Run npm test	2026-09-17T21:15:18.0078510Z   type: 'test'
tenant-security	Run npm test	2026-09-17T21:15:18.0079266Z   ...
tenant-security	Run npm test	2026-09-17T21:15:18.0354906Z # Subtest: navigační plán používá SHA-256 a změna neidentitních polí zneplatní náhled
tenant-security	Run npm test	2026-09-17T21:15:18.0384896Z ok 302 - navigační plán používá SHA-256 a změna neidentitních polí zneplatní náhled
tenant-security	Run npm test	2026-09-17T21:15:18.0403390Z   ---
tenant-security	Run npm test	2026-09-17T21:15:18.0423501Z   duration_ms: 6.050135
tenant-security	Run npm test	2026-09-17T21:15:18.0463301Z   type: 'test'
tenant-security	Run npm test	2026-09-17T21:15:18.0493183Z   ...
tenant-security	Run npm test	2026-09-17T21:15:18.0523956Z # Subtest: chybějící klient nevytvoří sdíleného zástupného zákazníka
tenant-security	Run npm test	2026-09-17T21:15:18.0525390Z ok 303 - chybějící klient nevytvoří sdíleného zástupného zákazníka
tenant-security	Run npm test	2026-09-17T21:15:18.0553394Z   ---
tenant-security	Run npm test	2026-09-17T21:15:18.0583436Z   duration_ms: 0.95968
tenant-security	Run npm test	2026-09-17T21:15:18.0603374Z   type: 'test'
tenant-security	Run npm test	2026-09-17T21:15:18.0611410Z   ...
tenant-security	Run npm test	2026-09-17T21:15:18.0637719Z # Subtest: mediální import nikdy nepotvrdí prázdný report jako platný
tenant-security	Run npm test	2026-09-17T21:15:18.0675784Z ok 304 - mediální import nikdy nepotvrdí prázdný report jako platný
tenant-security	Run npm test	2026-09-17T21:15:18.0694641Z   ---
tenant-security	Run npm test	2026-09-17T21:15:18.0695690Z   duration_ms: 1.093391
tenant-security	Run npm test	2026-09-17T21:15:18.0696378Z   type: 'test'
tenant-security	Run npm test	2026-09-17T21:15:18.0696985Z   ...
tenant-security	Run npm test	2026-09-17T21:15:18.0698018Z # Subtest: oba chráněné importy auditují uživatele a prostředí
tenant-security	Run npm test	2026-09-17T21:15:18.0699313Z ok 305 - oba chráněné importy auditují uživatele a prostředí
tenant-security	Run npm test	2026-09-17T21:15:18.0700116Z   ---
tenant-security	Run npm test	2026-09-17T21:15:18.0700674Z   duration_ms: 0.577993
tenant-security	Run npm test	2026-09-17T21:15:18.0701305Z   type: 'test'
tenant-security	Run npm test	2026-09-17T21:15:18.0701866Z   ...
tenant-security	Run npm test	2026-09-17T21:15:18.1734567Z # Subtest: integration credentials use authenticated encryption and reject the wrong key
tenant-security	Run npm test	2026-09-17T21:15:18.1774006Z ok 306 - integration credentials use authenticated encryption and reject the wrong key
tenant-security	Run npm test	2026-09-17T21:15:18.1833716Z   ---
tenant-security	Run npm test	2026-09-17T21:15:18.1933751Z   duration_ms: 3.682335
tenant-security	Run npm test	2026-09-17T21:15:18.1963422Z   type: 'test'
tenant-security	Run npm test	2026-09-17T21:15:18.2033361Z   ...
tenant-security	Run npm test	2026-09-17T21:15:18.2063807Z # Subtest: Google OAuth state is signed, expires and binds organization with user
tenant-security	Run npm test	2026-09-17T21:15:18.2065094Z ok 307 - Google OAuth state is signed, expires and binds organization with user
tenant-security	Run npm test	2026-09-17T21:15:18.2093461Z   ---
tenant-security	Run npm test	2026-09-17T21:15:18.2123458Z   duration_ms: 0.947778
tenant-security	Run npm test	2026-09-17T21:15:18.2126326Z   type: 'test'
tenant-security	Run npm test	2026-09-17T21:15:18.2126703Z   ...
tenant-security	Run npm test	2026-09-17T21:15:18.2127458Z # Subtest: integration records are tenant scoped with tenant unique provider
tenant-security	Run npm test	2026-09-17T21:15:18.2128533Z ok 308 - integration records are tenant scoped with tenant unique provider
tenant-security	Run npm test	2026-09-17T21:15:18.2129196Z   ---
tenant-security	Run npm test	2026-09-17T21:15:18.2129535Z   duration_ms: 25.920286
tenant-security	Run npm test	2026-09-17T21:15:18.2129917Z   type: 'test'
tenant-security	Run npm test	2026-09-17T21:15:18.2130241Z   ...
tenant-security	Run npm test	2026-09-17T21:15:18.2130975Z # Subtest: OAuth callback rejects a state for another organization before saving
tenant-security	Run npm test	2026-09-17T21:15:18.2132067Z ok 309 - OAuth callback rejects a state for another organization before saving
tenant-security	Run npm test	2026-09-17T21:15:18.2133513Z   ---
tenant-security	Run npm test	2026-09-17T21:15:18.2133868Z   duration_ms: 2.246813
tenant-security	Run npm test	2026-09-17T21:15:18.2134261Z   type: 'test'
tenant-security	Run npm test	2026-09-17T21:15:18.2134594Z   ...
tenant-security	Run npm test	2026-09-17T21:15:18.2135884Z # Subtest: OAuth redirect supports one explicitly configured stable HTTPS origin
tenant-security	Run npm test	2026-09-17T21:15:18.2157988Z ok 310 - OAuth redirect supports one explicitly configured stable HTTPS origin
tenant-security	Run npm test	2026-09-17T21:15:18.2183257Z   ---
tenant-security	Run npm test	2026-09-17T21:15:18.2213236Z   duration_ms: 0.406082
tenant-security	Run npm test	2026-09-17T21:15:18.2223972Z   type: 'test'
tenant-security	Run npm test	2026-09-17T21:15:18.2266239Z   ...
tenant-security	Run npm test	2026-09-17T21:15:18.2293606Z # Subtest: Google Drive connection rejects inherited broad scopes
tenant-security	Run npm test	2026-09-17T21:15:18.2344858Z ok 311 - Google Drive connection rejects inherited broad scopes
tenant-security	Run npm test	2026-09-17T21:15:18.2355816Z   ---
tenant-security	Run npm test	2026-09-17T21:15:18.2356199Z   duration_ms: 0.707547
tenant-security	Run npm test	2026-09-17T21:15:18.2356599Z   type: 'test'
tenant-security	Run npm test	2026-09-17T21:15:18.2356913Z   ...
tenant-security	Run npm test	2026-09-17T21:15:18.2357829Z # Subtest: tenant Google Drive connection is the primary runtime credential and reports refresh health
tenant-security	Run npm test	2026-09-17T21:15:18.2359272Z ok 312 - tenant Google Drive connection is the primary runtime credential and reports refresh health
tenant-security	Run npm test	2026-09-17T21:15:18.2360104Z   ---
tenant-security	Run npm test	2026-09-17T21:15:18.2360445Z   duration_ms: 0.671289
tenant-security	Run npm test	2026-09-17T21:15:18.2360851Z   type: 'test'
tenant-security	Run npm test	2026-09-17T21:15:18.2361220Z   ...
tenant-security	Run npm test	2026-09-17T21:15:18.5151986Z # Subtest: invoice settings normalize tenant defaults and reject unsafe values
tenant-security	Run npm test	2026-09-17T21:15:18.5172013Z ok 313 - invoice settings normalize tenant defaults and reject unsafe values
tenant-security	Run npm test	2026-09-17T21:15:18.5184438Z   ---
tenant-security	Run npm test	2026-09-17T21:15:18.5185103Z   duration_ms: 3.325135
tenant-security	Run npm test	2026-09-17T21:15:18.5185830Z   type: 'test'
tenant-security	Run npm test	2026-09-17T21:15:18.5186534Z   ...
tenant-security	Run npm test	2026-09-17T21:15:18.5187578Z # Subtest: invoice sequence, due date and VAT calculations are deterministic
tenant-security	Run npm test	2026-09-17T21:15:18.5189037Z ok 314 - invoice sequence, due date and VAT calculations are deterministic
tenant-security	Run npm test	2026-09-17T21:15:18.5190056Z   ---
tenant-security	Run npm test	2026-09-17T21:15:18.5190681Z   duration_ms: 1.707311
tenant-security	Run npm test	2026-09-17T21:15:18.5191288Z   type: 'test'
tenant-security	Run npm test	2026-09-17T21:15:18.5191878Z   ...
tenant-security	Run npm test	2026-09-17T21:15:18.5193067Z # Subtest: invoice party snapshots are detached from later source changes
tenant-security	Run npm test	2026-09-17T21:15:18.5194397Z ok 315 - invoice party snapshots are detached from later source changes
tenant-security	Run npm test	2026-09-17T21:15:18.5195279Z   ---
tenant-security	Run npm test	2026-09-17T21:15:18.5195812Z   duration_ms: 0.260829
tenant-security	Run npm test	2026-09-17T21:15:18.5196417Z   type: 'test'
tenant-security	Run npm test	2026-09-17T21:15:18.5196960Z   ...
tenant-security	Run npm test	2026-09-17T21:15:18.5198214Z # Subtest: invoice route uses stored line items, party snapshots, currency and atomic tenant sequence
tenant-security	Run npm test	2026-09-17T21:15:18.5199807Z ok 316 - invoice route uses stored line items, party snapshots, currency and atomic tenant sequence
tenant-security	Run npm test	2026-09-17T21:15:18.5200866Z   ---
tenant-security	Run npm test	2026-09-17T21:15:18.5201453Z   duration_ms: 0.56516
tenant-security	Run npm test	2026-09-17T21:15:18.5202122Z   type: 'test'
tenant-security	Run npm test	2026-09-17T21:15:18.5203011Z   ...
tenant-security	Run npm test	2026-09-17T21:15:18.5866592Z # Subtest: photo format detection: identifies JPEG, PNG, WebP, and iPhone HEIC/HEIF
tenant-security	Run npm test	2026-09-17T21:15:18.5868289Z ok 317 - photo format detection: identifies JPEG, PNG, WebP, and iPhone HEIC/HEIF
tenant-security	Run npm test	2026-09-17T21:15:18.5923356Z   ---
tenant-security	Run npm test	2026-09-17T21:15:18.5923771Z   duration_ms: 3.670763
tenant-security	Run npm test	2026-09-17T21:15:18.5953347Z   type: 'test'
tenant-security	Run npm test	2026-09-17T21:15:18.5954051Z   ...
tenant-security	Run npm test	2026-09-17T21:15:18.5984067Z # Subtest: dimension calculation: downscales long edge to max 2560px preserving aspect ratio
tenant-security	Run npm test	2026-09-17T21:15:18.6043938Z ok 318 - dimension calculation: downscales long edge to max 2560px preserving aspect ratio
tenant-security	Run npm test	2026-09-17T21:15:18.6065295Z   ---
tenant-security	Run npm test	2026-09-17T21:15:18.6093452Z   duration_ms: 0.337092
tenant-security	Run npm test	2026-09-17T21:15:18.6123394Z   type: 'test'
tenant-security	Run npm test	2026-09-17T21:15:18.6153229Z   ...
tenant-security	Run npm test	2026-09-17T21:15:18.6154467Z # Subtest: client pre-upload validation: verifies size, empty files and unconverted HEIC
tenant-security	Run npm test	2026-09-17T21:15:18.6179720Z ok 319 - client pre-upload validation: verifies size, empty files and unconverted HEIC
tenant-security	Run npm test	2026-09-17T21:15:18.6185919Z   ---
tenant-security	Run npm test	2026-09-17T21:15:18.6186495Z   duration_ms: 7.376482
tenant-security	Run npm test	2026-09-17T21:15:18.6187081Z   type: 'test'
tenant-security	Run npm test	2026-09-17T21:15:18.6187590Z   ...
tenant-security	Run npm test	2026-09-17T21:15:18.6188644Z # Subtest: client compression: automatically downscales large mobile photo safely under 3.5 MB
tenant-security	Run npm test	2026-09-17T21:15:18.6190338Z ok 320 - client compression: automatically downscales large mobile photo safely under 3.5 MB
tenant-security	Run npm test	2026-09-17T21:15:18.6192033Z   ---
tenant-security	Run npm test	2026-09-17T21:15:18.6192604Z   duration_ms: 8.582914
tenant-security	Run npm test	2026-09-17T21:15:18.6193521Z   type: 'test'
tenant-security	Run npm test	2026-09-17T21:15:18.6194106Z   ...
tenant-security	Run npm test	2026-09-17T21:15:18.6195263Z # Subtest: HEIC decoder fallback: returns friendly Czech message when decoder is not available
tenant-security	Run npm test	2026-09-17T21:15:18.6196942Z ok 321 - HEIC decoder fallback: returns friendly Czech message when decoder is not available
tenant-security	Run npm test	2026-09-17T21:15:18.6198054Z   ---
tenant-security	Run npm test	2026-09-17T21:15:18.6198655Z   duration_ms: 0.712817
tenant-security	Run npm test	2026-09-17T21:15:18.6199330Z   type: 'test'
tenant-security	Run npm test	2026-09-17T21:15:18.6199926Z   ...
tenant-security	Run npm test	2026-09-17T21:15:18.6200953Z # Subtest: backend validatePhotoFile: accepts valid JPEG, PNG and WebP under 4 MB
tenant-security	Run npm test	2026-09-17T21:15:18.6202395Z ok 322 - backend validatePhotoFile: accepts valid JPEG, PNG and WebP under 4 MB
tenant-security	Run npm test	2026-09-17T21:15:18.6203701Z   ---
tenant-security	Run npm test	2026-09-17T21:15:18.6204265Z   duration_ms: 4.139643
tenant-security	Run npm test	2026-09-17T21:15:18.6204877Z   type: 'test'
tenant-security	Run npm test	2026-09-17T21:15:18.6205445Z   ...
tenant-security	Run npm test	2026-09-17T21:15:18.6206604Z # Subtest: backend validatePhotoFile: rejects oversized JPEG (> 4 MB) with 413 PHOTO_TOO_LARGE
tenant-security	Run npm test	2026-09-17T21:15:18.6208224Z ok 323 - backend validatePhotoFile: rejects oversized JPEG (> 4 MB) with 413 PHOTO_TOO_LARGE
tenant-security	Run npm test	2026-09-17T21:15:18.6209316Z   ---
tenant-security	Run npm test	2026-09-17T21:15:18.6209902Z   duration_ms: 9.04447
tenant-security	Run npm test	2026-09-17T21:15:18.6210548Z   type: 'test'
tenant-security	Run npm test	2026-09-17T21:15:18.6211127Z   ...
tenant-security	Run npm test	2026-09-17T21:15:18.6212232Z # Subtest: backend validatePhotoFile: rejects raw unconverted HEIC with 415 INVALID_IMAGE
tenant-security	Run npm test	2026-09-17T21:15:18.6214066Z ok 324 - backend validatePhotoFile: rejects raw unconverted HEIC with 415 INVALID_IMAGE
tenant-security	Run npm test	2026-09-17T21:15:18.6215219Z   ---
tenant-security	Run npm test	2026-09-17T21:15:18.6215805Z   duration_ms: 0.402876
tenant-security	Run npm test	2026-09-17T21:15:18.6216423Z   type: 'test'
tenant-security	Run npm test	2026-09-17T21:15:18.6217006Z   ...
tenant-security	Run npm test	2026-09-17T21:15:18.6218017Z # Subtest: backend validatePhotoFile: rejects empty file with 415 INVALID_IMAGE
tenant-security	Run npm test	2026-09-17T21:15:18.6219466Z ok 325 - backend validatePhotoFile: rejects empty file with 415 INVALID_IMAGE
tenant-security	Run npm test	2026-09-17T21:15:18.6220469Z   ---
tenant-security	Run npm test	2026-09-17T21:15:18.6221059Z   duration_ms: 0.531266
tenant-security	Run npm test	2026-09-17T21:15:18.6221699Z   type: 'test'
tenant-security	Run npm test	2026-09-17T21:15:18.6222291Z   ...
tenant-security	Run npm test	2026-09-17T21:15:18.6223476Z # Subtest: safe API parsing: handles HTTP 413 and returns clean Czech message
tenant-security	Run npm test	2026-09-17T21:15:18.6224746Z ok 326 - safe API parsing: handles HTTP 413 and returns clean Czech message
tenant-security	Run npm test	2026-09-17T21:15:18.6225695Z   ---
tenant-security	Run npm test	2026-09-17T21:15:18.6226274Z   duration_ms: 25.584687
tenant-security	Run npm test	2026-09-17T21:15:18.6226909Z   type: 'test'
tenant-security	Run npm test	2026-09-17T21:15:18.6227482Z   ...
tenant-security	Run npm test	2026-09-17T21:15:18.6228648Z # Subtest: safe API parsing: handles non-JSON response (HTML proxy error / 504 / 413) without crashing
tenant-security	Run npm test	2026-09-17T21:15:18.6230475Z ok 327 - safe API parsing: handles non-JSON response (HTML proxy error / 504 / 413) without crashing
tenant-security	Run npm test	2026-09-17T21:15:18.6231606Z   ---
tenant-security	Run npm test	2026-09-17T21:15:18.6232259Z   duration_ms: 0.480231
tenant-security	Run npm test	2026-09-17T21:15:18.6233153Z   type: 'test'
tenant-security	Run npm test	2026-09-17T21:15:18.6233795Z   ...
tenant-security	Run npm test	2026-09-17T21:15:18.6234721Z # Subtest: safe API parsing: handles 500 HTML crash page cleanly
tenant-security	Run npm test	2026-09-17T21:15:18.6235883Z ok 328 - safe API parsing: handles 500 HTML crash page cleanly
tenant-security	Run npm test	2026-09-17T21:15:18.6236734Z   ---
tenant-security	Run npm test	2026-09-17T21:15:18.6237317Z   duration_ms: 0.546836
tenant-security	Run npm test	2026-09-17T21:15:18.6237966Z   type: 'test'
tenant-security	Run npm test	2026-09-17T21:15:18.6238545Z   ...
tenant-security	Run npm test	2026-09-17T21:15:18.6239647Z # Subtest: error shielding: never exposes raw technical Safari / DOMException strings to user
tenant-security	Run npm test	2026-09-17T21:15:18.6241453Z ok 329 - error shielding: never exposes raw technical Safari / DOMException strings to user
tenant-security	Run npm test	2026-09-17T21:15:18.6242540Z   ---
tenant-security	Run npm test	2026-09-17T21:15:18.6243394Z   duration_ms: 0.24018
tenant-security	Run npm test	2026-09-17T21:15:18.6244021Z   type: 'test'
tenant-security	Run npm test	2026-09-17T21:15:18.6244580Z   ...
tenant-security	Run npm test	2026-09-17T21:15:18.6245680Z # Subtest: GPS preservation: valid coordinates are parsed and preserved for carrier creation
tenant-security	Run npm test	2026-09-17T21:15:18.6247277Z ok 330 - GPS preservation: valid coordinates are parsed and preserved for carrier creation
tenant-security	Run npm test	2026-09-17T21:15:18.6248313Z   ---
tenant-security	Run npm test	2026-09-17T21:15:18.6249359Z   duration_ms: 0.155431
tenant-security	Run npm test	2026-09-17T21:15:18.6250005Z   type: 'test'
tenant-security	Run npm test	2026-09-17T21:15:18.6250568Z   ...
tenant-security	Run npm test	2026-09-17T21:15:18.6251710Z # Subtest: create-carrier route: creates Carrier, Surfaces, Photo, GPS, MediaTypes, and History
tenant-security	Run npm test	2026-09-17T21:15:18.6253633Z ok 331 - create-carrier route: creates Carrier, Surfaces, Photo, GPS, MediaTypes, and History
tenant-security	Run npm test	2026-09-17T21:15:18.6254704Z   ---
tenant-security	Run npm test	2026-09-17T21:15:18.6255293Z   duration_ms: 0.620934
tenant-security	Run npm test	2026-09-17T21:15:18.6255918Z   type: 'test'
tenant-security	Run npm test	2026-09-17T21:15:18.6256497Z   ...
tenant-security	Run npm test	2026-09-17T21:15:18.6257701Z # Subtest: MobileCreateCarrierModal & MobilePhotoFieldAppView use unified client photo processing
tenant-security	Run npm test	2026-09-17T21:15:18.6259380Z ok 332 - MobileCreateCarrierModal & MobilePhotoFieldAppView use unified client photo processing
tenant-security	Run npm test	2026-09-17T21:15:18.6260456Z   ---
tenant-security	Run npm test	2026-09-17T21:15:18.6260959Z   duration_ms: 0.734407
tenant-security	Run npm test	2026-09-17T21:15:18.6261497Z   type: 'test'
tenant-security	Run npm test	2026-09-17T21:15:18.6261993Z   ...
tenant-security	Run npm test	2026-09-17T21:15:18.6263048Z # Subtest: routine mobile photos are not duplicated into installation chat
tenant-security	Run npm test	2026-09-17T21:15:18.6264336Z ok 333 - routine mobile photos are not duplicated into installation chat
tenant-security	Run npm test	2026-09-17T21:15:18.6265283Z   ---
tenant-security	Run npm test	2026-09-17T21:15:18.6265853Z   duration_ms: 1.550889
tenant-security	Run npm test	2026-09-17T21:15:18.6266522Z   type: 'test'
tenant-security	Run npm test	2026-09-17T21:15:18.6267165Z   ...
tenant-security	Run npm test	2026-09-17T21:15:18.6268065Z # Subtest: damage photos still create urgent operational alerts
tenant-security	Run npm test	2026-09-17T21:15:18.6269355Z ok 334 - damage photos still create urgent operational alerts
tenant-security	Run npm test	2026-09-17T21:15:18.6270275Z   ---
tenant-security	Run npm test	2026-09-17T21:15:18.6270877Z   duration_ms: 0.25047
tenant-security	Run npm test	2026-09-17T21:15:18.6271491Z   type: 'test'
tenant-security	Run npm test	2026-09-17T21:15:18.6272058Z   ...
tenant-security	Run npm test	2026-09-17T21:15:18.6273316Z # Subtest: global notifications include unread chat messages but exclude own messages
tenant-security	Run npm test	2026-09-17T21:15:18.6274873Z ok 335 - global notifications include unread chat messages but exclude own messages
tenant-security	Run npm test	2026-09-17T21:15:18.6275927Z   ---
tenant-security	Run npm test	2026-09-17T21:15:18.6276587Z   duration_ms: 0.256071
tenant-security	Run npm test	2026-09-17T21:15:18.6277283Z   type: 'test'
tenant-security	Run npm test	2026-09-17T21:15:18.6277998Z   ...
tenant-security	Run npm test	2026-09-17T21:15:18.6278982Z # Subtest: opening a chat channel marks every delivered message as read
tenant-security	Run npm test	2026-09-17T21:15:18.6280380Z ok 336 - opening a chat channel marks every delivered message as read
tenant-security	Run npm test	2026-09-17T21:15:18.6281305Z   ---
tenant-security	Run npm test	2026-09-17T21:15:18.6281903Z   duration_ms: 0.279594
tenant-security	Run npm test	2026-09-17T21:15:18.6282547Z   type: 'test'
tenant-security	Run npm test	2026-09-17T21:15:18.6283547Z   ...
tenant-security	Run npm test	2026-09-17T21:15:18.7442194Z # [mobile-photos/upload] Následná operace chat selhala Error: chat unavailable
tenant-security	Run npm test	2026-09-17T21:15:18.7465241Z #     at Object.run (/home/runner/work/seepoint/seepoint/tests/mobile-photo-upload.test.ts:31:46)
tenant-security	Run npm test	2026-09-17T21:15:18.7485491Z #     at <anonymous> (/home/runner/work/seepoint/seepoint/lib/mobile-photo-upload.ts:14:69)
tenant-security	Run npm test	2026-09-17T21:15:18.7491809Z #     at Array.map (<anonymous>)
tenant-security	Run npm test	2026-09-17T21:15:18.7493471Z #     at runPostSaveTasks (/home/runner/work/seepoint/seepoint/lib/mobile-photo-upload.ts:14:50)
tenant-security	Run npm test	2026-09-17T21:15:18.7495419Z #     at TestContext.<anonymous> (/home/runner/work/seepoint/seepoint/tests/mobile-photo-upload.test.ts:29:26)
tenant-security	Run npm test	2026-09-17T21:15:18.7496928Z #     at Test.runInAsyncScope (node:async_hooks:214:14)
tenant-security	Run npm test	2026-09-17T21:15:18.7498056Z #     at Test.run (node:internal/test_runner/test:1047:25)
tenant-security	Run npm test	2026-09-17T21:15:18.7499344Z #     at Test.processPendingSubtests (node:internal/test_runner/test:744:18)
tenant-security	Run npm test	2026-09-17T21:15:18.7500715Z #     at Test.postRun (node:internal/test_runner/test:1173:19)
tenant-security	Run npm test	2026-09-17T21:15:18.7501929Z #     at Test.run (node:internal/test_runner/test:1101:12)
tenant-security	Run npm test	2026-09-17T21:15:18.7503571Z # [mobile-photos/upload] Pokus 1/2 selhal Error: temporary chat outage
tenant-security	Run npm test	2026-09-17T21:15:18.7505084Z #     at <anonymous> (/home/runner/work/seepoint/seepoint/tests/mobile-photo-upload.test.ts:41:31)
tenant-security	Run npm test	2026-09-17T21:15:18.7506875Z #     at runWithRetry (/home/runner/work/seepoint/seepoint/lib/mobile-photo-upload.ts:30:20)
tenant-security	Run npm test	2026-09-17T21:15:18.7508618Z #     at TestContext.<anonymous> (/home/runner/work/seepoint/seepoint/tests/mobile-photo-upload.test.ts:39:24)
tenant-security	Run npm test	2026-09-17T21:15:18.7510303Z #     at Test.runInAsyncScope (node:async_hooks:214:14)
tenant-security	Run npm test	2026-09-17T21:15:18.7511453Z #     at Test.run (node:internal/test_runner/test:1047:25)
tenant-security	Run npm test	2026-09-17T21:15:18.7512594Z #     at Test.processPendingSubtests (node:internal/test_runner/test:744:18)
tenant-security	Run npm test	2026-09-17T21:15:18.7514149Z #     at Test.postRun (node:internal/test_runner/test:1173:19)
tenant-security	Run npm test	2026-09-17T21:15:18.7515249Z #     at Test.run (node:internal/test_runner/test:1101:12)
tenant-security	Run npm test	2026-09-17T21:15:18.7516474Z #     at async Test.processPendingSubtests (node:internal/test_runner/test:744:7)
tenant-security	Run npm test	2026-09-17T21:15:18.7517825Z # [mobile-photos/upload] Pokus 1/2 selhal Error: chat unavailable
tenant-security	Run npm test	2026-09-17T21:15:18.7519291Z #     at <anonymous> (/home/runner/work/seepoint/seepoint/tests/mobile-photo-upload.test.ts:55:15)
tenant-security	Run npm test	2026-09-17T21:15:18.7520919Z #     at runWithRetry (/home/runner/work/seepoint/seepoint/lib/mobile-photo-upload.ts:30:20)
tenant-security	Run npm test	2026-09-17T21:15:18.7522539Z #     at Object.run (/home/runner/work/seepoint/seepoint/tests/mobile-photo-upload.test.ts:53:18)
tenant-security	Run npm test	2026-09-17T21:15:18.7524451Z #     at <anonymous> (/home/runner/work/seepoint/seepoint/lib/mobile-photo-upload.ts:14:69)
tenant-security	Run npm test	2026-09-17T21:15:18.7525586Z #     at Array.map (<anonymous>)
tenant-security	Run npm test	2026-09-17T21:15:18.7526826Z #     at runPostSaveTasks (/home/runner/work/seepoint/seepoint/lib/mobile-photo-upload.ts:14:50)
tenant-security	Run npm test	2026-09-17T21:15:18.7528610Z #     at TestContext.<anonymous> (/home/runner/work/seepoint/seepoint/tests/mobile-photo-upload.test.ts:50:26)
tenant-security	Run npm test	2026-09-17T21:15:18.7530034Z #     at Test.runInAsyncScope (node:async_hooks:214:14)
tenant-security	Run npm test	2026-09-17T21:15:18.7531052Z #     at Test.run (node:internal/test_runner/test:1047:25)
tenant-security	Run npm test	2026-09-17T21:15:18.7532227Z #     at Test.processPendingSubtests (node:internal/test_runner/test:744:18)
tenant-security	Run npm test	2026-09-17T21:15:18.7533817Z # [mobile-photos/upload] Pokus 2/2 selhal Error: chat unavailable
tenant-security	Run npm test	2026-09-17T21:15:18.7535232Z #     at <anonymous> (/home/runner/work/seepoint/seepoint/tests/mobile-photo-upload.test.ts:55:15)
tenant-security	Run npm test	2026-09-17T21:15:18.7536798Z #     at runWithRetry (/home/runner/work/seepoint/seepoint/lib/mobile-photo-upload.ts:30:20)
tenant-security	Run npm test	2026-09-17T21:15:18.7537994Z #     at async Promise.allSettled (index 0)
tenant-security	Run npm test	2026-09-17T21:15:18.7539361Z #     at async runPostSaveTasks (/home/runner/work/seepoint/seepoint/lib/mobile-photo-upload.ts:14:19)
tenant-security	Run npm test	2026-09-17T21:15:18.7541291Z #     at async TestContext.<anonymous> (/home/runner/work/seepoint/seepoint/tests/mobile-photo-upload.test.ts:50:20)
tenant-security	Run npm test	2026-09-17T21:15:18.7543155Z #     at async Test.run (node:internal/test_runner/test:1054:7)
tenant-security	Run npm test	2026-09-17T21:15:18.7544471Z #     at async Test.processPendingSubtests (node:internal/test_runner/test:744:7)
tenant-security	Run npm test	2026-09-17T21:15:18.7546103Z # [mobile-photos/upload] Následná operace chat selhala Error: chat unavailable
tenant-security	Run npm test	2026-09-17T21:15:18.7547805Z #     at <anonymous> (/home/runner/work/seepoint/seepoint/tests/mobile-photo-upload.test.ts:55:15)
tenant-security	Run npm test	2026-09-17T21:15:18.7549569Z #     at runWithRetry (/home/runner/work/seepoint/seepoint/lib/mobile-photo-upload.ts:30:20)
tenant-security	Run npm test	2026-09-17T21:15:18.7550893Z #     at async Promise.allSettled (index 0)
tenant-security	Run npm test	2026-09-17T21:15:18.7552384Z #     at async runPostSaveTasks (/home/runner/work/seepoint/seepoint/lib/mobile-photo-upload.ts:14:19)
tenant-security	Run npm test	2026-09-17T21:15:18.7554540Z #     at async TestContext.<anonymous> (/home/runner/work/seepoint/seepoint/tests/mobile-photo-upload.test.ts:50:20)
tenant-security	Run npm test	2026-09-17T21:15:18.7555988Z #     at async Test.run (node:internal/test_runner/test:1054:7)
tenant-security	Run npm test	2026-09-17T21:15:18.7557223Z #     at async Test.processPendingSubtests (node:internal/test_runner/test:744:7)
tenant-security	Run npm test	2026-09-17T21:15:18.7558578Z # Subtest: mobile upload: saved photos use a stable internal URL
tenant-security	Run npm test	2026-09-17T21:15:18.7559809Z ok 337 - mobile upload: saved photos use a stable internal URL
tenant-security	Run npm test	2026-09-17T21:15:18.7560641Z   ---
tenant-security	Run npm test	2026-09-17T21:15:18.7561222Z   duration_ms: 1.403042
tenant-security	Run npm test	2026-09-17T21:15:18.7561889Z   type: 'test'
tenant-security	Run npm test	2026-09-17T21:15:18.7562502Z   ...
tenant-security	Run npm test	2026-09-17T21:15:18.7563756Z # Subtest: mobile upload: missing or invalid GPS is rejected
tenant-security	Run npm test	2026-09-17T21:15:18.7564898Z ok 338 - mobile upload: missing or invalid GPS is rejected
tenant-security	Run npm test	2026-09-17T21:15:18.7566133Z   ---
tenant-security	Run npm test	2026-09-17T21:15:18.7566732Z   duration_ms: 1.091968
tenant-security	Run npm test	2026-09-17T21:15:18.7567412Z   type: 'test'
tenant-security	Run npm test	2026-09-17T21:15:18.7568084Z   ...
tenant-security	Run npm test	2026-09-17T21:15:18.7571217Z # Subtest: mobile upload: chat failure after persistence is only a warning
tenant-security	Run npm test	2026-09-17T21:15:18.7575137Z ok 339 - mobile upload: chat failure after persistence is only a warning
tenant-security	Run npm test	2026-09-17T21:15:18.7576210Z   ---
tenant-security	Run npm test	2026-09-17T21:15:18.7576936Z   duration_ms: 3.361687
tenant-security	Run npm test	2026-09-17T21:15:18.7577618Z   type: 'test'
tenant-security	Run npm test	2026-09-17T21:15:18.7578241Z   ...
tenant-security	Run npm test	2026-09-17T21:15:18.7583002Z # Subtest: mobile upload: transient chat failure is retried before becoming a warning
tenant-security	Run npm test	2026-09-17T21:15:18.7585727Z ok 340 - mobile upload: transient chat failure is retried before becoming a warning
tenant-security	Run npm test	2026-09-17T21:15:18.7586767Z   ---
tenant-security	Run npm test	2026-09-17T21:15:18.7587353Z   duration_ms: 0.697518
tenant-security	Run npm test	2026-09-17T21:15:18.7587970Z   type: 'test'
tenant-security	Run npm test	2026-09-17T21:15:18.7588524Z   ...
tenant-security	Run npm test	2026-09-17T21:15:18.7593082Z # Subtest: mobile upload: persistent chat failure is still isolated from saved photo
tenant-security	Run npm test	2026-09-17T21:15:18.7596239Z ok 341 - mobile upload: persistent chat failure is still isolated from saved photo
tenant-security	Run npm test	2026-09-17T21:15:18.7597182Z   ---
tenant-security	Run npm test	2026-09-17T21:15:18.7597791Z   duration_ms: 2.928983
tenant-security	Run npm test	2026-09-17T21:15:18.7598418Z   type: 'test'
tenant-security	Run npm test	2026-09-17T21:15:18.7598999Z   ...
tenant-security	Run npm test	2026-09-17T21:15:18.7635477Z # Subtest: mobile upload: invalid photo ids cannot become URLs
tenant-security	Run npm test	2026-09-17T21:15:18.7636456Z ok 342 - mobile upload: invalid photo ids cannot become URLs
tenant-security	Run npm test	2026-09-17T21:15:18.7684230Z   ---
tenant-security	Run npm test	2026-09-17T21:15:18.7737307Z   duration_ms: 0.702557
tenant-security	Run npm test	2026-09-17T21:15:18.7763524Z   type: 'test'
tenant-security	Run npm test	2026-09-17T21:15:18.7803366Z   ...
tenant-security	Run npm test	2026-09-17T21:15:18.7833994Z # Subtest: mobile upload: damage options contain the requested field defects
tenant-security	Run npm test	2026-09-17T21:15:18.7835308Z ok 343 - mobile upload: damage options contain the requested field defects
tenant-security	Run npm test	2026-09-17T21:15:18.7865083Z   ---
tenant-security	Run npm test	2026-09-17T21:15:18.7893476Z   duration_ms: 0.374382
tenant-security	Run npm test	2026-09-17T21:15:18.7911634Z   type: 'test'
tenant-security	Run npm test	2026-09-17T21:15:18.7916644Z   ...
tenant-security	Run npm test	2026-09-17T21:15:18.7917865Z # Subtest: mobile nearby: client assigned in carrier detail is visible without an occupancy row
tenant-security	Run npm test	2026-09-17T21:15:18.7919490Z ok 344 - mobile nearby: client assigned in carrier detail is visible without an occupancy row
tenant-security	Run npm test	2026-09-17T21:15:18.7920514Z   ---
tenant-security	Run npm test	2026-09-17T21:15:18.7921035Z   duration_ms: 0.318146
tenant-security	Run npm test	2026-09-17T21:15:18.7921603Z   type: 'test'
tenant-security	Run npm test	2026-09-17T21:15:18.7922107Z   ...
tenant-security	Run npm test	2026-09-17T21:15:18.9249710Z # Subtest: Organization A client listing is always scoped away from Organization B
tenant-security	Run npm test	2026-09-17T21:15:18.9294652Z ok 345 - Organization A client listing is always scoped away from Organization B
tenant-security	Run npm test	2026-09-17T21:15:18.9296033Z   ---
tenant-security	Run npm test	2026-09-17T21:15:18.9321321Z   duration_ms: 2.070723
tenant-security	Run npm test	2026-09-17T21:15:18.9364064Z   type: 'test'
tenant-security	Run npm test	2026-09-17T21:15:18.9399113Z   ...
tenant-security	Run npm test	2026-09-17T21:15:18.9474239Z # Subtest: GET by a foreign client id receives an organization predicate and therefore resolves as 404
tenant-security	Run npm test	2026-09-17T21:15:18.9505450Z ok 346 - GET by a foreign client id receives an organization predicate and therefore resolves as 404
tenant-security	Run npm test	2026-09-17T21:15:18.9513128Z   ---
tenant-security	Run npm test	2026-09-17T21:15:18.9521323Z   duration_ms: 0.18112
tenant-security	Run npm test	2026-09-17T21:15:18.9540750Z   type: 'test'
tenant-security	Run npm test	2026-09-17T21:15:18.9563451Z   ...
tenant-security	Run npm test	2026-09-17T21:15:18.9564475Z # Subtest: updates and deletes cannot target a record outside the active organization
tenant-security	Run npm test	2026-09-17T21:15:18.9565936Z ok 347 - updates and deletes cannot target a record outside the active organization
tenant-security	Run npm test	2026-09-17T21:15:18.9566932Z   ---
tenant-security	Run npm test	2026-09-17T21:15:18.9567468Z   duration_ms: 0.780895
tenant-security	Run npm test	2026-09-17T21:15:18.9568070Z   type: 'test'
tenant-security	Run npm test	2026-09-17T21:15:18.9568596Z   ...
tenant-security	Run npm test	2026-09-17T21:15:18.9569563Z # Subtest: same normalized client name is unique per organization, not globally
tenant-security	Run npm test	2026-09-17T21:15:18.9570994Z ok 348 - same normalized client name is unique per organization, not globally
tenant-security	Run npm test	2026-09-17T21:15:18.9571953Z   ---
tenant-security	Run npm test	2026-09-17T21:15:18.9572498Z   duration_ms: 0.737282
tenant-security	Run npm test	2026-09-17T21:15:18.9573352Z   type: 'test'
tenant-security	Run npm test	2026-09-17T21:15:18.9574206Z   ...
tenant-security	Run npm test	2026-09-17T21:15:18.9575169Z # Subtest: one global user email can have memberships in multiple organizations
tenant-security	Run npm test	2026-09-17T21:15:18.9577188Z ok 349 - one global user email can have memberships in multiple organizations
tenant-security	Run npm test	2026-09-17T21:15:18.9578135Z   ---
tenant-security	Run npm test	2026-09-17T21:15:18.9578678Z   duration_ms: 0.571712
tenant-security	Run npm test	2026-09-17T21:15:18.9579284Z   type: 'test'
tenant-security	Run npm test	2026-09-17T21:15:18.9579837Z   ...
tenant-security	Run npm test	2026-09-17T21:15:18.9580639Z # Subtest: AI inventory lookup is scoped to the active organization
tenant-security	Run npm test	2026-09-17T21:15:18.9581753Z ok 350 - AI inventory lookup is scoped to the active organization
tenant-security	Run npm test	2026-09-17T21:15:18.9582424Z   ---
tenant-security	Run npm test	2026-09-17T21:15:18.9582920Z   duration_ms: 0.278803
tenant-security	Run npm test	2026-09-17T21:15:18.9583346Z   type: 'test'
tenant-security	Run npm test	2026-09-17T21:15:18.9583679Z   ...
tenant-security	Run npm test	2026-09-17T21:15:18.9584414Z # Subtest: dashboard counts and aggregates are scoped to the active organization
tenant-security	Run npm test	2026-09-17T21:15:18.9585542Z ok 351 - dashboard counts and aggregates are scoped to the active organization
tenant-security	Run npm test	2026-09-17T21:15:18.9586234Z   ---
tenant-security	Run npm test	2026-09-17T21:15:18.9586564Z   duration_ms: 0.377418
tenant-security	Run npm test	2026-09-17T21:15:18.9586967Z   type: 'test'
tenant-security	Run npm test	2026-09-17T21:15:18.9587284Z   ...
tenant-security	Run npm test	2026-09-17T21:15:18.9588125Z # Subtest: public offers resolve tenant only by an opaque token and never by offer id fallback
tenant-security	Run npm test	2026-09-17T21:15:18.9589412Z ok 352 - public offers resolve tenant only by an opaque token and never by offer id fallback
tenant-security	Run npm test	2026-09-17T21:15:18.9590202Z   ---
tenant-security	Run npm test	2026-09-17T21:15:18.9590615Z   duration_ms: 1.053085
tenant-security	Run npm test	2026-09-17T21:15:18.9590997Z   type: 'test'
tenant-security	Run npm test	2026-09-17T21:15:18.9591338Z   ...
tenant-security	Run npm test	2026-09-17T21:15:18.9592134Z # Subtest: all declared tenant models receive create ownership and reject client overrides
tenant-security	Run npm test	2026-09-17T21:15:18.9593571Z ok 353 - all declared tenant models receive create ownership and reject client overrides
tenant-security	Run npm test	2026-09-17T21:15:18.9594313Z   ---
tenant-security	Run npm test	2026-09-17T21:15:18.9594628Z   duration_ms: 0.945373
tenant-security	Run npm test	2026-09-17T21:15:18.9594996Z   type: 'test'
tenant-security	Run npm test	2026-09-17T21:15:18.9595331Z   ...
tenant-security	Run npm test	2026-09-17T21:15:18.9774570Z # Subtest: grafické podklady lze nahrát až po přijetí cenové nabídky
tenant-security	Run npm test	2026-09-17T21:15:18.9776417Z ok 354 - grafické podklady lze nahrát až po přijetí cenové nabídky
tenant-security	Run npm test	2026-09-17T21:15:18.9777343Z   ---
tenant-security	Run npm test	2026-09-17T21:15:18.9777795Z   duration_ms: 1.057693
tenant-security	Run npm test	2026-09-17T21:15:18.9778277Z   type: 'test'
tenant-security	Run npm test	2026-09-17T21:15:18.9778750Z   ...
tenant-security	Run npm test	2026-09-17T21:15:18.9779739Z # Subtest: veřejný artwork endpoint vynucuje stejnou stavovou politiku jako UI
tenant-security	Run npm test	2026-09-17T21:15:18.9780997Z ok 355 - veřejný artwork endpoint vynucuje stejnou stavovou politiku jako UI
tenant-security	Run npm test	2026-09-17T21:15:18.9781804Z   ---
tenant-security	Run npm test	2026-09-17T21:15:18.9782258Z   duration_ms: 0.400651
tenant-security	Run npm test	2026-09-17T21:15:18.9783043Z   type: 'test'
tenant-security	Run npm test	2026-09-17T21:15:18.9783543Z   ...
tenant-security	Run npm test	2026-09-17T21:15:19.3554106Z # Subtest: 1. parseNavigationOfferInput recognizes roundabout exit directions
tenant-security	Run npm test	2026-09-17T21:15:19.3583910Z ok 356 - 1. parseNavigationOfferInput recognizes roundabout exit directions
tenant-security	Run npm test	2026-09-17T21:15:19.3643489Z   ---
tenant-security	Run npm test	2026-09-17T21:15:19.3678104Z   duration_ms: 5.022037
tenant-security	Run npm test	2026-09-17T21:15:19.3764193Z   type: 'test'
tenant-security	Run npm test	2026-09-17T21:15:19.3793338Z   ...
tenant-security	Run npm test	2026-09-17T21:15:19.3822012Z # Subtest: 2. parseNavigationOfferInput recognizes Havířov city and fallback detection
tenant-security	Run npm test	2026-09-17T21:15:19.3824699Z ok 357 - 2. parseNavigationOfferInput recognizes Havířov city and fallback detection
tenant-security	Run npm test	2026-09-17T21:15:19.3825954Z   ---
tenant-security	Run npm test	2026-09-17T21:15:19.3826487Z   duration_ms: 0.583614
tenant-security	Run npm test	2026-09-17T21:15:19.3827254Z   type: 'test'
tenant-security	Run npm test	2026-09-17T21:15:19.3827743Z   ...
tenant-security	Run npm test	2026-09-17T21:15:19.4454006Z # Subtest: contract input normalizes data and preserves a zero-day alert
tenant-security	Run npm test	2026-09-17T21:15:19.4481644Z ok 358 - contract input normalizes data and preserves a zero-day alert
tenant-security	Run npm test	2026-09-17T21:15:19.4483880Z   ---
tenant-security	Run npm test	2026-09-17T21:15:19.4484560Z   duration_ms: 2.539262
tenant-security	Run npm test	2026-09-17T21:15:19.4485128Z   type: 'test'
tenant-security	Run npm test	2026-09-17T21:15:19.4485583Z   ...
tenant-security	Run npm test	2026-09-17T21:15:19.4486399Z # Subtest: contact input validates enums, e-mail, phone and lengths
tenant-security	Run npm test	2026-09-17T21:15:19.4490378Z ok 359 - contact input validates enums, e-mail, phone and lengths
tenant-security	Run npm test	2026-09-17T21:15:19.4490811Z   ---
tenant-security	Run npm test	2026-09-17T21:15:19.4491023Z   duration_ms: 0.582924
tenant-security	Run npm test	2026-09-17T21:15:19.4494874Z   type: 'test'
tenant-security	Run npm test	2026-09-17T21:15:19.4498524Z   ...
tenant-security	Run npm test	2026-09-17T21:15:19.4501644Z # Subtest: display state respects explicit draft and terminated states before dates
tenant-security	Run npm test	2026-09-17T21:15:19.4505574Z ok 360 - display state respects explicit draft and terminated states before dates
tenant-security	Run npm test	2026-09-17T21:15:19.4506036Z   ---
tenant-security	Run npm test	2026-09-17T21:15:19.4508899Z   duration_ms: 0.364574
tenant-security	Run npm test	2026-09-17T21:15:19.4509158Z   type: 'test'
tenant-security	Run npm test	2026-09-17T21:15:19.4509361Z   ...
tenant-security	Run npm test	2026-09-17T21:15:19.4512326Z # Subtest: list filters are bounded and reject invalid statuses
tenant-security	Run npm test	2026-09-17T21:15:19.4515728Z ok 361 - list filters are bounded and reject invalid statuses
tenant-security	Run npm test	2026-09-17T21:15:19.4516100Z   ---
tenant-security	Run npm test	2026-09-17T21:15:19.4519044Z   duration_ms: 0.902623
tenant-security	Run npm test	2026-09-17T21:15:19.4519277Z   type: 'test'
tenant-security	Run npm test	2026-09-17T21:15:19.4519471Z   ...
tenant-security	Run npm test	2026-09-17T21:15:19.4522431Z # Subtest: contracts and contacts use dedicated permissions excluded from field roles
tenant-security	Run npm test	2026-09-17T21:15:19.4523893Z ok 362 - contracts and contacts use dedicated permissions excluded from field roles
tenant-security	Run npm test	2026-09-17T21:15:19.4524650Z   ---
tenant-security	Run npm test	2026-09-17T21:15:19.4524989Z   duration_ms: 0.920537
tenant-security	Run npm test	2026-09-17T21:15:19.4525376Z   type: 'test'
tenant-security	Run npm test	2026-09-17T21:15:19.4525706Z   ...
tenant-security	Run npm test	2026-09-17T21:15:19.4526628Z # Subtest: mutations enforce tenant-bound links, serialize primary contact changes and create audit logs
tenant-security	Run npm test	2026-09-17T21:15:19.4527841Z ok 363 - mutations enforce tenant-bound links, serialize primary contact changes and create audit logs
tenant-security	Run npm test	2026-09-17T21:15:19.4528674Z   ---
tenant-security	Run npm test	2026-09-17T21:15:19.4529006Z   duration_ms: 0.35746
tenant-security	Run npm test	2026-09-17T21:15:19.4529385Z   type: 'test'
tenant-security	Run npm test	2026-09-17T21:15:19.4529707Z   ...
tenant-security	Run npm test	2026-09-17T21:15:19.4530453Z # Subtest: contact form sends e-mail and both modules support non-destructive editing
tenant-security	Run npm test	2026-09-17T21:15:19.4531587Z ok 364 - contact form sends e-mail and both modules support non-destructive editing
tenant-security	Run npm test	2026-09-17T21:15:19.4532295Z   ---
tenant-security	Run npm test	2026-09-17T21:15:19.4532593Z   duration_ms: 0.530504
tenant-security	Run npm test	2026-09-17T21:15:19.4533037Z   type: 'test'
tenant-security	Run npm test	2026-09-17T21:15:19.4533567Z   ...
tenant-security	Run npm test	2026-09-17T21:15:19.4534433Z # Subtest: navigation conversion preserves shared site photo and is idempotent in PostgreSQL
tenant-security	Run npm test	2026-09-17T21:15:19.4535795Z ok 365 - navigation conversion preserves shared site photo and is idempotent in PostgreSQL # SKIP
tenant-security	Run npm test	2026-09-17T21:15:19.4536623Z   ---
tenant-security	Run npm test	2026-09-17T21:15:19.4536944Z   duration_ms: 0.931186
tenant-security	Run npm test	2026-09-17T21:15:19.4537324Z   type: 'test'
tenant-security	Run npm test	2026-09-17T21:15:19.4538322Z   ...
tenant-security	Run npm test	2026-09-17T21:15:19.5179403Z # Subtest: fáze 1 blokuje cenové PDF i montážní list
tenant-security	Run npm test	2026-09-17T21:15:19.5195423Z ok 366 - fáze 1 blokuje cenové PDF i montážní list
tenant-security	Run npm test	2026-09-17T21:15:19.5223617Z   ---
tenant-security	Run npm test	2026-09-17T21:15:19.5280578Z   duration_ms: 1.330284
tenant-security	Run npm test	2026-09-17T21:15:19.5303394Z   type: 'test'
tenant-security	Run npm test	2026-09-17T21:15:19.5317608Z   ...
tenant-security	Run npm test	2026-09-17T21:15:19.5356282Z # Subtest: fáze 2 zpřístupní cenové PDF, ale montážní list až po přijetí
tenant-security	Run npm test	2026-09-17T21:15:19.5359605Z ok 367 - fáze 2 zpřístupní cenové PDF, ale montážní list až po přijetí
tenant-security	Run npm test	2026-09-17T21:15:19.5360936Z   ---
tenant-security	Run npm test	2026-09-17T21:15:19.5361564Z   duration_ms: 0.254757
tenant-security	Run npm test	2026-09-17T21:15:19.5362449Z   type: 'test'
tenant-security	Run npm test	2026-09-17T21:15:19.5363196Z   ...
tenant-security	Run npm test	2026-09-17T21:15:19.5364493Z # Subtest: cenová PDF ostatních typů nabídek zůstávají dostupná
tenant-security	Run npm test	2026-09-17T21:15:19.5365988Z ok 368 - cenová PDF ostatních typů nabídek zůstávají dostupná
tenant-security	Run npm test	2026-09-17T21:15:19.5366921Z   ---
tenant-security	Run npm test	2026-09-17T21:15:19.5367580Z   duration_ms: 0.205406
tenant-security	Run npm test	2026-09-17T21:15:19.5368171Z   type: 'test'
tenant-security	Run npm test	2026-09-17T21:15:19.5368864Z   ...
tenant-security	Run npm test	2026-09-17T21:15:19.5638506Z # Subtest: public navigation reports are limited to PUBLISHED and SENT states
tenant-security	Run npm test	2026-09-17T21:15:19.5658404Z ok 369 - public navigation reports are limited to PUBLISHED and SENT states
tenant-security	Run npm test	2026-09-17T21:15:19.5687444Z   ---
tenant-security	Run npm test	2026-09-17T21:15:19.5718795Z   duration_ms: 1.463524
tenant-security	Run npm test	2026-09-17T21:15:19.5743658Z   type: 'test'
tenant-security	Run npm test	2026-09-17T21:15:19.5748820Z   ...
tenant-security	Run npm test	2026-09-17T21:15:19.5774156Z # Subtest: public link requires an unexpired expiry date
tenant-security	Run npm test	2026-09-17T21:15:19.5803019Z ok 370 - public link requires an unexpired expiry date
tenant-security	Run npm test	2026-09-17T21:15:19.5861585Z   ---
tenant-security	Run npm test	2026-09-17T21:15:19.5865357Z   duration_ms: 0.834013
tenant-security	Run npm test	2026-09-17T21:15:19.5866295Z   type: 'test'
tenant-security	Run npm test	2026-09-17T21:15:19.5866848Z   ...
tenant-security	Run npm test	2026-09-17T21:15:19.5867797Z # Subtest: only explicitly client-visible non-private photos are approved
tenant-security	Run npm test	2026-09-17T21:15:19.5869034Z ok 371 - only explicitly client-visible non-private photos are approved
tenant-security	Run npm test	2026-09-17T21:15:19.5869946Z   ---
tenant-security	Run npm test	2026-09-17T21:15:19.5870457Z   duration_ms: 0.300724
tenant-security	Run npm test	2026-09-17T21:15:19.5871016Z   type: 'test'
tenant-security	Run npm test	2026-09-17T21:15:19.5871587Z   ...
tenant-security	Run npm test	2026-09-17T21:15:19.5872412Z # Subtest: quarter and report year validation is strict
tenant-security	Run npm test	2026-09-17T21:15:19.5873676Z ok 372 - quarter and report year validation is strict
tenant-security	Run npm test	2026-09-17T21:15:19.5874489Z   ---
tenant-security	Run npm test	2026-09-17T21:15:19.5875019Z   duration_ms: 0.451807
tenant-security	Run npm test	2026-09-17T21:15:19.5875583Z   type: 'test'
tenant-security	Run npm test	2026-09-17T21:15:19.5876095Z   ...
tenant-security	Run npm test	2026-09-17T21:15:19.5876947Z # Subtest: recipient email rejects malformed input and normalizes casing
tenant-security	Run npm test	2026-09-17T21:15:19.5878154Z ok 373 - recipient email rejects malformed input and normalizes casing
tenant-security	Run npm test	2026-09-17T21:15:19.5879147Z   ---
tenant-security	Run npm test	2026-09-17T21:15:19.5879776Z   duration_ms: 0.383399
tenant-security	Run npm test	2026-09-17T21:15:19.5880454Z   type: 'test'
tenant-security	Run npm test	2026-09-17T21:15:19.5881073Z   ...
tenant-security	Run npm test	2026-09-17T21:15:19.5881888Z # Subtest: custom token expiry is bounded to one year
tenant-security	Run npm test	2026-09-17T21:15:19.5884549Z ok 374 - custom token expiry is bounded to one year
tenant-security	Run npm test	2026-09-17T21:15:19.5885323Z   ---
tenant-security	Run npm test	2026-09-17T21:15:19.5885832Z   duration_ms: 0.613179
tenant-security	Run npm test	2026-09-17T21:15:19.5886396Z   type: 'test'
tenant-security	Run npm test	2026-09-17T21:15:19.5886888Z   ...
tenant-security	Run npm test	2026-09-17T21:15:19.7729452Z # Subtest: 1. Token generation creates cryptographically random token and valid SHA-256 hash
tenant-security	Run npm test	2026-09-17T21:15:19.7774749Z ok 375 - 1. Token generation creates cryptographically random token and valid SHA-256 hash
tenant-security	Run npm test	2026-09-17T21:15:19.7779824Z   ---
tenant-security	Run npm test	2026-09-17T21:15:19.7794620Z   duration_ms: 1.755592
tenant-security	Run npm test	2026-09-17T21:15:19.7795347Z   type: 'test'
tenant-security	Run npm test	2026-09-17T21:15:19.7795952Z   ...
tenant-security	Run npm test	2026-09-17T21:15:19.7796601Z # Subtest: 2. Two generated tokens are unique and non-colliding
tenant-security	Run npm test	2026-09-17T21:15:19.7797483Z ok 376 - 2. Two generated tokens are unique and non-colliding
tenant-security	Run npm test	2026-09-17T21:15:19.7798094Z   ---
tenant-security	Run npm test	2026-09-17T21:15:19.7798427Z   duration_ms: 0.333094
tenant-security	Run npm test	2026-09-17T21:15:19.7798816Z   type: 'test'
tenant-security	Run npm test	2026-09-17T21:15:19.7799178Z   ...
tenant-security	Run npm test	2026-09-17T21:15:19.7799690Z # Subtest: 3. Pre-publish checks detect empty report
tenant-security	Run npm test	2026-09-17T21:15:19.7800421Z ok 377 - 3. Pre-publish checks detect empty report
tenant-security	Run npm test	2026-09-17T21:15:19.7801007Z   ---
tenant-security	Run npm test	2026-09-17T21:15:19.7801367Z   duration_ms: 0.340678
tenant-security	Run npm test	2026-09-17T21:15:19.7801787Z   type: 'test'
tenant-security	Run npm test	2026-09-17T21:15:19.7802181Z   ...
tenant-security	Run npm test	2026-09-17T21:15:19.7803098Z # Subtest: 4. Pre-publish checks detect missing client email
tenant-security	Run npm test	2026-09-17T21:15:19.7803992Z ok 378 - 4. Pre-publish checks detect missing client email
tenant-security	Run npm test	2026-09-17T21:15:19.7804594Z   ---
tenant-security	Run npm test	2026-09-17T21:15:19.7804975Z   duration_ms: 0.242585
tenant-security	Run npm test	2026-09-17T21:15:19.7805406Z   type: 'test'
tenant-security	Run npm test	2026-09-17T21:15:19.7805772Z   ...
tenant-security	Run npm test	2026-09-17T21:15:19.7806537Z # Subtest: 5. Pre-publish checks detect missing photos and unapproved photos
tenant-security	Run npm test	2026-09-17T21:15:19.7821965Z ok 379 - 5. Pre-publish checks detect missing photos and unapproved photos
tenant-security	Run npm test	2026-09-17T21:15:19.7823021Z   ---
tenant-security	Run npm test	2026-09-17T21:15:19.7823434Z   duration_ms: 0.29317
tenant-security	Run npm test	2026-09-17T21:15:19.7823849Z   type: 'test'
tenant-security	Run npm test	2026-09-17T21:15:19.7824214Z   ...
tenant-security	Run npm test	2026-09-17T21:15:19.7824859Z # Subtest: 6. Pre-publish checks detect missing GPS coordinates
tenant-security	Run npm test	2026-09-17T21:15:19.7825742Z ok 380 - 6. Pre-publish checks detect missing GPS coordinates
tenant-security	Run npm test	2026-09-17T21:15:19.7826363Z   ---
tenant-security	Run npm test	2026-09-17T21:15:19.7826680Z   duration_ms: 0.200867
tenant-security	Run npm test	2026-09-17T21:15:19.7827055Z   type: 'test'
tenant-security	Run npm test	2026-09-17T21:15:19.7827377Z   ...
tenant-security	Run npm test	2026-09-17T21:15:19.7828012Z # Subtest: 7. Immutable snapshot builder freezes item details correctly
tenant-security	Run npm test	2026-09-17T21:15:19.7828983Z ok 381 - 7. Immutable snapshot builder freezes item details correctly
tenant-security	Run npm test	2026-09-17T21:15:19.7829616Z   ---
tenant-security	Run npm test	2026-09-17T21:15:19.7829944Z   duration_ms: 0.731913
tenant-security	Run npm test	2026-09-17T21:15:19.7830327Z   type: 'test'
tenant-security	Run npm test	2026-09-17T21:15:19.7830641Z   ...
tenant-security	Run npm test	2026-09-17T21:15:19.7831227Z # Subtest: 8. RBAC section navigationDocumentation access control
tenant-security	Run npm test	2026-09-17T21:15:19.7832599Z ok 382 - 8. RBAC section navigationDocumentation access control
tenant-security	Run npm test	2026-09-17T21:15:19.7833449Z   ---
tenant-security	Run npm test	2026-09-17T21:15:19.7833816Z   duration_ms: 0.243086
tenant-security	Run npm test	2026-09-17T21:15:19.7834213Z   type: 'test'
tenant-security	Run npm test	2026-09-17T21:15:19.7834552Z   ...
tenant-security	Run npm test	2026-09-17T21:15:19.8232599Z # Subtest: 1. parseMountingType parses traction, column, light pole, pole correctly
tenant-security	Run npm test	2026-09-17T21:15:19.8270727Z ok 383 - 1. parseMountingType parses traction, column, light pole, pole correctly
tenant-security	Run npm test	2026-09-17T21:15:19.8272256Z   ---
tenant-security	Run npm test	2026-09-17T21:15:19.8273041Z   duration_ms: 1.277907
tenant-security	Run npm test	2026-09-17T21:15:19.8273869Z   type: 'test'
tenant-security	Run npm test	2026-09-17T21:15:19.8274746Z   ...
tenant-security	Run npm test	2026-09-17T21:15:19.8275760Z # Subtest: 2. parseDistanceMeters parses m and km formats accurately
tenant-security	Run npm test	2026-09-17T21:15:19.8277420Z ok 384 - 2. parseDistanceMeters parses m and km formats accurately
tenant-security	Run npm test	2026-09-17T21:15:19.8278585Z   ---
tenant-security	Run npm test	2026-09-17T21:15:19.8279379Z   duration_ms: 0.640611
tenant-security	Run npm test	2026-09-17T21:15:19.8280158Z   type: 'test'
tenant-security	Run npm test	2026-09-17T21:15:19.8280990Z   ...
tenant-security	Run npm test	2026-09-17T21:15:19.8290018Z # Subtest: 3. Surface multi-tenant state isolation logic
tenant-security	Run npm test	2026-09-17T21:15:19.8291477Z ok 385 - 3. Surface multi-tenant state isolation logic
tenant-security	Run npm test	2026-09-17T21:15:19.8292555Z   ---
tenant-security	Run npm test	2026-09-17T21:15:19.8293448Z   duration_ms: 0.254958
tenant-security	Run npm test	2026-09-17T21:15:19.8294145Z   type: 'test'
tenant-security	Run npm test	2026-09-17T21:15:19.8294647Z   ...
tenant-security	Run npm test	2026-09-17T21:15:20.5314713Z # Subtest: faktura vyžaduje identifikaci, adresy a platební údaje
tenant-security	Run npm test	2026-09-17T21:15:20.5334012Z ok 386 - faktura vyžaduje identifikaci, adresy a platební údaje
tenant-security	Run npm test	2026-09-17T21:15:20.5334973Z   ---
tenant-security	Run npm test	2026-09-17T21:15:20.5363435Z   duration_ms: 2.057558
tenant-security	Run npm test	2026-09-17T21:15:20.5381903Z   type: 'test'
tenant-security	Run npm test	2026-09-17T21:15:20.5423234Z   ...
tenant-security	Run npm test	2026-09-17T21:15:20.5424551Z # Subtest: generátor vytvoří skutečný PDF dokument
tenant-security	Run npm test	2026-09-17T21:15:20.5453817Z ok 387 - generátor vytvoří skutečný PDF dokument
tenant-security	Run npm test	2026-09-17T21:15:20.5501346Z   ---
tenant-security	Run npm test	2026-09-17T21:15:20.5533703Z   duration_ms: 231.926272
tenant-security	Run npm test	2026-09-17T21:15:20.5540470Z   type: 'test'
tenant-security	Run npm test	2026-09-17T21:15:20.5541222Z   ...
tenant-security	Run npm test	2026-09-17T21:15:20.5543051Z # Subtest: API ukládá neměnný doklad, přikládá jej a chrání samostatným billing oprávněním
tenant-security	Run npm test	2026-09-17T21:15:20.5544769Z ok 388 - API ukládá neměnný doklad, přikládá jej a chrání samostatným billing oprávněním
tenant-security	Run npm test	2026-09-17T21:15:20.5545714Z   ---
tenant-security	Run npm test	2026-09-17T21:15:20.5546269Z   duration_ms: 0.688682
tenant-security	Run npm test	2026-09-17T21:15:20.5546887Z   type: 'test'
tenant-security	Run npm test	2026-09-17T21:15:20.5547434Z   ...
tenant-security	Run npm test	2026-09-17T21:15:20.5802998Z # Subtest: 1. Average GPS calculation logic when merging multiple poles
tenant-security	Run npm test	2026-09-17T21:15:20.5834103Z ok 389 - 1. Average GPS calculation logic when merging multiple poles
tenant-security	Run npm test	2026-09-17T21:15:20.5835269Z   ---
tenant-security	Run npm test	2026-09-17T21:15:20.5837976Z   duration_ms: 1.073584
tenant-security	Run npm test	2026-09-17T21:15:20.5838671Z   type: 'test'
tenant-security	Run npm test	2026-09-17T21:15:20.5839284Z   ...
tenant-security	Run npm test	2026-09-17T21:15:20.5840224Z # Subtest: 2. Surface relocation and photo attachment transfer state structure
tenant-security	Run npm test	2026-09-17T21:15:20.5841562Z ok 390 - 2. Surface relocation and photo attachment transfer state structure
tenant-security	Run npm test	2026-09-17T21:15:20.5842508Z   ---
tenant-security	Run npm test	2026-09-17T21:15:20.5843322Z   duration_ms: 0.214052
tenant-security	Run npm test	2026-09-17T21:15:20.5845994Z   type: 'test'
tenant-security	Run npm test	2026-09-17T21:15:20.5846569Z   ...
tenant-security	Run npm test	2026-09-17T21:15:20.5848131Z # Subtest: TEST 1 & TEST 2: Navigace 1. fáze bez cen – schválení výběru lokalit bez objednávky výroby
tenant-security	Run npm test	2026-09-17T21:15:20.5849946Z ok 391 - TEST 1 & TEST 2: Navigace 1. fáze bez cen – schválení výběru lokalit bez objednávky výroby
tenant-security	Run npm test	2026-09-17T21:15:20.5850947Z   ---
tenant-security	Run npm test	2026-09-17T21:15:20.5851470Z   duration_ms: 1.183339
tenant-security	Run npm test	2026-09-17T21:15:20.5852053Z   type: 'test'
tenant-security	Run npm test	2026-09-17T21:15:20.5852565Z   ...
tenant-security	Run npm test	2026-09-17T21:15:20.5853967Z # Subtest: TEST 3: Navigace 1. fáze bez cen – nezobrazuje falešné 0 Kč v public view modelu
tenant-security	Run npm test	2026-09-17T21:15:20.5855515Z ok 392 - TEST 3: Navigace 1. fáze bez cen – nezobrazuje falešné 0 Kč v public view modelu
tenant-security	Run npm test	2026-09-17T21:15:20.5856453Z   ---
tenant-security	Run npm test	2026-09-17T21:15:20.5856985Z   duration_ms: 1.203658
tenant-security	Run npm test	2026-09-17T21:15:20.5857574Z   type: 'test'
tenant-security	Run npm test	2026-09-17T21:15:20.5858092Z   ...
tenant-security	Run npm test	2026-09-17T21:15:20.5859269Z # Subtest: TEST 4: Finální nabídka (PRICED_QUOTE) vyžaduje validní cenu a odmítne 0 Kč
tenant-security	Run npm test	2026-09-17T21:15:20.5861460Z ok 393 - TEST 4: Finální nabídka (PRICED_QUOTE) vyžaduje validní cenu a odmítne 0 Kč
tenant-security	Run npm test	2026-09-17T21:15:20.5862363Z   ---
tenant-security	Run npm test	2026-09-17T21:15:20.5863133Z   duration_ms: 0.562575
tenant-security	Run npm test	2026-09-17T21:15:20.5863729Z   type: 'test'
tenant-security	Run npm test	2026-09-17T21:15:20.5864291Z   ...
tenant-security	Run npm test	2026-09-17T21:15:20.5865384Z # Subtest: TEST 5 & TEST 6: Ochrana tokenů a tenant boundary při schvalování
tenant-security	Run npm test	2026-09-17T21:15:20.5866789Z ok 394 - TEST 5 & TEST 6: Ochrana tokenů a tenant boundary při schvalování
tenant-security	Run npm test	2026-09-17T21:15:20.5867661Z   ---
tenant-security	Run npm test	2026-09-17T21:15:20.5868218Z   duration_ms: 0.996469
tenant-security	Run npm test	2026-09-17T21:15:20.5868813Z   type: 'test'
tenant-security	Run npm test	2026-09-17T21:15:20.5869362Z   ...
tenant-security	Run npm test	2026-09-17T21:15:20.5870272Z # Subtest: TEST 7: Idempotence potvrzení výběru bodů klientem
tenant-security	Run npm test	2026-09-17T21:15:20.5871480Z ok 395 - TEST 7: Idempotence potvrzení výběru bodů klientem
tenant-security	Run npm test	2026-09-17T21:15:20.5872263Z   ---
tenant-security	Run npm test	2026-09-17T21:15:20.5873092Z   duration_ms: 0.336831
tenant-security	Run npm test	2026-09-17T21:15:20.5873746Z   type: 'test'
tenant-security	Run npm test	2026-09-17T21:15:20.5874330Z   ...
tenant-security	Run npm test	2026-09-17T21:15:20.5875463Z # Subtest: TEST 8: Selhání notifikačního e-mailu neohrozí uložení potvrzení klienta
tenant-security	Run npm test	2026-09-17T21:15:20.5876966Z ok 396 - TEST 8: Selhání notifikačního e-mailu neohrozí uložení potvrzení klienta
tenant-security	Run npm test	2026-09-17T21:15:20.5877906Z   ---
tenant-security	Run npm test	2026-09-17T21:15:20.5878469Z   duration_ms: 0.351049
tenant-security	Run npm test	2026-09-17T21:15:20.5879067Z   type: 'test'
tenant-security	Run npm test	2026-09-17T21:15:20.5879611Z   ...
tenant-security	Run npm test	2026-09-17T21:15:20.5880648Z # Subtest: 1. extractNavigationFromPhotoText extracts brand, distance, and direction
tenant-security	Run npm test	2026-09-17T21:15:20.5882179Z ok 397 - 1. extractNavigationFromPhotoText extracts brand, distance, and direction
tenant-security	Run npm test	2026-09-17T21:15:20.5883408Z   ---
tenant-security	Run npm test	2026-09-17T21:15:20.5884042Z   duration_ms: 4.110197
tenant-security	Run npm test	2026-09-17T21:15:20.5884670Z   type: 'test'
tenant-security	Run npm test	2026-09-17T21:15:20.5885220Z   ...
tenant-security	Run npm test	2026-09-17T21:15:20.5886218Z # Subtest: 2. extractFromPhotoList prioritizes notes and filenames with high confidence
tenant-security	Run npm test	2026-09-17T21:15:20.5887641Z ok 398 - 2. extractFromPhotoList prioritizes notes and filenames with high confidence
tenant-security	Run npm test	2026-09-17T21:15:20.5888602Z   ---
tenant-security	Run npm test	2026-09-17T21:15:20.5889108Z   duration_ms: 2.646643
tenant-security	Run npm test	2026-09-17T21:15:20.5889658Z   type: 'test'
tenant-security	Run npm test	2026-09-17T21:15:20.5890156Z   ...
tenant-security	Run npm test	2026-09-17T21:15:20.6774892Z # Subtest: 1. Haversine distance calculates straight line distance accurately
tenant-security	Run npm test	2026-09-17T21:15:20.6804195Z ok 399 - 1. Haversine distance calculates straight line distance accurately
tenant-security	Run npm test	2026-09-17T21:15:20.6810589Z   ---
tenant-security	Run npm test	2026-09-17T21:15:20.6811308Z   duration_ms: 1.307482
tenant-security	Run npm test	2026-09-17T21:15:20.6812021Z   type: 'test'
tenant-security	Run npm test	2026-09-17T21:15:20.6812923Z   ...
tenant-security	Run npm test	2026-09-17T21:15:20.6813909Z # Subtest: 2. Format distance formats meters and kilometers in Czech
tenant-security	Run npm test	2026-09-17T21:15:20.6815198Z ok 400 - 2. Format distance formats meters and kilometers in Czech
tenant-security	Run npm test	2026-09-17T21:15:20.6816098Z   ---
tenant-security	Run npm test	2026-09-17T21:15:20.6816693Z   duration_ms: 0.263194
tenant-security	Run npm test	2026-09-17T21:15:20.6817328Z   type: 'test'
tenant-security	Run npm test	2026-09-17T21:15:20.6817943Z   ...
tenant-security	Run npm test	2026-09-17T21:15:21.7381120Z # Subtest: 3. Real route distance returns structured result with fallback
tenant-security	Run npm test	2026-09-17T21:15:21.7395377Z ok 401 - 3. Real route distance returns structured result with fallback
tenant-security	Run npm test	2026-09-17T21:15:21.7397819Z   ---
tenant-security	Run npm test	2026-09-17T21:15:21.7423565Z   duration_ms: 1115.137025
tenant-security	Run npm test	2026-09-17T21:15:21.7451763Z   type: 'test'
tenant-security	Run npm test	2026-09-17T21:15:21.7457847Z   ...
tenant-security	Run npm test	2026-09-17T21:15:21.7634357Z # Subtest: 1. Updating existing NavigationPoint links photos to surveyNavigationPointId and avoids P2003 FK violation
tenant-security	Run npm test	2026-09-17T21:15:21.7636887Z ok 402 - 1. Updating existing NavigationPoint links photos to surveyNavigationPointId and avoids P2003 FK violation
tenant-security	Run npm test	2026-09-17T21:15:21.7663376Z   ---
tenant-security	Run npm test	2026-09-17T21:15:21.7667288Z   duration_ms: 1.403342
tenant-security	Run npm test	2026-09-17T21:15:21.7668032Z   type: 'test'
tenant-security	Run npm test	2026-09-17T21:15:21.7668648Z   ...
tenant-security	Run npm test	2026-09-17T21:15:21.7670112Z # Subtest: 2. Multiple photos uploaded to NavigationPoint attach all via surveyNavigationPointId and set first as sitePhotoId
tenant-security	Run npm test	2026-09-17T21:15:21.7672385Z ok 403 - 2. Multiple photos uploaded to NavigationPoint attach all via surveyNavigationPointId and set first as sitePhotoId
tenant-security	Run npm test	2026-09-17T21:15:21.7674745Z   ---
tenant-security	Run npm test	2026-09-17T21:15:21.7675386Z   duration_ms: 0.55472
tenant-security	Run npm test	2026-09-17T21:15:21.7676090Z   type: 'test'
tenant-security	Run npm test	2026-09-17T21:15:21.7676694Z   ...
tenant-security	Run npm test	2026-09-17T21:15:21.7677724Z # Subtest: 3. Candidate point links photos strictly via surveyCandidatePointId
tenant-security	Run npm test	2026-09-17T21:15:21.7679213Z ok 404 - 3. Candidate point links photos strictly via surveyCandidatePointId
tenant-security	Run npm test	2026-09-17T21:15:21.7680252Z   ---
tenant-security	Run npm test	2026-09-17T21:15:21.7680831Z   duration_ms: 0.296877
tenant-security	Run npm test	2026-09-17T21:15:21.7684168Z   type: 'test'
tenant-security	Run npm test	2026-09-17T21:15:21.7684847Z   ...
tenant-security	Run npm test	2026-09-17T21:15:21.7686184Z # Subtest: 4. sitePhotoId unique constraint is respected and avoids reusing same photo on different NavigationPoints
tenant-security	Run npm test	2026-09-17T21:15:21.7688244Z ok 405 - 4. sitePhotoId unique constraint is respected and avoids reusing same photo on different NavigationPoints
tenant-security	Run npm test	2026-09-17T21:15:21.7689447Z   ---
tenant-security	Run npm test	2026-09-17T21:15:21.7690055Z   duration_ms: 0.287839
tenant-security	Run npm test	2026-09-17T21:15:21.7690653Z   type: 'test'
tenant-security	Run npm test	2026-09-17T21:15:21.7691216Z   ...
tenant-security	Run npm test	2026-09-17T21:15:21.7692334Z # Subtest: 5. Safe error formatting transforms raw Prisma exceptions into friendly Czech messages
tenant-security	Run npm test	2026-09-17T21:15:21.7694291Z ok 406 - 5. Safe error formatting transforms raw Prisma exceptions into friendly Czech messages
tenant-security	Run npm test	2026-09-17T21:15:21.7695264Z   ---
tenant-security	Run npm test	2026-09-17T21:15:21.7695822Z   duration_ms: 2.76616
tenant-security	Run npm test	2026-09-17T21:15:21.7696411Z   type: 'test'
tenant-security	Run npm test	2026-09-17T21:15:21.7696967Z   ...
tenant-security	Run npm test	2026-09-17T21:15:21.7698069Z # Subtest: 1. formatSurveyArrowBadge correctly resolves standard and roundabout arrows
tenant-security	Run npm test	2026-09-17T21:15:21.7699651Z ok 407 - 1. formatSurveyArrowBadge correctly resolves standard and roundabout arrows
tenant-security	Run npm test	2026-09-17T21:15:21.7700706Z   ---
tenant-security	Run npm test	2026-09-17T21:15:21.7701296Z   duration_ms: 1.213154
tenant-security	Run npm test	2026-09-17T21:15:21.7701975Z   type: 'test'
tenant-security	Run npm test	2026-09-17T21:15:21.7702587Z   ...
tenant-security	Run npm test	2026-09-17T21:15:21.7764106Z # Subtest: 2. Navigation destination link helper formats correct Google Maps and Mapy.cz URLs
tenant-security	Run npm test	2026-09-17T21:15:21.7778525Z ok 408 - 2. Navigation destination link helper formats correct Google Maps and Mapy.cz URLs
tenant-security	Run npm test	2026-09-17T21:15:21.7787997Z   ---
tenant-security	Run npm test	2026-09-17T21:15:21.7788409Z   duration_ms: 0.216977
tenant-security	Run npm test	2026-09-17T21:15:21.7788860Z   type: 'test'
tenant-security	Run npm test	2026-09-17T21:15:21.7789222Z   ...
tenant-security	Run npm test	2026-09-17T21:15:21.7790029Z # Subtest: 3. Candidate update payload retains pillar number and roundabout arrow
tenant-security	Run npm test	2026-09-17T21:15:21.7791252Z ok 409 - 3. Candidate update payload retains pillar number and roundabout arrow
tenant-security	Run npm test	2026-09-17T21:15:21.7791993Z   ---
tenant-security	Run npm test	2026-09-17T21:15:21.7792345Z   duration_ms: 0.219592
tenant-security	Run npm test	2026-09-17T21:15:21.7795000Z   type: 'test'
tenant-security	Run npm test	2026-09-17T21:15:21.7795428Z   ...
tenant-security	Run npm test	2026-09-17T21:15:21.7796006Z # Subtest: Modul NAVIGACE - Workflow a RBAC Testy
tenant-security	Run npm test	2026-09-17T21:15:21.7797379Z     # Subtest: ověřuje povolené přechody stavového automatu zakázky
tenant-security	Run npm test	2026-09-17T21:15:21.7798443Z     ok 1 - ověřuje povolené přechody stavového automatu zakázky
tenant-security	Run npm test	2026-09-17T21:15:21.7799072Z       ---
tenant-security	Run npm test	2026-09-17T21:15:21.7799434Z       duration_ms: 1.057202
tenant-security	Run npm test	2026-09-17T21:15:21.7799871Z       type: 'test'
tenant-security	Run npm test	2026-09-17T21:15:21.7800273Z       ...
tenant-security	Run npm test	2026-09-17T21:15:21.7800959Z     # Subtest: ověřuje oprávnění pro samostatnou roli SALES
tenant-security	Run npm test	2026-09-17T21:15:21.7801874Z     ok 2 - ověřuje oprávnění pro samostatnou roli SALES
tenant-security	Run npm test	2026-09-17T21:15:21.7802454Z       ---
tenant-security	Run npm test	2026-09-17T21:15:21.7803075Z       duration_ms: 0.293882
tenant-security	Run npm test	2026-09-17T21:15:21.7803533Z       type: 'test'
tenant-security	Run npm test	2026-09-17T21:15:21.7803903Z       ...
tenant-security	Run npm test	2026-09-17T21:15:21.7804575Z     # Subtest: ověřuje vlastnictví nabídky pro roli SALES
tenant-security	Run npm test	2026-09-17T21:15:21.7805435Z     ok 3 - ověřuje vlastnictví nabídky pro roli SALES
tenant-security	Run npm test	2026-09-17T21:15:21.7806021Z       ---
tenant-security	Run npm test	2026-09-17T21:15:21.7806381Z       duration_ms: 0.220423
tenant-security	Run npm test	2026-09-17T21:15:21.7806814Z       type: 'test'
tenant-security	Run npm test	2026-09-17T21:15:21.7807187Z       ...
tenant-security	Run npm test	2026-09-17T21:15:21.7808130Z     # Subtest: fakturaci navigace chrání role, stav, Decimal výpočet a idempotence odeslání
tenant-security	Run npm test	2026-09-17T21:15:21.7809586Z     ok 4 - fakturaci navigace chrání role, stav, Decimal výpočet a idempotence odeslání
tenant-security	Run npm test	2026-09-17T21:15:21.7813208Z       ---
tenant-security	Run npm test	2026-09-17T21:15:21.7823743Z       duration_ms: 0.589996
tenant-security	Run npm test	2026-09-17T21:15:21.7853375Z       type: 'test'
tenant-security	Run npm test	2026-09-17T21:15:21.7883282Z       ...
tenant-security	Run npm test	2026-09-17T21:15:21.7883852Z     1..4
tenant-security	Run npm test	2026-09-17T21:15:21.7913500Z ok 410 - Modul NAVIGACE - Workflow a RBAC Testy
tenant-security	Run npm test	2026-09-17T21:15:21.7943319Z   ---
tenant-security	Run npm test	2026-09-17T21:15:21.7943880Z   duration_ms: 3.694548
tenant-security	Run npm test	2026-09-17T21:15:21.7990472Z   type: 'suite'
tenant-security	Run npm test	2026-09-17T21:15:21.8013367Z   ...
tenant-security	Run npm test	2026-09-17T21:15:21.8043923Z # Subtest: every original link is preserved exactly once and resolves to an existing page
tenant-security	Run npm test	2026-09-17T21:15:21.8073922Z ok 411 - every original link is preserved exactly once and resolves to an existing page
tenant-security	Run npm test	2026-09-17T21:15:21.8075095Z   ---
tenant-security	Run npm test	2026-09-17T21:15:21.8103342Z   duration_ms: 2.281899
tenant-security	Run npm test	2026-09-17T21:15:21.8125045Z   type: 'test'
tenant-security	Run npm test	2026-09-17T21:15:21.8125632Z   ...
tenant-security	Run npm test	2026-09-17T21:15:21.8126741Z # Subtest: all roles retain the original visibility across plans, overrides and missing organization
tenant-security	Run npm test	2026-09-17T21:15:21.8128361Z ok 412 - all roles retain the original visibility across plans, overrides and missing organization
tenant-security	Run npm test	2026-09-17T21:15:21.8129414Z   ---
tenant-security	Run npm test	2026-09-17T21:15:21.8130093Z   duration_ms: 198.229382
tenant-security	Run npm test	2026-09-17T21:15:21.8131236Z   type: 'test'
tenant-security	Run npm test	2026-09-17T21:15:21.8131765Z   ...
tenant-security	Run npm test	2026-09-17T21:15:21.8133011Z # Subtest: platform and organization onboarding restrictions remain isolated between requests
tenant-security	Run npm test	2026-09-17T21:15:21.8134648Z ok 413 - platform and organization onboarding restrictions remain isolated between requests
tenant-security	Run npm test	2026-09-17T21:15:21.8135652Z   ---
tenant-security	Run npm test	2026-09-17T21:15:21.8136153Z   duration_ms: 1.724313
tenant-security	Run npm test	2026-09-17T21:15:21.8136705Z   type: 'test'
tenant-security	Run npm test	2026-09-17T21:15:21.8137211Z   ...
tenant-security	Run npm test	2026-09-17T21:15:21.8138175Z # Subtest: nested paths choose the most specific item and hub without prefix collisions
tenant-security	Run npm test	2026-09-17T21:15:21.8139565Z ok 414 - nested paths choose the most specific item and hub without prefix collisions
tenant-security	Run npm test	2026-09-17T21:15:21.8140465Z   ---
tenant-security	Run npm test	2026-09-17T21:15:21.8140968Z   duration_ms: 0.729107
tenant-security	Run npm test	2026-09-17T21:15:21.8141510Z   type: 'test'
tenant-security	Run npm test	2026-09-17T21:15:21.8142031Z   ...
tenant-security	Run npm test	2026-09-17T21:15:21.8143391Z # Subtest: B2B transactional endpoints never return simulated business records or successful writes
tenant-security	Run npm test	2026-09-17T21:15:21.8145019Z ok 415 - B2B transactional endpoints never return simulated business records or successful writes
tenant-security	Run npm test	2026-09-17T21:15:21.8146034Z   ---
tenant-security	Run npm test	2026-09-17T21:15:21.8146536Z   duration_ms: 1.234144
tenant-security	Run npm test	2026-09-17T21:15:21.8147083Z   type: 'test'
tenant-security	Run npm test	2026-09-17T21:15:21.8147583Z   ...
tenant-security	Run npm test	2026-09-17T21:15:21.8148555Z # Subtest: B2B partner state and KPIs never invent connection state or inventory totals
tenant-security	Run npm test	2026-09-17T21:15:21.8149993Z ok 416 - B2B partner state and KPIs never invent connection state or inventory totals
tenant-security	Run npm test	2026-09-17T21:15:21.8150880Z   ---
tenant-security	Run npm test	2026-09-17T21:15:21.8151376Z   duration_ms: 0.75694
tenant-security	Run npm test	2026-09-17T21:15:21.8151923Z   type: 'test'
tenant-security	Run npm test	2026-09-17T21:15:21.8152410Z   ...
tenant-security	Run npm test	2026-09-17T21:15:21.8153612Z # Subtest: carrier overviews exclude binary photo content and bound the default page size
tenant-security	Run npm test	2026-09-17T21:15:21.8155058Z ok 417 - carrier overviews exclude binary photo content and bound the default page size
tenant-security	Run npm test	2026-09-17T21:15:21.8156003Z   ---
tenant-security	Run npm test	2026-09-17T21:15:21.8156501Z   duration_ms: 0.310572
tenant-security	Run npm test	2026-09-17T21:15:21.8157063Z   type: 'test'
tenant-security	Run npm test	2026-09-17T21:15:21.8157552Z   ...
tenant-security	Run npm test	2026-09-17T21:15:21.8158728Z # Subtest: B2B inventory requires explicit sharing on both carrier and surface and never exposes private photos
tenant-security	Run npm test	2026-09-17T21:15:21.8160530Z ok 418 - B2B inventory requires explicit sharing on both carrier and surface and never exposes private photos
tenant-security	Run npm test	2026-09-17T21:15:21.8161614Z   ---
tenant-security	Run npm test	2026-09-17T21:15:21.8162107Z   duration_ms: 0.296275
tenant-security	Run npm test	2026-09-17T21:15:21.8162863Z   type: 'test'
tenant-security	Run npm test	2026-09-17T21:15:21.8163398Z   ...
tenant-security	Run npm test	2026-09-17T21:15:21.8164482Z # Subtest: B2B directory does not disclose tenant contact details before persistent partnership exists
tenant-security	Run npm test	2026-09-17T21:15:21.8166255Z ok 419 - B2B directory does not disclose tenant contact details before persistent partnership exists
tenant-security	Run npm test	2026-09-17T21:15:21.8167439Z   ---
tenant-security	Run npm test	2026-09-17T21:15:21.8168034Z   duration_ms: 0.297749
tenant-security	Run npm test	2026-09-17T21:15:21.8169356Z   type: 'test'
tenant-security	Run npm test	2026-09-17T21:15:21.8169965Z   ...
tenant-security	Run npm test	2026-09-17T21:15:21.8958742Z # Subtest: getSystemNotifications throws TenantContextError when called without tenant context and no organizationId
tenant-security	Run npm test	2026-09-17T21:15:21.8960888Z ok 420 - getSystemNotifications throws TenantContextError when called without tenant context and no organizationId
tenant-security	Run npm test	2026-09-17T21:15:21.8979586Z   ---
tenant-security	Run npm test	2026-09-17T21:15:21.9013962Z   duration_ms: 2.448562
tenant-security	Run npm test	2026-09-17T21:15:21.9043381Z   type: 'test'
tenant-security	Run npm test	2026-09-17T21:15:21.9051512Z   ...
tenant-security	Run npm test	2026-09-17T21:15:22.2031139Z # Subtest: getSystemNotifications propagates tenant context to all active providers
tenant-security	Run npm test	2026-09-17T21:15:22.2093801Z ok 421 - getSystemNotifications propagates tenant context to all active providers
tenant-security	Run npm test	2026-09-17T21:15:22.2123290Z   ---
tenant-security	Run npm test	2026-09-17T21:15:22.2131472Z   duration_ms: 325.213364
tenant-security	Run npm test	2026-09-17T21:15:22.2135084Z   type: 'test'
tenant-security	Run npm test	2026-09-17T21:15:22.2135644Z   ...
tenant-security	Run npm test	2026-09-17T21:15:22.2691284Z # [NotificationsProviderError] Provider: "failing-warehouse", Tenant: "org_test", Route: "/api/notifications", Error: Simulated database timeout in warehouseItem.findMany
tenant-security	Run npm test	2026-09-17T21:15:22.2736859Z # Subtest: failure of one non-critical provider does not crash getSystemNotifications and other providers succeed
tenant-security	Run npm test	2026-09-17T21:15:22.2763909Z ok 422 - failure of one non-critical provider does not crash getSystemNotifications and other providers succeed
tenant-security	Run npm test	2026-09-17T21:15:22.2793208Z   ---
tenant-security	Run npm test	2026-09-17T21:15:22.2833218Z   duration_ms: 64.637008
tenant-security	Run npm test	2026-09-17T21:15:22.2853315Z   type: 'test'
tenant-security	Run npm test	2026-09-17T21:15:22.2913438Z   ...
tenant-security	Run npm test	2026-09-17T21:15:22.3656687Z # Subtest: critical security error (TenantContextError) inside a provider is never swallowed
tenant-security	Run npm test	2026-09-17T21:15:22.3658380Z ok 423 - critical security error (TenantContextError) inside a provider is never swallowed
tenant-security	Run npm test	2026-09-17T21:15:22.3674167Z   ---
tenant-security	Run npm test	2026-09-17T21:15:22.3674717Z   duration_ms: 96.103411
tenant-security	Run npm test	2026-09-17T21:15:22.3675341Z   type: 'test'
tenant-security	Run npm test	2026-09-17T21:15:22.3675851Z   ...
tenant-security	Run npm test	2026-09-17T21:15:22.3676775Z # Subtest: all required providers are registered in ALL_NOTIFICATION_PROVIDERS
tenant-security	Run npm test	2026-09-17T21:15:22.3678027Z ok 424 - all required providers are registered in ALL_NOTIFICATION_PROVIDERS
tenant-security	Run npm test	2026-09-17T21:15:22.3678836Z   ---
tenant-security	Run npm test	2026-09-17T21:15:22.3679309Z   duration_ms: 0.626755
tenant-security	Run npm test	2026-09-17T21:15:22.3679854Z   type: 'test'
tenant-security	Run npm test	2026-09-17T21:15:22.3680343Z   ...
tenant-security	Run npm test	2026-09-17T21:15:22.3688599Z # Subtest: route /api/notifications enforces authentication, active organization, and explicit runWithTenantContext
tenant-security	Run npm test	2026-09-17T21:15:22.3714300Z ok 425 - route /api/notifications enforces authentication, active organization, and explicit runWithTenantContext
tenant-security	Run npm test	2026-09-17T21:15:22.3715723Z   ---
tenant-security	Run npm test	2026-09-17T21:15:22.3716318Z   duration_ms: 0.525826
tenant-security	Run npm test	2026-09-17T21:15:22.3716984Z   type: 'test'
tenant-security	Run npm test	2026-09-17T21:15:22.3717576Z   ...
tenant-security	Run npm test	2026-09-17T21:15:22.3719155Z # Subtest: route /api/notifications/unread enforces authentication, active organization, and explicit runWithTenantContext
tenant-security	Run npm test	2026-09-17T21:15:22.3721682Z ok 426 - route /api/notifications/unread enforces authentication, active organization, and explicit runWithTenantContext
tenant-security	Run npm test	2026-09-17T21:15:22.3723383Z   ---
tenant-security	Run npm test	2026-09-17T21:15:22.3723986Z   duration_ms: 0.56484
tenant-security	Run npm test	2026-09-17T21:15:22.3724639Z   type: 'test'
tenant-security	Run npm test	2026-09-17T21:15:22.3725223Z   ...
tenant-security	Run npm test	2026-09-17T21:15:22.3726821Z # Subtest: NotificationBellCenter coordinates polling across multiple mounted instances with single timer and 401 guard
tenant-security	Run npm test	2026-09-17T21:15:22.3729242Z ok 427 - NotificationBellCenter coordinates polling across multiple mounted instances with single timer and 401 guard
tenant-security	Run npm test	2026-09-17T21:15:22.3730695Z   ---
tenant-security	Run npm test	2026-09-17T21:15:22.3731276Z   duration_ms: 0.691819
tenant-security	Run npm test	2026-09-17T21:15:22.3731923Z   type: 'test'
tenant-security	Run npm test	2026-09-17T21:15:22.3732520Z   ...
tenant-security	Run npm test	2026-09-17T21:15:22.4075247Z # Subtest: Canonical Occupancy Availability Engine
tenant-security	Run npm test	2026-09-17T21:15:22.4134229Z     # Subtest: Date Overlap Calculation (Inclusive OOH Standard)
tenant-security	Run npm test	2026-09-17T21:15:22.4144578Z         # Subtest: detects overlap on touching edge dates: 1.10.–15.10. and 15.10.–20.10.
tenant-security	Run npm test	2026-09-17T21:15:22.4146322Z         ok 1 - detects overlap on touching edge dates: 1.10.–15.10. and 15.10.–20.10.
tenant-security	Run npm test	2026-09-17T21:15:22.4147911Z           ---
tenant-security	Run npm test	2026-09-17T21:15:22.4148504Z           duration_ms: 1.962841
tenant-security	Run npm test	2026-09-17T21:15:22.4149129Z           type: 'test'
tenant-security	Run npm test	2026-09-17T21:15:22.4149721Z           ...
tenant-security	Run npm test	2026-09-17T21:15:22.4150900Z         # Subtest: detects no overlap for adjacent separate days: 1.10.–15.10. and 16.10.–20.10.
tenant-security	Run npm test	2026-09-17T21:15:22.4152483Z         ok 2 - detects no overlap for adjacent separate days: 1.10.–15.10. and 16.10.–20.10.
tenant-security	Run npm test	2026-09-17T21:15:22.4153782Z           ---
tenant-security	Run npm test	2026-09-17T21:15:22.4154501Z           duration_ms: 0.244959
tenant-security	Run npm test	2026-09-17T21:15:22.4155213Z           type: 'test'
tenant-security	Run npm test	2026-09-17T21:15:22.4155786Z           ...
tenant-security	Run npm test	2026-09-17T21:15:22.4156480Z         # Subtest: detects exact identical period overlap
tenant-security	Run npm test	2026-09-17T21:15:22.4157374Z         ok 3 - detects exact identical period overlap
tenant-security	Run npm test	2026-09-17T21:15:22.4158100Z           ---
tenant-security	Run npm test	2026-09-17T21:15:22.4158706Z           duration_ms: 0.177593
tenant-security	Run npm test	2026-09-17T21:15:22.4159393Z           type: 'test'
tenant-security	Run npm test	2026-09-17T21:15:22.4160099Z           ...
tenant-security	Run npm test	2026-09-17T21:15:22.4161093Z         # Subtest: detects partial overlap when period B starts inside period A
tenant-security	Run npm test	2026-09-17T21:15:22.4163042Z         ok 4 - detects partial overlap when period B starts inside period A
tenant-security	Run npm test	2026-09-17T21:15:22.4164140Z           ---
tenant-security	Run npm test	2026-09-17T21:15:22.4164933Z           duration_ms: 0.180608
tenant-security	Run npm test	2026-09-17T21:15:22.4165794Z           type: 'test'
tenant-security	Run npm test	2026-09-17T21:15:22.4166495Z           ...
tenant-security	Run npm test	2026-09-17T21:15:22.4167424Z         # Subtest: detects overlap when single day campaigns match
tenant-security	Run npm test	2026-09-17T21:15:22.4168622Z         ok 5 - detects overlap when single day campaigns match
tenant-security	Run npm test	2026-09-17T21:15:22.4169592Z           ---
tenant-security	Run npm test	2026-09-17T21:15:22.4170340Z           duration_ms: 0.180398
tenant-security	Run npm test	2026-09-17T21:15:22.4171184Z           type: 'test'
tenant-security	Run npm test	2026-09-17T21:15:22.4171926Z           ...
tenant-security	Run npm test	2026-09-17T21:15:22.4173513Z         # Subtest: detects no overlap when periods are completely disjoint in time
tenant-security	Run npm test	2026-09-17T21:15:22.4175070Z         ok 6 - detects no overlap when periods are completely disjoint in time
tenant-security	Run npm test	2026-09-17T21:15:22.4176027Z           ---
tenant-security	Run npm test	2026-09-17T21:15:22.4176634Z           duration_ms: 0.199835
tenant-security	Run npm test	2026-09-17T21:15:22.4177276Z           type: 'test'
tenant-security	Run npm test	2026-09-17T21:15:22.4177861Z           ...
tenant-security	Run npm test	2026-09-17T21:15:22.4178650Z         # Subtest: returns false for invalid inverted date intervals
tenant-security	Run npm test	2026-09-17T21:15:22.4179723Z         ok 7 - returns false for invalid inverted date intervals
tenant-security	Run npm test	2026-09-17T21:15:22.4180511Z           ---
tenant-security	Run npm test	2026-09-17T21:15:22.4181134Z           duration_ms: 0.253807
tenant-security	Run npm test	2026-09-17T21:15:22.4181890Z           type: 'test'
tenant-security	Run npm test	2026-09-17T21:15:22.4182533Z           ...
tenant-security	Run npm test	2026-09-17T21:15:22.4183341Z         1..7
tenant-security	Run npm test	2026-09-17T21:15:22.4184137Z     ok 1 - Date Overlap Calculation (Inclusive OOH Standard)
tenant-security	Run npm test	2026-09-17T21:15:22.4184968Z       ---
tenant-security	Run npm test	2026-09-17T21:15:22.4185537Z       duration_ms: 4.562686
tenant-security	Run npm test	2026-09-17T21:15:22.4186177Z       type: 'suite'
tenant-security	Run npm test	2026-09-17T21:15:22.4186752Z       ...
tenant-security	Run npm test	2026-09-17T21:15:22.4187424Z     # Subtest: Technical Availability Checking
tenant-security	Run npm test	2026-09-17T21:15:22.4188382Z         # Subtest: rejects surfaces marked OUT_OF_SERVICE
tenant-security	Run npm test	2026-09-17T21:15:22.4189334Z         ok 1 - rejects surfaces marked OUT_OF_SERVICE
tenant-security	Run npm test	2026-09-17T21:15:22.4190187Z           ---
tenant-security	Run npm test	2026-09-17T21:15:22.4190820Z           duration_ms: 0.508313
tenant-security	Run npm test	2026-09-17T21:15:22.4191492Z           type: 'test'
tenant-security	Run npm test	2026-09-17T21:15:22.4192100Z           ...
tenant-security	Run npm test	2026-09-17T21:15:22.4193058Z         # Subtest: rejects surfaces on archived carriers
tenant-security	Run npm test	2026-09-17T21:15:22.4194065Z         ok 2 - rejects surfaces on archived carriers
tenant-security	Run npm test	2026-09-17T21:15:22.4194934Z           ---
tenant-security	Run npm test	2026-09-17T21:15:22.4195642Z           duration_ms: 0.377598
tenant-security	Run npm test	2026-09-17T21:15:22.4196299Z           type: 'test'
tenant-security	Run npm test	2026-09-17T21:15:22.4196870Z           ...
tenant-security	Run npm test	2026-09-17T21:15:22.4197758Z         # Subtest: rejects surfaces on inactive or maintenance carriers
tenant-security	Run npm test	2026-09-17T21:15:22.4199003Z         ok 3 - rejects surfaces on inactive or maintenance carriers
tenant-security	Run npm test	2026-09-17T21:15:22.4199942Z           ---
tenant-security	Run npm test	2026-09-17T21:15:22.4200659Z           duration_ms: 0.396143
tenant-security	Run npm test	2026-09-17T21:15:22.4227672Z           type: 'test'
tenant-security	Run npm test	2026-09-17T21:15:22.4228547Z           ...
tenant-security	Run npm test	2026-09-17T21:15:22.4229500Z         # Subtest: accepts healthy surfaces on active non-archived carriers
tenant-security	Run npm test	2026-09-17T21:15:22.4230758Z         ok 4 - accepts healthy surfaces on active non-archived carriers
tenant-security	Run npm test	2026-09-17T21:15:22.4231697Z           ---
tenant-security	Run npm test	2026-09-17T21:15:22.4232338Z           duration_ms: 0.184746
tenant-security	Run npm test	2026-09-17T21:15:22.4233322Z           type: 'test'
tenant-security	Run npm test	2026-09-17T21:15:22.4233945Z           ...
tenant-security	Run npm test	2026-09-17T21:15:22.4234507Z         1..4
tenant-security	Run npm test	2026-09-17T21:15:22.4235161Z     ok 2 - Technical Availability Checking
tenant-security	Run npm test	2026-09-17T21:15:22.4235872Z       ---
tenant-security	Run npm test	2026-09-17T21:15:22.4236410Z       duration_ms: 1.905253
tenant-security	Run npm test	2026-09-17T21:15:22.4237059Z       type: 'suite'
tenant-security	Run npm test	2026-09-17T21:15:22.4237638Z       ...
tenant-security	Run npm test	2026-09-17T21:15:22.4238319Z     # Subtest: Status Categorization Standards
tenant-security	Run npm test	2026-09-17T21:15:22.4239235Z         # Subtest: defines explicit hard blocking statuses
tenant-security	Run npm test	2026-09-17T21:15:22.4240237Z         ok 1 - defines explicit hard blocking statuses
tenant-security	Run npm test	2026-09-17T21:15:22.4241079Z           ---
tenant-security	Run npm test	2026-09-17T21:15:22.4241673Z           duration_ms: 0.279484
tenant-security	Run npm test	2026-09-17T21:15:22.4242404Z           type: 'test'
tenant-security	Run npm test	2026-09-17T21:15:22.4243407Z           ...
tenant-security	Run npm test	2026-09-17T21:15:22.4244394Z         # Subtest: defines explicit soft warning statuses
tenant-security	Run npm test	2026-09-17T21:15:22.4245639Z         ok 2 - defines explicit soft warning statuses
tenant-security	Run npm test	2026-09-17T21:15:22.4246535Z           ---
tenant-security	Run npm test	2026-09-17T21:15:22.4247214Z           duration_ms: 0.162164
tenant-security	Run npm test	2026-09-17T21:15:22.4247986Z           type: 'test'
tenant-security	Run npm test	2026-09-17T21:15:22.4248672Z           ...
tenant-security	Run npm test	2026-09-17T21:15:22.4249493Z         # Subtest: defines explicit non-blocking inactive statuses
tenant-security	Run npm test	2026-09-17T21:15:22.4250661Z         ok 3 - defines explicit non-blocking inactive statuses
tenant-security	Run npm test	2026-09-17T21:15:22.4251613Z           ---
tenant-security	Run npm test	2026-09-17T21:15:22.4252326Z           duration_ms: 0.151895
tenant-security	Run npm test	2026-09-17T21:15:22.4253422Z           type: 'test'
tenant-security	Run npm test	2026-09-17T21:15:22.4254112Z           ...
tenant-security	Run npm test	2026-09-17T21:15:22.4254736Z         1..3
tenant-security	Run npm test	2026-09-17T21:15:22.4255560Z     ok 3 - Status Categorization Standards
tenant-security	Run npm test	2026-09-17T21:15:22.4256453Z       ---
tenant-security	Run npm test	2026-09-17T21:15:22.4257174Z       duration_ms: 0.773019
tenant-security	Run npm test	2026-09-17T21:15:22.4258025Z       type: 'suite'
tenant-security	Run npm test	2026-09-17T21:15:22.4258750Z       ...
tenant-security	Run npm test	2026-09-17T21:15:22.4259595Z     # Subtest: Surface Availability Snapshot State Derivation
tenant-security	Run npm test	2026-09-17T21:15:22.4260911Z         # Subtest: returns AVAILABLE when there are no occupancies at reference date
tenant-security	Run npm test	2026-09-17T21:15:22.4262157Z         ok 1 - returns AVAILABLE when there are no occupancies at reference date
tenant-security	Run npm test	2026-09-17T21:15:22.4263280Z           ---
tenant-security	Run npm test	2026-09-17T21:15:22.4264308Z           duration_ms: 0.362681
tenant-security	Run npm test	2026-09-17T21:15:22.4265051Z           type: 'test'
tenant-security	Run npm test	2026-09-17T21:15:22.4265747Z           ...
tenant-security	Run npm test	2026-09-17T21:15:22.4266805Z         # Subtest: prioritizes OUT_OF_SERVICE > OCCUPIED > RESERVED > NEGOTIATION
tenant-security	Run npm test	2026-09-17T21:15:22.4276970Z         ok 2 - prioritizes OUT_OF_SERVICE > OCCUPIED > RESERVED > NEGOTIATION
tenant-security	Run npm test	2026-09-17T21:15:22.4277926Z           ---
tenant-security	Run npm test	2026-09-17T21:15:22.4279406Z           duration_ms: 0.334177
tenant-security	Run npm test	2026-09-17T21:15:22.4280022Z           type: 'test'
tenant-security	Run npm test	2026-09-17T21:15:22.4280569Z           ...
tenant-security	Run npm test	2026-09-17T21:15:22.4281910Z         # Subtest: ignores FINISHED and CANCELLED occupancies even if date matches
tenant-security	Run npm test	2026-09-17T21:15:22.4283311Z         ok 3 - ignores FINISHED and CANCELLED occupancies even if date matches
tenant-security	Run npm test	2026-09-17T21:15:22.4284180Z           ---
tenant-security	Run npm test	2026-09-17T21:15:22.4284741Z           duration_ms: 0.191409
tenant-security	Run npm test	2026-09-17T21:15:22.4285382Z           type: 'test'
tenant-security	Run npm test	2026-09-17T21:15:22.4285927Z           ...
tenant-security	Run npm test	2026-09-17T21:15:22.4286416Z         1..3
tenant-security	Run npm test	2026-09-17T21:15:22.4287078Z     ok 4 - Surface Availability Snapshot State Derivation
tenant-security	Run npm test	2026-09-17T21:15:22.4287783Z       ---
tenant-security	Run npm test	2026-09-17T21:15:22.4288277Z       duration_ms: 1.19996
tenant-security	Run npm test	2026-09-17T21:15:22.4288838Z       type: 'suite'
tenant-security	Run npm test	2026-09-17T21:15:22.4289340Z       ...
tenant-security	Run npm test	2026-09-17T21:15:22.4289799Z     1..4
tenant-security	Run npm test	2026-09-17T21:15:22.4290448Z ok 428 - Canonical Occupancy Availability Engine
tenant-security	Run npm test	2026-09-17T21:15:22.4291701Z   ---
tenant-security	Run npm test	2026-09-17T21:15:22.4292241Z   duration_ms: 9.487331
tenant-security	Run npm test	2026-09-17T21:15:22.4293014Z   type: 'suite'
tenant-security	Run npm test	2026-09-17T21:15:22.4293529Z   ...
tenant-security	Run npm test	2026-09-17T21:15:22.4294237Z # Subtest: Occupancy Intelligence Audit & AI Layer
tenant-security	Run npm test	2026-09-17T21:15:22.4295072Z     # Subtest: Deterministic AI Fallback Explanations
tenant-security	Run npm test	2026-09-17T21:15:22.4296126Z         # Subtest: provides clear Czech explanation and recommendation for DOUBLE_BOOKING
tenant-security	Run npm test	2026-09-17T21:15:22.4297332Z         ok 1 - provides clear Czech explanation and recommendation for DOUBLE_BOOKING
tenant-security	Run npm test	2026-09-17T21:15:22.4298190Z           ---
tenant-security	Run npm test	2026-09-17T21:15:22.4298733Z           duration_ms: 1.24232
tenant-security	Run npm test	2026-09-17T21:15:22.4299304Z           type: 'test'
tenant-security	Run npm test	2026-09-17T21:15:22.4299823Z           ...
tenant-security	Run npm test	2026-09-17T21:15:22.4300674Z         # Subtest: provides clear Czech explanation and recommendation for STATUS_MISMATCH
tenant-security	Run npm test	2026-09-17T21:15:22.4301895Z         ok 2 - provides clear Czech explanation and recommendation for STATUS_MISMATCH
tenant-security	Run npm test	2026-09-17T21:15:22.4302960Z           ---
tenant-security	Run npm test	2026-09-17T21:15:22.4303545Z           duration_ms: 0.26663
tenant-security	Run npm test	2026-09-17T21:15:22.4304164Z           type: 'test'
tenant-security	Run npm test	2026-09-17T21:15:22.4305364Z           ...
tenant-security	Run npm test	2026-09-17T21:15:22.4306360Z         # Subtest: provides clear Czech explanation and recommendation for EXPIRED_OCCUPANCY
tenant-security	Run npm test	2026-09-17T21:15:22.4307866Z         ok 3 - provides clear Czech explanation and recommendation for EXPIRED_OCCUPANCY
tenant-security	Run npm test	2026-09-17T21:15:22.4308806Z           ---
tenant-security	Run npm test	2026-09-17T21:15:22.4309364Z           duration_ms: 0.187732
tenant-security	Run npm test	2026-09-17T21:15:22.4309955Z           type: 'test'
tenant-security	Run npm test	2026-09-17T21:15:22.4310479Z           ...
tenant-security	Run npm test	2026-09-17T21:15:22.4311365Z         # Subtest: provides clear Czech explanation and recommendation for EXPIRING_CAMPAIGN
tenant-security	Run npm test	2026-09-17T21:15:22.4312848Z         ok 4 - provides clear Czech explanation and recommendation for EXPIRING_CAMPAIGN
tenant-security	Run npm test	2026-09-17T21:15:22.4313763Z           ---
tenant-security	Run npm test	2026-09-17T21:15:22.4314316Z           duration_ms: 0.281087
tenant-security	Run npm test	2026-09-17T21:15:22.4314899Z           type: 'test'
tenant-security	Run npm test	2026-09-17T21:15:22.4315452Z           ...
tenant-security	Run npm test	2026-09-17T21:15:22.4316385Z         # Subtest: provides clear Czech explanation and recommendation for UNDERUTILIZED_MEDIA
tenant-security	Run npm test	2026-09-17T21:15:22.4317821Z         ok 5 - provides clear Czech explanation and recommendation for UNDERUTILIZED_MEDIA
tenant-security	Run npm test	2026-09-17T21:15:22.4318874Z           ---
tenant-security	Run npm test	2026-09-17T21:15:22.4319485Z           duration_ms: 0.226314
tenant-security	Run npm test	2026-09-17T21:15:22.4320097Z           type: 'test'
tenant-security	Run npm test	2026-09-17T21:15:22.4320673Z           ...
tenant-security	Run npm test	2026-09-17T21:15:22.4321188Z         1..5
tenant-security	Run npm test	2026-09-17T21:15:22.4321828Z     ok 1 - Deterministic AI Fallback Explanations
tenant-security	Run npm test	2026-09-17T21:15:22.4322524Z       ---
tenant-security	Run npm test	2026-09-17T21:15:22.4323441Z       duration_ms: 3.448627
tenant-security	Run npm test	2026-09-17T21:15:22.4324059Z       type: 'suite'
tenant-security	Run npm test	2026-09-17T21:15:22.4324586Z       ...
tenant-security	Run npm test	2026-09-17T21:15:22.4325320Z     # Subtest: Stable Fingerprint Generation & Deduplication Logic
tenant-security	Run npm test	2026-09-17T21:15:22.4326615Z         # Subtest: produces identical fingerprints for the same logical collision regardless of item order
tenant-security	Run npm test	2026-09-17T21:15:22.4328143Z         ok 1 - produces identical fingerprints for the same logical collision regardless of item order
tenant-security	Run npm test	2026-09-17T21:15:22.4329148Z           ---
tenant-security	Run npm test	2026-09-17T21:15:22.4329703Z           duration_ms: 0.45307
tenant-security	Run npm test	2026-09-17T21:15:22.4330310Z           type: 'test'
tenant-security	Run npm test	2026-09-17T21:15:22.4330837Z           ...
tenant-security	Run npm test	2026-09-17T21:15:22.4331599Z         # Subtest: produces distinct fingerprints for different surfaces
tenant-security	Run npm test	2026-09-17T21:15:22.4332633Z         ok 2 - produces distinct fingerprints for different surfaces
tenant-security	Run npm test	2026-09-17T21:15:22.4333845Z           ---
tenant-security	Run npm test	2026-09-17T21:15:22.4334409Z           duration_ms: 0.244669
tenant-security	Run npm test	2026-09-17T21:15:22.4335011Z           type: 'test'
tenant-security	Run npm test	2026-09-17T21:15:22.4335540Z           ...
tenant-security	Run npm test	2026-09-17T21:15:22.4336438Z         # Subtest: produces distinct fingerprints for different tenants (Tenant Isolation)
tenant-security	Run npm test	2026-09-17T21:15:22.4337739Z         ok 3 - produces distinct fingerprints for different tenants (Tenant Isolation)
tenant-security	Run npm test	2026-09-17T21:15:22.4338640Z           ---
tenant-security	Run npm test	2026-09-17T21:15:22.4339437Z           duration_ms: 0.329047
tenant-security	Run npm test	2026-09-17T21:15:22.4340208Z           type: 'test'
tenant-security	Run npm test	2026-09-17T21:15:22.4340741Z           ...
tenant-security	Run npm test	2026-09-17T21:15:22.4341235Z         1..3
tenant-security	Run npm test	2026-09-17T21:15:22.4341941Z     ok 2 - Stable Fingerprint Generation & Deduplication Logic
tenant-security	Run npm test	2026-09-17T21:15:22.4342892Z       ---
tenant-security	Run npm test	2026-09-17T21:15:22.4343491Z       duration_ms: 1.565195
tenant-security	Run npm test	2026-09-17T21:15:22.4344249Z       type: 'suite'
tenant-security	Run npm test	2026-09-17T21:15:22.4344854Z       ...
tenant-security	Run npm test	2026-09-17T21:15:22.4346039Z     # Subtest: Simulation of Auto-Resolution Flow
tenant-security	Run npm test	2026-09-17T21:15:22.4347267Z         # Subtest: detects when an open issue disappears in subsequent scans
tenant-security	Run npm test	2026-09-17T21:15:22.4348408Z         ok 1 - detects when an open issue disappears in subsequent scans
tenant-security	Run npm test	2026-09-17T21:15:22.4349226Z           ---
tenant-security	Run npm test	2026-09-17T21:15:22.4349798Z           duration_ms: 1.131452
tenant-security	Run npm test	2026-09-17T21:15:22.4350446Z           type: 'test'
tenant-security	Run npm test	2026-09-17T21:15:22.4351002Z           ...
tenant-security	Run npm test	2026-09-17T21:15:22.4351500Z         1..1
tenant-security	Run npm test	2026-09-17T21:15:22.4352102Z     ok 3 - Simulation of Auto-Resolution Flow
tenant-security	Run npm test	2026-09-17T21:15:22.4353017Z       ---
tenant-security	Run npm test	2026-09-17T21:15:22.4353547Z       duration_ms: 1.437926
tenant-security	Run npm test	2026-09-17T21:15:22.4354125Z       type: 'suite'
tenant-security	Run npm test	2026-09-17T21:15:22.4354652Z       ...
tenant-security	Run npm test	2026-09-17T21:15:22.4355399Z     # Subtest: Occupancy Intelligence Actions & Payload Compatibility
tenant-security	Run npm test	2026-09-17T21:15:22.4356513Z         # Subtest: accepts both action and actionType in resolve request payload
tenant-security	Run npm test	2026-09-17T21:15:22.4357720Z         ok 1 - accepts both action and actionType in resolve request payload
tenant-security	Run npm test	2026-09-17T21:15:22.4358619Z           ---
tenant-security	Run npm test	2026-09-17T21:15:22.4359224Z           duration_ms: 0.808216
tenant-security	Run npm test	2026-09-17T21:15:22.4359925Z           type: 'test'
tenant-security	Run npm test	2026-09-17T21:15:22.4360496Z           ...
tenant-security	Run npm test	2026-09-17T21:15:22.4361389Z         # Subtest: provides fallback date range when alternatives search has null dates
tenant-security	Run npm test	2026-09-17T21:15:22.4362875Z         ok 2 - provides fallback date range when alternatives search has null dates
tenant-security	Run npm test	2026-09-17T21:15:22.4363807Z           ---
tenant-security	Run npm test	2026-09-17T21:15:22.4364394Z           duration_ms: 0.597049
tenant-security	Run npm test	2026-09-17T21:15:22.4365001Z           type: 'test'
tenant-security	Run npm test	2026-09-17T21:15:22.4365529Z           ...
tenant-security	Run npm test	2026-09-17T21:15:22.4366028Z         1..2
tenant-security	Run npm test	2026-09-17T21:15:22.4366907Z     ok 4 - Occupancy Intelligence Actions & Payload Compatibility
tenant-security	Run npm test	2026-09-17T21:15:22.4367703Z       ---
tenant-security	Run npm test	2026-09-17T21:15:22.4368217Z       duration_ms: 1.642419
tenant-security	Run npm test	2026-09-17T21:15:22.4368805Z       type: 'suite'
tenant-security	Run npm test	2026-09-17T21:15:22.4369324Z       ...
tenant-security	Run npm test	2026-09-17T21:15:22.4369798Z     1..4
tenant-security	Run npm test	2026-09-17T21:15:22.4370461Z ok 429 - Occupancy Intelligence Audit & AI Layer
tenant-security	Run npm test	2026-09-17T21:15:22.4371143Z   ---
tenant-security	Run npm test	2026-09-17T21:15:22.4371644Z   duration_ms: 9.042777
tenant-security	Run npm test	2026-09-17T21:15:22.4372188Z   type: 'suite'
tenant-security	Run npm test	2026-09-17T21:15:22.4372897Z   ...
tenant-security	Run npm test	2026-09-17T21:15:22.8084469Z # Subtest: deriveSurfaceOccupancyState - returns AVAILABLE when no occupancies exist
tenant-security	Run npm test	2026-09-17T21:15:22.8091826Z ok 430 - deriveSurfaceOccupancyState - returns AVAILABLE when no occupancies exist
tenant-security	Run npm test	2026-09-17T21:15:22.8126401Z   ---
tenant-security	Run npm test	2026-09-17T21:15:22.8134206Z   duration_ms: 5.183392
tenant-security	Run npm test	2026-09-17T21:15:22.8134958Z   type: 'test'
tenant-security	Run npm test	2026-09-17T21:15:22.8135514Z   ...
tenant-security	Run npm test	2026-09-17T21:15:22.8136559Z # Subtest: deriveSurfaceOccupancyState - ignores CANCELLED and FINISHED occupancies
tenant-security	Run npm test	2026-09-17T21:15:22.8138038Z ok 431 - deriveSurfaceOccupancyState - ignores CANCELLED and FINISHED occupancies
tenant-security	Run npm test	2026-09-17T21:15:22.8139013Z   ---
tenant-security	Run npm test	2026-09-17T21:15:22.8139551Z   duration_ms: 0.47434
tenant-security	Run npm test	2026-09-17T21:15:22.8140146Z   type: 'test'
tenant-security	Run npm test	2026-09-17T21:15:22.8140709Z   ...
tenant-security	Run npm test	2026-09-17T21:15:22.8141773Z # Subtest: deriveSurfaceOccupancyState - correctly identifies active OCCUPIED state
tenant-security	Run npm test	2026-09-17T21:15:22.8143628Z ok 432 - deriveSurfaceOccupancyState - correctly identifies active OCCUPIED state
tenant-security	Run npm test	2026-09-17T21:15:22.8144848Z   ---
tenant-security	Run npm test	2026-09-17T21:15:22.8145574Z   duration_ms: 3.296814
tenant-security	Run npm test	2026-09-17T21:15:22.8146708Z   type: 'test'
tenant-security	Run npm test	2026-09-17T21:15:22.8147445Z   ...
tenant-security	Run npm test	2026-09-17T21:15:22.8148626Z # Subtest: deriveSurfaceOccupancyState - prioritizes OCCUPIED over NEGOTIATION
tenant-security	Run npm test	2026-09-17T21:15:22.8150859Z ok 433 - deriveSurfaceOccupancyState - prioritizes OCCUPIED over NEGOTIATION
tenant-security	Run npm test	2026-09-17T21:15:22.8175228Z   ---
tenant-security	Run npm test	2026-09-17T21:15:22.8203467Z   duration_ms: 2.070624
tenant-security	Run npm test	2026-09-17T21:15:22.8228116Z   type: 'test'
tenant-security	Run npm test	2026-09-17T21:15:22.8252167Z   ...
tenant-security	Run npm test	2026-09-17T21:15:22.8278541Z # Subtest: occupancy client components receive a server reference date for hydration-safe rendering
tenant-security	Run npm test	2026-09-17T21:15:22.8304127Z ok 434 - occupancy client components receive a server reference date for hydration-safe rendering
tenant-security	Run npm test	2026-09-17T21:15:22.8325263Z   ---
tenant-security	Run npm test	2026-09-17T21:15:22.8353103Z   duration_ms: 0.781716
tenant-security	Run npm test	2026-09-17T21:15:22.8369379Z   type: 'test'
tenant-security	Run npm test	2026-09-17T21:15:22.8370009Z   ...
tenant-security	Run npm test	2026-09-17T21:15:22.8932158Z # Subtest: odometer accepts whole kilometres including zero
tenant-security	Run npm test	2026-09-17T21:15:22.8954037Z ok 435 - odometer accepts whole kilometres including zero
tenant-security	Run npm test	2026-09-17T21:15:22.8983314Z   ---
tenant-security	Run npm test	2026-09-17T21:15:22.8984125Z   duration_ms: 1.127214
tenant-security	Run npm test	2026-09-17T21:15:22.9014914Z   type: 'test'
tenant-security	Run npm test	2026-09-17T21:15:22.9053642Z   ...
tenant-security	Run npm test	2026-09-17T21:15:22.9054763Z # Subtest: unreadable and malformed odometer results cannot overwrite the field
tenant-security	Run npm test	2026-09-17T21:15:22.9056121Z ok 436 - unreadable and malformed odometer results cannot overwrite the field
tenant-security	Run npm test	2026-09-17T21:15:22.9069984Z   ---
tenant-security	Run npm test	2026-09-17T21:15:22.9070538Z   duration_ms: 0.243287
tenant-security	Run npm test	2026-09-17T21:15:22.9071115Z   type: 'test'
tenant-security	Run npm test	2026-09-17T21:15:22.9071629Z   ...
tenant-security	Run npm test	2026-09-17T21:15:22.9073267Z # Subtest: respondToPublicOffer and transitionOffer enforce availability conflict check before accepting standard media offers
tenant-security	Run npm test	2026-09-17T21:15:22.9075423Z ok 437 - respondToPublicOffer and transitionOffer enforce availability conflict check before accepting standard media offers
tenant-security	Run npm test	2026-09-17T21:15:22.9076664Z   ---
tenant-security	Run npm test	2026-09-17T21:15:22.9077200Z   duration_ms: 2.032011
tenant-security	Run npm test	2026-09-17T21:15:22.9077776Z   type: 'test'
tenant-security	Run npm test	2026-09-17T21:15:22.9078294Z   ...
tenant-security	Run npm test	2026-09-17T21:15:22.9079267Z # Subtest: respondToPublicOffer respects selectedPointIds for Navigation Phase 1
tenant-security	Run npm test	2026-09-17T21:15:22.9080643Z ok 438 - respondToPublicOffer respects selectedPointIds for Navigation Phase 1
tenant-security	Run npm test	2026-09-17T21:15:22.9081583Z   ---
tenant-security	Run npm test	2026-09-17T21:15:22.9082099Z   duration_ms: 0.812213
tenant-security	Run npm test	2026-09-17T21:15:22.9082879Z   type: 'test'
tenant-security	Run npm test	2026-09-17T21:15:22.9083458Z   ...
tenant-security	Run npm test	2026-09-17T21:15:22.9084649Z # Subtest: sendTransactionalEmail and all offer notification routes scope EmailLog with organizationId
tenant-security	Run npm test	2026-09-17T21:15:22.9086340Z ok 439 - sendTransactionalEmail and all offer notification routes scope EmailLog with organizationId
tenant-security	Run npm test	2026-09-17T21:15:22.9087320Z   ---
tenant-security	Run npm test	2026-09-17T21:15:22.9087813Z   duration_ms: 1.101787
tenant-security	Run npm test	2026-09-17T21:15:22.9088335Z   type: 'test'
tenant-security	Run npm test	2026-09-17T21:15:22.9088819Z   ...
tenant-security	Run npm test	2026-09-17T21:15:23.1354972Z # Subtest: mediální balíček vybere konkrétní plochy podle typu a města bez duplicit
tenant-security	Run npm test	2026-09-17T21:15:23.1357008Z ok 440 - mediální balíček vybere konkrétní plochy podle typu a města bez duplicit
tenant-security	Run npm test	2026-09-17T21:15:23.1358074Z   ---
tenant-security	Run npm test	2026-09-17T21:15:23.1358803Z   duration_ms: 2.262384
tenant-security	Run npm test	2026-09-17T21:15:23.1359475Z   type: 'test'
tenant-security	Run npm test	2026-09-17T21:15:23.1360116Z   ...
tenant-security	Run npm test	2026-09-17T21:15:23.1406111Z # Subtest: nekompletní balíček vrátí přesný chybějící požadavek
tenant-security	Run npm test	2026-09-17T21:15:23.1407588Z ok 441 - nekompletní balíček vrátí přesný chybějící požadavek
tenant-security	Run npm test	2026-09-17T21:15:23.1408704Z   ---
tenant-security	Run npm test	2026-09-17T21:15:23.1409431Z   duration_ms: 0.35184
tenant-security	Run npm test	2026-09-17T21:15:23.1410155Z   type: 'test'
tenant-security	Run npm test	2026-09-17T21:15:23.1410752Z   ...
tenant-security	Run npm test	2026-09-17T21:15:23.1412002Z # Subtest: navigační bod počítá kusovou cenu, výrobu, montáž a demontáž pomocí Decimal
tenant-security	Run npm test	2026-09-17T21:15:23.1413987Z ok 442 - navigační bod počítá kusovou cenu, výrobu, montáž a demontáž pomocí Decimal
tenant-security	Run npm test	2026-09-17T21:15:23.1415001Z   ---
tenant-security	Run npm test	2026-09-17T21:15:23.1415566Z   duration_ms: 1.997436
tenant-security	Run npm test	2026-09-17T21:15:23.1416190Z   type: 'test'
tenant-security	Run npm test	2026-09-17T21:15:23.1416746Z   ...
tenant-security	Run npm test	2026-09-17T21:15:23.1957742Z # Subtest: audit blokuje fotografii, která není označená jako viditelná klientovi
tenant-security	Run npm test	2026-09-17T21:15:23.1984662Z ok 443 - audit blokuje fotografii, která není označená jako viditelná klientovi
tenant-security	Run npm test	2026-09-17T21:15:23.2010820Z   ---
tenant-security	Run npm test	2026-09-17T21:15:23.2012003Z   duration_ms: 2.710473
tenant-security	Run npm test	2026-09-17T21:15:23.2012607Z   type: 'test'
tenant-security	Run npm test	2026-09-17T21:15:23.2013724Z   ...
tenant-security	Run npm test	2026-09-17T21:15:23.2014802Z # Subtest: kompletní standardní nabídka projde auditem
tenant-security	Run npm test	2026-09-17T21:15:23.2016009Z ok 444 - kompletní standardní nabídka projde auditem
tenant-security	Run npm test	2026-09-17T21:15:23.2016801Z   ---
tenant-security	Run npm test	2026-09-17T21:15:23.2017340Z   duration_ms: 1.006819
tenant-security	Run npm test	2026-09-17T21:15:23.2017937Z   type: 'test'
tenant-security	Run npm test	2026-09-17T21:15:23.2018453Z   ...
tenant-security	Run npm test	2026-09-17T21:15:23.2019362Z # Subtest: audit blokuje prošlou platnost a chybějící kontakt
tenant-security	Run npm test	2026-09-17T21:15:23.2020556Z ok 445 - audit blokuje prošlou platnost a chybějící kontakt
tenant-security	Run npm test	2026-09-17T21:15:23.2021343Z   ---
tenant-security	Run npm test	2026-09-17T21:15:23.2021889Z   duration_ms: 0.429756
tenant-security	Run npm test	2026-09-17T21:15:23.2022468Z   type: 'test'
tenant-security	Run npm test	2026-09-17T21:15:23.2023268Z   ...
tenant-security	Run npm test	2026-09-17T21:15:23.2024530Z # Subtest: navigační nabídka vyžaduje klientský vizuál u každého bodu
tenant-security	Run npm test	2026-09-17T21:15:23.2056089Z ok 446 - navigační nabídka vyžaduje klientský vizuál u každého bodu
tenant-security	Run npm test	2026-09-17T21:15:23.2071568Z   ---
tenant-security	Run npm test	2026-09-17T21:15:23.2121815Z   duration_ms: 0.387186
tenant-security	Run npm test	2026-09-17T21:15:23.2153526Z   type: 'test'
tenant-security	Run npm test	2026-09-17T21:15:23.2154191Z   ...
tenant-security	Run npm test	2026-09-17T21:15:23.2156171Z # Subtest: filtruje plochy podle kódu, adresy, města, lokality a popisu bez ohledu na velikost písmen
tenant-security	Run npm test	2026-09-17T21:15:23.2158070Z ok 447 - filtruje plochy podle kódu, adresy, města, lokality a popisu bez ohledu na velikost písmen
tenant-security	Run npm test	2026-09-17T21:15:23.2159162Z   ---
tenant-security	Run npm test	2026-09-17T21:15:23.2159713Z   duration_ms: 5.749233
tenant-security	Run npm test	2026-09-17T21:15:23.2160317Z   type: 'test'
tenant-security	Run npm test	2026-09-17T21:15:23.2160864Z   ...
tenant-security	Run npm test	2026-09-17T21:15:23.2161948Z # Subtest: kombinuje typ, evidenční stav, GPS a serverový výsledek dostupnosti
tenant-security	Run npm test	2026-09-17T21:15:23.2163725Z ok 448 - kombinuje typ, evidenční stav, GPS a serverový výsledek dostupnosti
tenant-security	Run npm test	2026-09-17T21:15:23.2164640Z   ---
tenant-security	Run npm test	2026-09-17T21:15:23.2165183Z   duration_ms: 0.646983
tenant-security	Run npm test	2026-09-17T21:15:23.2165784Z   type: 'test'
tenant-security	Run npm test	2026-09-17T21:15:23.2166324Z   ...
tenant-security	Run npm test	2026-09-17T21:15:23.2167250Z # Subtest: stránkuje velký seznam a bezpečně omezí číslo stránky
tenant-security	Run npm test	2026-09-17T21:15:23.2168525Z ok 449 - stránkuje velký seznam a bezpečně omezí číslo stránky
tenant-security	Run npm test	2026-09-17T21:15:23.2169332Z   ---
tenant-security	Run npm test	2026-09-17T21:15:23.2169887Z   duration_ms: 0.529923
tenant-security	Run npm test	2026-09-17T21:15:23.2170511Z   type: 'test'
tenant-security	Run npm test	2026-09-17T21:15:23.2171030Z   ...
tenant-security	Run npm test	2026-09-17T21:15:23.2171921Z # Subtest: omezuje GPS plochy podle aktuálního výřezu mapy
tenant-security	Run npm test	2026-09-17T21:15:23.2173069Z ok 450 - omezuje GPS plochy podle aktuálního výřezu mapy
tenant-security	Run npm test	2026-09-17T21:15:23.2173626Z   ---
tenant-security	Run npm test	2026-09-17T21:15:23.2173995Z   duration_ms: 0.33618
tenant-security	Run npm test	2026-09-17T21:15:23.2174383Z   type: 'test'
tenant-security	Run npm test	2026-09-17T21:15:23.2174715Z   ...
tenant-security	Run npm test	2026-09-17T21:15:23.5562094Z # Subtest: vytvoření a úprava nabídky zachová více položek
tenant-security	Run npm test	2026-09-17T21:15:23.5573927Z ok 451 - vytvoření a úprava nabídky zachová více položek
tenant-security	Run npm test	2026-09-17T21:15:23.5604314Z   ---
tenant-security	Run npm test	2026-09-17T21:15:23.5670629Z   duration_ms: 3.282517
tenant-security	Run npm test	2026-09-17T21:15:23.5750749Z   type: 'test'
tenant-security	Run npm test	2026-09-17T21:15:23.5774679Z   ...
tenant-security	Run npm test	2026-09-17T21:15:23.5798411Z # Subtest: finanční výpočty používají Decimal a bezpečné zaokrouhlení
tenant-security	Run npm test	2026-09-17T21:15:23.5830865Z ok 452 - finanční výpočty používají Decimal a bezpečné zaokrouhlení
tenant-security	Run npm test	2026-09-17T21:15:23.5863367Z   ---
tenant-security	Run npm test	2026-09-17T21:15:23.5873212Z   duration_ms: 2.302098
tenant-security	Run npm test	2026-09-17T21:15:23.5900920Z   type: 'test'
tenant-security	Run npm test	2026-09-17T21:15:23.5905121Z   ...
tenant-security	Run npm test	2026-09-17T21:15:23.5906479Z # Subtest: standardní nabídka zachová identitu vybraného databázového balíčku
tenant-security	Run npm test	2026-09-17T21:15:23.5907946Z ok 453 - standardní nabídka zachová identitu vybraného databázového balíčku
tenant-security	Run npm test	2026-09-17T21:15:23.5908882Z   ---
tenant-security	Run npm test	2026-09-17T21:15:23.5909403Z   duration_ms: 0.245371
tenant-security	Run npm test	2026-09-17T21:15:23.5909954Z   type: 'test'
tenant-security	Run npm test	2026-09-17T21:15:23.5910436Z   ...
tenant-security	Run npm test	2026-09-17T21:15:23.5911360Z # Subtest: ceník připočítá výrobu a služby serverově pomocí Decimal
tenant-security	Run npm test	2026-09-17T21:15:23.5912557Z ok 454 - ceník připočítá výrobu a služby serverově pomocí Decimal
tenant-security	Run npm test	2026-09-17T21:15:23.5914481Z   ---
tenant-security	Run npm test	2026-09-17T21:15:23.5914970Z   duration_ms: 1.104382
tenant-security	Run npm test	2026-09-17T21:15:23.5915511Z   type: 'test'
tenant-security	Run npm test	2026-09-17T21:15:23.5916472Z   ...
tenant-security	Run npm test	2026-09-17T21:15:23.5917784Z # Subtest: editace a duplikace obnoví pevnou část slevy z uložené celkové slevy
tenant-security	Run npm test	2026-09-17T21:15:23.5919345Z ok 455 - editace a duplikace obnoví pevnou část slevy z uložené celkové slevy
tenant-security	Run npm test	2026-09-17T21:15:23.5920505Z   ---
tenant-security	Run npm test	2026-09-17T21:15:23.5921202Z   duration_ms: 0.384862
tenant-security	Run npm test	2026-09-17T21:15:23.5921954Z   type: 'test'
tenant-security	Run npm test	2026-09-17T21:15:23.5922580Z   ...
tenant-security	Run npm test	2026-09-17T21:15:23.5923561Z # Subtest: prázdná nabídka je zamítnuta
tenant-security	Run npm test	2026-09-17T21:15:23.5924460Z ok 456 - prázdná nabídka je zamítnuta
tenant-security	Run npm test	2026-09-17T21:15:23.5925092Z   ---
tenant-security	Run npm test	2026-09-17T21:15:23.5925575Z   duration_ms: 0.680646
tenant-security	Run npm test	2026-09-17T21:15:23.5926123Z   type: 'test'
tenant-security	Run npm test	2026-09-17T21:15:23.5926616Z   ...
tenant-security	Run npm test	2026-09-17T21:15:23.5927308Z # Subtest: duplicitní plocha je zamítnuta
tenant-security	Run npm test	2026-09-17T21:15:23.5928157Z ok 457 - duplicitní plocha je zamítnuta
tenant-security	Run npm test	2026-09-17T21:15:23.5928771Z   ---
tenant-security	Run npm test	2026-09-17T21:15:23.5929241Z   duration_ms: 0.418324
tenant-security	Run npm test	2026-09-17T21:15:23.5929777Z   type: 'test'
tenant-security	Run npm test	2026-09-17T21:15:23.5930247Z   ...
tenant-security	Run npm test	2026-09-17T21:15:23.5931058Z # Subtest: OCCUPIED a RESERVED blokují nabídku
tenant-security	Run npm test	2026-09-17T21:15:23.5931983Z ok 458 - OCCUPIED a RESERVED blokují nabídku
tenant-security	Run npm test	2026-09-17T21:15:23.5932791Z   ---
tenant-security	Run npm test	2026-09-17T21:15:23.5933416Z   duration_ms: 2.700729
tenant-security	Run npm test	2026-09-17T21:15:23.5933973Z   type: 'test'
tenant-security	Run npm test	2026-09-17T21:15:23.5934453Z   ...
tenant-security	Run npm test	2026-09-17T21:15:23.5935412Z # Subtest: NEGOTIATION vyžaduje výslovné potvrzení a poté pokračuje
tenant-security	Run npm test	2026-09-17T21:15:23.5947463Z ok 459 - NEGOTIATION vyžaduje výslovné potvrzení a poté pokračuje
tenant-security	Run npm test	2026-09-17T21:15:23.5948317Z   ---
tenant-security	Run npm test	2026-09-17T21:15:23.5948835Z   duration_ms: 0.657083
tenant-security	Run npm test	2026-09-17T21:15:23.5949415Z   type: 'test'
tenant-security	Run npm test	2026-09-17T21:15:23.5949930Z   ...
tenant-security	Run npm test	2026-09-17T21:15:23.5951097Z # Subtest: createdBy je vždy odvozen ze serverového uživatele a klientský createdBy se ignoruje
tenant-security	Run npm test	2026-09-17T21:15:23.5952933Z ok 460 - createdBy je vždy odvozen ze serverového uživatele a klientský createdBy se ignoruje
tenant-security	Run npm test	2026-09-17T21:15:23.5953920Z   ---
tenant-security	Run npm test	2026-09-17T21:15:23.5954438Z   duration_ms: 3.798534
tenant-security	Run npm test	2026-09-17T21:15:23.5955001Z   type: 'test'
tenant-security	Run npm test	2026-09-17T21:15:23.5955567Z   ...
tenant-security	Run npm test	2026-09-17T21:15:23.5956552Z # Subtest: RBAC omezuje vlastnictví SALES a převod pouze na ADMIN/MANAGER
tenant-security	Run npm test	2026-09-17T21:15:23.5957871Z ok 461 - RBAC omezuje vlastnictví SALES a převod pouze na ADMIN/MANAGER
tenant-security	Run npm test	2026-09-17T21:15:23.5958698Z   ---
tenant-security	Run npm test	2026-09-17T21:15:23.5959236Z   duration_ms: 0.311003
tenant-security	Run npm test	2026-09-17T21:15:23.5959810Z   type: 'test'
tenant-security	Run npm test	2026-09-17T21:15:23.5960328Z   ...
tenant-security	Run npm test	2026-09-17T21:15:23.5961154Z # Subtest: nepovolené statusové přechody jsou zamítnuty
tenant-security	Run npm test	2026-09-17T21:15:23.5962194Z ok 462 - nepovolené statusové přechody jsou zamítnuty
tenant-security	Run npm test	2026-09-17T21:15:23.5983632Z   ---
tenant-security	Run npm test	2026-09-17T21:15:23.6009359Z   duration_ms: 0.372288
tenant-security	Run npm test	2026-09-17T21:15:23.6063842Z   type: 'test'
tenant-security	Run npm test	2026-09-17T21:15:23.6103128Z   ...
tenant-security	Run npm test	2026-09-17T21:15:23.6112116Z # Subtest: duplikace vytváří nezávislý koncept se všemi položkami
tenant-security	Run npm test	2026-09-17T21:15:23.6113701Z ok 463 - duplikace vytváří nezávislý koncept se všemi položkami
tenant-security	Run npm test	2026-09-17T21:15:23.6114476Z   ---
tenant-security	Run npm test	2026-09-17T21:15:23.6114966Z   duration_ms: 0.45274
tenant-security	Run npm test	2026-09-17T21:15:23.6115576Z   type: 'test'
tenant-security	Run npm test	2026-09-17T21:15:23.6116045Z   ...
tenant-security	Run npm test	2026-09-17T21:15:23.6117051Z # Subtest: veřejný token má dostatečnou entropii a v databázi se ukládá jen hash
tenant-security	Run npm test	2026-09-17T21:15:23.6118424Z ok 464 - veřejný token má dostatečnou entropii a v databázi se ukládá jen hash
tenant-security	Run npm test	2026-09-17T21:15:23.6119248Z   ---
tenant-security	Run npm test	2026-09-17T21:15:23.6119718Z   duration_ms: 3.648804
tenant-security	Run npm test	2026-09-17T21:15:23.6120253Z   type: 'test'
tenant-security	Run npm test	2026-09-17T21:15:23.6120718Z   ...
tenant-security	Run npm test	2026-09-17T21:15:23.6121729Z # Subtest: veřejný view model skryje interní ID, poznámku, rozpočet a e-mail autora
tenant-security	Run npm test	2026-09-17T21:15:23.6123353Z ok 465 - veřejný view model skryje interní ID, poznámku, rozpočet a e-mail autora
tenant-security	Run npm test	2026-09-17T21:15:23.6124288Z   ---
tenant-security	Run npm test	2026-09-17T21:15:23.6124767Z   duration_ms: 0.502993
tenant-security	Run npm test	2026-09-17T21:15:23.6125308Z   type: 'test'
tenant-security	Run npm test	2026-09-17T21:15:23.6125785Z   ...
tenant-security	Run npm test	2026-09-17T21:15:23.6126752Z # Subtest: veřejná navigace a Galerie venku neodhalí interní ID ani poznámky
tenant-security	Run npm test	2026-09-17T21:15:23.6128063Z ok 466 - veřejná navigace a Galerie venku neodhalí interní ID ani poznámky
tenant-security	Run npm test	2026-09-17T21:15:23.6129476Z   ---
tenant-security	Run npm test	2026-09-17T21:15:23.6129937Z   duration_ms: 0.274755
tenant-security	Run npm test	2026-09-17T21:15:23.6130453Z   type: 'test'
tenant-security	Run npm test	2026-09-17T21:15:23.6130907Z   ...
tenant-security	Run npm test	2026-09-17T21:15:23.6131813Z # Subtest: převod je idempotentní a částečný stav se zastaví před zápisy
tenant-security	Run npm test	2026-09-17T21:15:23.6133252Z ok 467 - převod je idempotentní a částečný stav se zastaví před zápisy
tenant-security	Run npm test	2026-09-17T21:15:23.6193162Z   ---
tenant-security	Run npm test	2026-09-17T21:15:23.6193557Z   duration_ms: 0.308078
tenant-security	Run npm test	2026-09-17T21:15:23.6253240Z   type: 'test'
tenant-security	Run npm test	2026-09-17T21:15:23.6283207Z   ...
tenant-security	Run npm test	2026-09-17T21:15:23.6314162Z # Subtest: detail nabídky nikdy nesestaví veřejný odkaz z interního ID nebo databázového hashe
tenant-security	Run npm test	2026-09-17T21:15:23.6374441Z ok 468 - detail nabídky nikdy nesestaví veřejný odkaz z interního ID nebo databázového hashe
tenant-security	Run npm test	2026-09-17T21:15:23.6433249Z   ---
tenant-security	Run npm test	2026-09-17T21:15:23.6463284Z   duration_ms: 12.617316
tenant-security	Run npm test	2026-09-17T21:15:23.6474853Z   type: 'test'
tenant-security	Run npm test	2026-09-17T21:15:23.6493460Z   ...
tenant-security	Run npm test	2026-09-17T21:15:23.6494809Z # Subtest: schválení cenové navigační nabídky automaticky zakládá realizační zakázku
tenant-security	Run npm test	2026-09-17T21:15:23.6496466Z ok 469 - schválení cenové navigační nabídky automaticky zakládá realizační zakázku
tenant-security	Run npm test	2026-09-17T21:15:23.6497346Z   ---
tenant-security	Run npm test	2026-09-17T21:15:23.6497831Z   duration_ms: 0.228949
tenant-security	Run npm test	2026-09-17T21:15:23.6498386Z   type: 'test'
tenant-security	Run npm test	2026-09-17T21:15:23.6498874Z   ...
tenant-security	Run npm test	2026-09-17T21:15:23.6499984Z # Subtest: CRM převod nabídky vyžaduje oprávněnou roli i stav ACCEPTED na všech vrstvách
tenant-security	Run npm test	2026-09-17T21:15:23.6501590Z ok 470 - CRM převod nabídky vyžaduje oprávněnou roli i stav ACCEPTED na všech vrstvách
tenant-security	Run npm test	2026-09-17T21:15:23.6502565Z   ---
tenant-security	Run npm test	2026-09-17T21:15:23.6503413Z   duration_ms: 0.381485
tenant-security	Run npm test	2026-09-17T21:15:23.6503970Z   type: 'test'
tenant-security	Run npm test	2026-09-17T21:15:23.6504463Z   ...
tenant-security	Run npm test	2026-09-17T21:15:23.8224396Z # Subtest: opportunity create input validates lengths, enums, dates, URLs and GPS
tenant-security	Run npm test	2026-09-17T21:15:23.8273918Z ok 471 - opportunity create input validates lengths, enums, dates, URLs and GPS
tenant-security	Run npm test	2026-09-17T21:15:23.8305142Z   ---
tenant-security	Run npm test	2026-09-17T21:15:23.8306160Z   duration_ms: 5.132386
tenant-security	Run npm test	2026-09-17T21:15:23.8307089Z   type: 'test'
tenant-security	Run npm test	2026-09-17T21:15:23.8308024Z   ...
tenant-security	Run npm test	2026-09-17T21:15:23.8309344Z # Subtest: opportunity filters are bounded and reject invalid enum or scores
tenant-security	Run npm test	2026-09-17T21:15:23.8311074Z ok 472 - opportunity filters are bounded and reject invalid enum or scores
tenant-security	Run npm test	2026-09-17T21:15:23.8312572Z   ---
tenant-security	Run npm test	2026-09-17T21:15:23.8323827Z   duration_ms: 0.787877
tenant-security	Run npm test	2026-09-17T21:15:23.8324719Z   type: 'test'
tenant-security	Run npm test	2026-09-17T21:15:23.8325278Z   ...
tenant-security	Run npm test	2026-09-17T21:15:23.8326420Z # Subtest: opportunity state machine and dismissal reason are enforced
tenant-security	Run npm test	2026-09-17T21:15:23.8327988Z ok 473 - opportunity state machine and dismissal reason are enforced
tenant-security	Run npm test	2026-09-17T21:15:23.8329086Z   ---
tenant-security	Run npm test	2026-09-17T21:15:23.8329618Z   duration_ms: 0.513543
tenant-security	Run npm test	2026-09-17T21:15:23.8330463Z   type: 'test'
tenant-security	Run npm test	2026-09-17T21:15:23.8330992Z   ...
tenant-security	Run npm test	2026-09-17T21:15:23.8332011Z # Subtest: article URL guard blocks loopback and private targets before fetch
tenant-security	Run npm test	2026-09-17T21:15:23.8333647Z ok 474 - article URL guard blocks loopback and private targets before fetch
tenant-security	Run npm test	2026-09-17T21:15:23.8334665Z   ---
tenant-security	Run npm test	2026-09-17T21:15:23.8335534Z   duration_ms: 1.780419
tenant-security	Run npm test	2026-09-17T21:15:23.8336150Z   type: 'test'
tenant-security	Run npm test	2026-09-17T21:15:23.8336716Z   ...
tenant-security	Run npm test	2026-09-17T21:15:23.8337819Z # Subtest: AI parser uses private server keys, one configured model and bounded external calls
tenant-security	Run npm test	2026-09-17T21:15:23.8339505Z ok 475 - AI parser uses private server keys, one configured model and bounded external calls
tenant-security	Run npm test	2026-09-17T21:15:23.8340660Z   ---
tenant-security	Run npm test	2026-09-17T21:15:23.8341201Z   duration_ms: 0.584306
tenant-security	Run npm test	2026-09-17T21:15:23.8341777Z   type: 'test'
tenant-security	Run npm test	2026-09-17T21:15:23.8342311Z   ...
tenant-security	Run npm test	2026-09-17T21:15:23.8343668Z # Subtest: opportunity APIs scope tenants, rate-limit AI and restrict bulk discovery
tenant-security	Run npm test	2026-09-17T21:15:23.8345213Z ok 476 - opportunity APIs scope tenants, rate-limit AI and restrict bulk discovery
tenant-security	Run npm test	2026-09-17T21:15:23.8346333Z   ---
tenant-security	Run npm test	2026-09-17T21:15:23.8346993Z   duration_ms: 0.832702
tenant-security	Run npm test	2026-09-17T21:15:23.8347955Z   type: 'test'
tenant-security	Run npm test	2026-09-17T21:15:23.8348569Z   ...
tenant-security	Run npm test	2026-09-17T21:15:23.8350647Z # Subtest: CRM linking is serializable, tenant checked and audited without using article URL as company website
tenant-security	Run npm test	2026-09-17T21:15:23.8352850Z ok 477 - CRM linking is serializable, tenant checked and audited without using article URL as company website
tenant-security	Run npm test	2026-09-17T21:15:23.8354136Z   ---
tenant-security	Run npm test	2026-09-17T21:15:23.8354724Z   duration_ms: 0.322294
tenant-security	Run npm test	2026-09-17T21:15:23.8355421Z   type: 'test'
tenant-security	Run npm test	2026-09-17T21:15:23.8356115Z   ...
tenant-security	Run npm test	2026-09-17T21:15:23.8357447Z # Subtest: multi-tenant OOH scoring calculates 6 dimensions and awards points for tenant target region
tenant-security	Run npm test	2026-09-17T21:15:23.8359307Z ok 478 - multi-tenant OOH scoring calculates 6 dimensions and awards points for tenant target region
tenant-security	Run npm test	2026-09-17T21:15:23.8360386Z   ---
tenant-security	Run npm test	2026-09-17T21:15:23.8360903Z   duration_ms: 12.137626
tenant-security	Run npm test	2026-09-17T21:15:23.8361821Z   type: 'test'
tenant-security	Run npm test	2026-09-17T21:15:23.8362357Z   ...
tenant-security	Run npm test	2026-09-17T21:15:23.8363611Z # Subtest: parser does not contain hardcoded SeePOINT or MS region and accepts nullable city
tenant-security	Run npm test	2026-09-17T21:15:23.8365129Z ok 479 - parser does not contain hardcoded SeePOINT or MS region and accepts nullable city
tenant-security	Run npm test	2026-09-17T21:15:23.8366065Z   ---
tenant-security	Run npm test	2026-09-17T21:15:23.8366700Z   duration_ms: 0.863149
tenant-security	Run npm test	2026-09-17T21:15:23.8367344Z   type: 'test'
tenant-security	Run npm test	2026-09-17T21:15:23.8367878Z   ...
tenant-security	Run npm test	2026-09-17T21:15:23.8368919Z # Subtest: distance calculator computes Haversine distance in kilometers accurately
tenant-security	Run npm test	2026-09-17T21:15:23.8370416Z ok 480 - distance calculator computes Haversine distance in kilometers accurately
tenant-security	Run npm test	2026-09-17T21:15:23.8371410Z   ---
tenant-security	Run npm test	2026-09-17T21:15:23.8371994Z   duration_ms: 51.713613
tenant-security	Run npm test	2026-09-17T21:15:23.8372887Z   type: 'test'
tenant-security	Run npm test	2026-09-17T21:15:23.8385094Z   ...
tenant-security	Run npm test	2026-09-17T21:15:23.9284150Z # Subtest: invitation lifecycle distinguishes pending, expired, accepted and revoked
tenant-security	Run npm test	2026-09-17T21:15:23.9303911Z ok 481 - invitation lifecycle distinguishes pending, expired, accepted and revoked
tenant-security	Run npm test	2026-09-17T21:15:23.9304936Z   ---
tenant-security	Run npm test	2026-09-17T21:15:23.9305515Z   duration_ms: 1.236129
tenant-security	Run npm test	2026-09-17T21:15:23.9306080Z   type: 'test'
tenant-security	Run npm test	2026-09-17T21:15:23.9306622Z   ...
tenant-security	Run npm test	2026-09-17T21:15:23.9307381Z # Subtest: only an organization owner can assign the owner role
tenant-security	Run npm test	2026-09-17T21:15:23.9308402Z ok 482 - only an organization owner can assign the owner role
tenant-security	Run npm test	2026-09-17T21:15:23.9309122Z   ---
tenant-security	Run npm test	2026-09-17T21:15:23.9309607Z   duration_ms: 0.227868
tenant-security	Run npm test	2026-09-17T21:15:23.9310149Z   type: 'test'
tenant-security	Run npm test	2026-09-17T21:15:23.9310640Z   ...
tenant-security	Run npm test	2026-09-17T21:15:23.9311515Z # Subtest: activation enables only organizations with a non-expired invitation
tenant-security	Run npm test	2026-09-17T21:15:23.9313010Z ok 483 - activation enables only organizations with a non-expired invitation
tenant-security	Run npm test	2026-09-17T21:15:23.9337855Z   ---
tenant-security	Run npm test	2026-09-17T21:15:23.9363848Z   duration_ms: 1.204208
tenant-security	Run npm test	2026-09-17T21:15:23.9379598Z   type: 'test'
tenant-security	Run npm test	2026-09-17T21:15:23.9380252Z   ...
tenant-security	Run npm test	2026-09-17T21:15:23.9381303Z # Subtest: onboarding derives automatic steps only from the active organization evidence
tenant-security	Run npm test	2026-09-17T21:15:23.9383044Z ok 484 - onboarding derives automatic steps only from the active organization evidence
tenant-security	Run npm test	2026-09-17T21:15:23.9384128Z   ---
tenant-security	Run npm test	2026-09-17T21:15:23.9384812Z   duration_ms: 1.261677
tenant-security	Run npm test	2026-09-17T21:15:23.9385488Z   type: 'test'
tenant-security	Run npm test	2026-09-17T21:15:23.9386087Z   ...
tenant-security	Run npm test	2026-09-17T21:15:23.9387147Z # Subtest: onboarding remains resumable and finishes after every persisted step
tenant-security	Run npm test	2026-09-17T21:15:23.9388502Z ok 485 - onboarding remains resumable and finishes after every persisted step
tenant-security	Run npm test	2026-09-17T21:15:23.9389418Z   ---
tenant-security	Run npm test	2026-09-17T21:15:23.9389976Z   duration_ms: 0.190638
tenant-security	Run npm test	2026-09-17T21:15:23.9390565Z   type: 'test'
tenant-security	Run npm test	2026-09-17T21:15:23.9391106Z   ...
tenant-security	Run npm test	2026-09-17T21:15:23.9392040Z # Subtest: photo validation verifies magic bytes instead of trusting MIME or extension
tenant-security	Run npm test	2026-09-17T21:15:23.9393588Z ok 486 - photo validation verifies magic bytes instead of trusting MIME or extension
tenant-security	Run npm test	2026-09-17T21:15:23.9394636Z   ---
tenant-security	Run npm test	2026-09-17T21:15:23.9395246Z   duration_ms: 2.139473
tenant-security	Run npm test	2026-09-17T21:15:23.9395935Z   type: 'test'
tenant-security	Run npm test	2026-09-17T21:15:23.9396532Z   ...
tenant-security	Run npm test	2026-09-17T21:15:23.9397617Z # Subtest: photo validation rejects empty and oversized uploads and sanitizes names
tenant-security	Run npm test	2026-09-17T21:15:23.9399784Z ok 487 - photo validation rejects empty and oversized uploads and sanitizes names
tenant-security	Run npm test	2026-09-17T21:15:23.9400780Z   ---
tenant-security	Run npm test	2026-09-17T21:15:23.9401369Z   duration_ms: 0.824947
tenant-security	Run npm test	2026-09-17T21:15:23.9402060Z   type: 'test'
tenant-security	Run npm test	2026-09-17T21:15:23.9403265Z   ...
tenant-security	Run npm test	2026-09-17T21:15:23.9404559Z # Subtest: legacy data URL photos are decoded with the same strict validation boundary
tenant-security	Run npm test	2026-09-17T21:15:23.9406187Z ok 488 - legacy data URL photos are decoded with the same strict validation boundary
tenant-security	Run npm test	2026-09-17T21:15:23.9407230Z   ---
tenant-security	Run npm test	2026-09-17T21:15:23.9407851Z   duration_ms: 0.636584
tenant-security	Run npm test	2026-09-17T21:15:23.9408642Z   type: 'test'
tenant-security	Run npm test	2026-09-17T21:15:23.9409255Z   ...
tenant-security	Run npm test	2026-09-17T21:15:23.9410293Z # Subtest: mobile upload separates survey uploads from carrier field captures
tenant-security	Run npm test	2026-09-17T21:15:23.9411747Z ok 489 - mobile upload separates survey uploads from carrier field captures
tenant-security	Run npm test	2026-09-17T21:15:23.9413037Z   ---
tenant-security	Run npm test	2026-09-17T21:15:23.9421141Z   duration_ms: 0.465163
tenant-security	Run npm test	2026-09-17T21:15:23.9421735Z   type: 'test'
tenant-security	Run npm test	2026-09-17T21:15:23.9422250Z   ...
tenant-security	Run npm test	2026-09-17T21:15:23.9423421Z # Subtest: mobile field UI never substitutes carrier coordinates for capture coordinates
tenant-security	Run npm test	2026-09-17T21:15:23.9424912Z ok 490 - mobile field UI never substitutes carrier coordinates for capture coordinates
tenant-security	Run npm test	2026-09-17T21:15:23.9453353Z   ---
tenant-security	Run npm test	2026-09-17T21:15:23.9465296Z   duration_ms: 0.74079
tenant-security	Run npm test	2026-09-17T21:15:23.9466030Z   type: 'test'
tenant-security	Run npm test	2026-09-17T21:15:23.9466529Z   ...
tenant-security	Run npm test	2026-09-17T21:15:23.9467597Z # Subtest: mobile carrier discovery is bounded, searchable and resistant to stale responses
tenant-security	Run npm test	2026-09-17T21:15:23.9469073Z ok 491 - mobile carrier discovery is bounded, searchable and resistant to stale responses
tenant-security	Run npm test	2026-09-17T21:15:23.9479641Z   ---
tenant-security	Run npm test	2026-09-17T21:15:23.9480207Z   duration_ms: 0.582082
tenant-security	Run npm test	2026-09-17T21:15:23.9480787Z   type: 'test'
tenant-security	Run npm test	2026-09-17T21:15:23.9481306Z   ...
tenant-security	Run npm test	2026-09-17T21:15:23.9482168Z # Subtest: photo confirmation is authenticated, one-way and idempotent
tenant-security	Run npm test	2026-09-17T21:15:23.9484961Z ok 492 - photo confirmation is authenticated, one-way and idempotent
tenant-security	Run npm test	2026-09-17T21:15:23.9486021Z   ---
tenant-security	Run npm test	2026-09-17T21:15:23.9486596Z   duration_ms: 0.333927
tenant-security	Run npm test	2026-09-17T21:15:23.9487171Z   type: 'test'
tenant-security	Run npm test	2026-09-17T21:15:23.9487679Z   ...
tenant-security	Run npm test	2026-09-17T21:15:23.9488597Z # Subtest: installation photos share tenant storage and clean up failed writes
tenant-security	Run npm test	2026-09-17T21:15:23.9489890Z ok 493 - installation photos share tenant storage and clean up failed writes
tenant-security	Run npm test	2026-09-17T21:15:23.9490752Z   ---
tenant-security	Run npm test	2026-09-17T21:15:23.9491249Z   duration_ms: 0.489047
tenant-security	Run npm test	2026-09-17T21:15:23.9491799Z   type: 'test'
tenant-security	Run npm test	2026-09-17T21:15:23.9492302Z   ...
tenant-security	Run npm test	2026-09-17T21:15:23.9493594Z # Subtest: all active photo upload routes use the shared storage boundary or verified Drive logo flow
tenant-security	Run npm test	2026-09-17T21:15:23.9495289Z ok 494 - all active photo upload routes use the shared storage boundary or verified Drive logo flow
tenant-security	Run npm test	2026-09-17T21:15:23.9496527Z   ---
tenant-security	Run npm test	2026-09-17T21:15:23.9497084Z   duration_ms: 1.140369
tenant-security	Run npm test	2026-09-17T21:15:23.9497693Z   type: 'test'
tenant-security	Run npm test	2026-09-17T21:15:23.9498241Z   ...
tenant-security	Run npm test	2026-09-17T21:15:23.9499204Z # Subtest: standard photo upload restores the verified tenant at the route boundary
tenant-security	Run npm test	2026-09-17T21:15:23.9500592Z ok 495 - standard photo upload restores the verified tenant at the route boundary
tenant-security	Run npm test	2026-09-17T21:15:23.9501503Z   ---
tenant-security	Run npm test	2026-09-17T21:15:23.9502043Z   duration_ms: 0.487775
tenant-security	Run npm test	2026-09-17T21:15:23.9502833Z   type: 'test'
tenant-security	Run npm test	2026-09-17T21:15:23.9503376Z   ...
tenant-security	Run npm test	2026-09-17T21:15:23.9504332Z # Subtest: profile and vehicle photos use correct types and replacement-safe storage
tenant-security	Run npm test	2026-09-17T21:15:23.9505717Z ok 496 - profile and vehicle photos use correct types and replacement-safe storage
tenant-security	Run npm test	2026-09-17T21:15:23.9506620Z   ---
tenant-security	Run npm test	2026-09-17T21:15:23.9507118Z   duration_ms: 0.25598
tenant-security	Run npm test	2026-09-17T21:15:23.9507674Z   type: 'test'
tenant-security	Run npm test	2026-09-17T21:15:23.9508174Z   ...
tenant-security	Run npm test	2026-09-17T21:15:23.9509145Z # Subtest: legacy content and thumbnail endpoints converge on the authorized file route
tenant-security	Run npm test	2026-09-17T21:15:23.9510556Z ok 497 - legacy content and thumbnail endpoints converge on the authorized file route
tenant-security	Run npm test	2026-09-17T21:15:23.9511458Z   ---
tenant-security	Run npm test	2026-09-17T21:15:23.9512481Z   duration_ms: 0.200406
tenant-security	Run npm test	2026-09-17T21:15:23.9514995Z   type: 'test'
tenant-security	Run npm test	2026-09-17T21:15:23.9515525Z   ...
tenant-security	Run npm test	2026-09-17T21:15:23.9516497Z # Subtest: deleting a photo removes the database row before best-effort object cleanup
tenant-security	Run npm test	2026-09-17T21:15:23.9517888Z ok 498 - deleting a photo removes the database row before best-effort object cleanup
tenant-security	Run npm test	2026-09-17T21:15:23.9518787Z   ---
tenant-security	Run npm test	2026-09-17T21:15:23.9519282Z   duration_ms: 0.160421
tenant-security	Run npm test	2026-09-17T21:15:23.9519841Z   type: 'test'
tenant-security	Run npm test	2026-09-17T21:15:23.9520344Z   ...
tenant-security	Run npm test	2026-09-17T21:15:23.9521202Z # Subtest: carrier photo count stays synchronized after gallery mutations
tenant-security	Run npm test	2026-09-17T21:15:23.9522410Z ok 499 - carrier photo count stays synchronized after gallery mutations
tenant-security	Run npm test	2026-09-17T21:15:23.9523467Z   ---
tenant-security	Run npm test	2026-09-17T21:15:23.9524027Z   duration_ms: 0.266109
tenant-security	Run npm test	2026-09-17T21:15:23.9524973Z   type: 'test'
tenant-security	Run npm test	2026-09-17T21:15:23.9525571Z   ...
tenant-security	Run npm test	2026-09-17T21:15:23.9527769Z # Subtest: carrier damage report validates, prepares and verifies photo uploads before closing
tenant-security	Run npm test	2026-09-17T21:15:23.9529428Z ok 500 - carrier damage report validates, prepares and verifies photo uploads before closing
tenant-security	Run npm test	2026-09-17T21:15:23.9530455Z   ---
tenant-security	Run npm test	2026-09-17T21:15:23.9531092Z   duration_ms: 2.000312
tenant-security	Run npm test	2026-09-17T21:15:23.9531770Z   type: 'test'
tenant-security	Run npm test	2026-09-17T21:15:23.9532332Z   ...
tenant-security	Run npm test	2026-09-17T21:15:23.9533404Z # Subtest: carrier gallery preserves and displays field capture metadata
tenant-security	Run npm test	2026-09-17T21:15:23.9534773Z ok 501 - carrier gallery preserves and displays field capture metadata
tenant-security	Run npm test	2026-09-17T21:15:23.9535612Z   ---
tenant-security	Run npm test	2026-09-17T21:15:23.9536141Z   duration_ms: 0.658074
tenant-security	Run npm test	2026-09-17T21:15:23.9536715Z   type: 'test'
tenant-security	Run npm test	2026-09-17T21:15:23.9537220Z   ...
tenant-security	Run npm test	2026-09-17T21:15:23.9538208Z # Subtest: Google Drive image picker loads bounded pages instead of one thousand files
tenant-security	Run npm test	2026-09-17T21:15:23.9539636Z ok 502 - Google Drive image picker loads bounded pages instead of one thousand files
tenant-security	Run npm test	2026-09-17T21:15:23.9540536Z   ---
tenant-security	Run npm test	2026-09-17T21:15:23.9541037Z   duration_ms: 0.500438
tenant-security	Run npm test	2026-09-17T21:15:23.9541618Z   type: 'test'
tenant-security	Run npm test	2026-09-17T21:15:23.9542149Z   ...
tenant-security	Run npm test	2026-09-17T21:15:24.1155788Z # Subtest: Photos: linking multiple photos concurrently checks and sets exactly one primary photo
tenant-security	Run npm test	2026-09-17T21:15:24.1160455Z ok 503 - Photos: linking multiple photos concurrently checks and sets exactly one primary photo
tenant-security	Run npm test	2026-09-17T21:15:24.1161887Z   ---
tenant-security	Run npm test	2026-09-17T21:15:24.1162561Z   duration_ms: 8.626574
tenant-security	Run npm test	2026-09-17T21:15:24.1163588Z   type: 'test'
tenant-security	Run npm test	2026-09-17T21:15:24.1164108Z   ...
tenant-security	Run npm test	2026-09-17T21:15:24.1165164Z # Subtest: Photos: linking multiple photos sequentially sets the first one as primary
tenant-security	Run npm test	2026-09-17T21:15:24.1166679Z ok 504 - Photos: linking multiple photos sequentially sets the first one as primary
tenant-security	Run npm test	2026-09-17T21:15:24.1170097Z   ---
tenant-security	Run npm test	2026-09-17T21:15:24.1170944Z   duration_ms: 0.620213
tenant-security	Run npm test	2026-09-17T21:15:24.1171541Z   type: 'test'
tenant-security	Run npm test	2026-09-17T21:15:24.1172044Z   ...
tenant-security	Run npm test	2026-09-17T21:15:24.3228665Z # Subtest: Planner cron reaches its secret-authenticated handler without a browser cookie
tenant-security	Run npm test	2026-09-17T21:15:24.3236317Z ok 505 - Planner cron reaches its secret-authenticated handler without a browser cookie
tenant-security	Run npm test	2026-09-17T21:15:24.3260043Z   ---
tenant-security	Run npm test	2026-09-17T21:15:24.3267376Z   duration_ms: 4.247066
tenant-security	Run npm test	2026-09-17T21:15:24.3268119Z   type: 'test'
tenant-security	Run npm test	2026-09-17T21:15:24.3268766Z   ...
tenant-security	Run npm test	2026-09-17T21:15:24.3269851Z # Subtest: Planner user APIs and nested cron paths still require a browser session
tenant-security	Run npm test	2026-09-17T21:15:24.3271439Z ok 506 - Planner user APIs and nested cron paths still require a browser session
tenant-security	Run npm test	2026-09-17T21:15:24.3272502Z   ---
tenant-security	Run npm test	2026-09-17T21:15:24.3273463Z   duration_ms: 2.646874
tenant-security	Run npm test	2026-09-17T21:15:24.3274212Z   type: 'test'
tenant-security	Run npm test	2026-09-17T21:15:24.3274852Z   ...
tenant-security	Run npm test	2026-09-17T21:15:27.9845018Z # Subtest: additive migration enforces tenant event keys, idempotency and immediate offboarding in PostgreSQL
tenant-security	Run npm test	2026-09-17T21:15:27.9854555Z ok 507 - additive migration enforces tenant event keys, idempotency and immediate offboarding in PostgreSQL
tenant-security	Run npm test	2026-09-17T21:15:27.9855696Z   ---
tenant-security	Run npm test	2026-09-17T21:15:27.9856329Z   duration_ms: 3404.919695
tenant-security	Run npm test	2026-09-17T21:15:27.9857076Z   type: 'test'
tenant-security	Run npm test	2026-09-17T21:15:27.9858303Z   ...
tenant-security	Run npm test	2026-09-17T21:15:28.0574246Z # Subtest: overlapping events count only once in capacity
tenant-security	Run npm test	2026-09-17T21:15:28.0604058Z ok 508 - overlapping events count only once in capacity
tenant-security	Run npm test	2026-09-17T21:15:28.0628886Z   ---
tenant-security	Run npm test	2026-09-17T21:15:28.0653823Z   duration_ms: 1.678669
tenant-security	Run npm test	2026-09-17T21:15:28.0654740Z   type: 'test'
tenant-security	Run npm test	2026-09-17T21:15:28.0680517Z   ...
tenant-security	Run npm test	2026-09-17T21:15:28.0734387Z # Subtest: timezone conversion handles Prague DST and rejects non-existent wall time
tenant-security	Run npm test	2026-09-17T21:15:28.0768930Z ok 509 - timezone conversion handles Prague DST and rejects non-existent wall time
tenant-security	Run npm test	2026-09-17T21:15:28.0813438Z   ---
tenant-security	Run npm test	2026-09-17T21:15:28.0873426Z   duration_ms: 24.679199
tenant-security	Run npm test	2026-09-17T21:15:28.0913254Z   type: 'test'
tenant-security	Run npm test	2026-09-17T21:15:28.0993508Z   ...
tenant-security	Run npm test	2026-09-17T21:15:28.1083751Z # Subtest: meeting search respects all participants, buffers, lunch and forbidden times
tenant-security	Run npm test	2026-09-17T21:15:28.1143697Z ok 510 - meeting search respects all participants, buffers, lunch and forbidden times
tenant-security	Run npm test	2026-09-17T21:15:28.1193184Z   ---
tenant-security	Run npm test	2026-09-17T21:15:28.1234089Z   duration_ms: 64.159767
tenant-security	Run npm test	2026-09-17T21:15:28.1313293Z   type: 'test'
tenant-security	Run npm test	2026-09-17T21:15:28.1402395Z   ...
tenant-security	Run npm test	2026-09-17T21:15:28.1433387Z # Subtest: a fully occupied day has no suggested slot
tenant-security	Run npm test	2026-09-17T21:15:28.1493550Z ok 511 - a fully occupied day has no suggested slot
tenant-security	Run npm test	2026-09-17T21:15:28.1553292Z   ---
tenant-security	Run npm test	2026-09-17T21:15:28.1613322Z   duration_ms: 27.227848
tenant-security	Run npm test	2026-09-17T21:15:28.1653353Z   type: 'test'
tenant-security	Run npm test	2026-09-17T21:15:28.1653769Z   ...
tenant-security	Run npm test	2026-09-17T21:15:28.1654598Z # Subtest: all-day end is exclusive in calendar timezone and duplicate tombstones win
tenant-security	Run npm test	2026-09-17T21:15:28.1655839Z ok 512 - all-day end is exclusive in calendar timezone and duplicate tombstones win
tenant-security	Run npm test	2026-09-17T21:15:28.1656572Z   ---
tenant-security	Run npm test	2026-09-17T21:15:28.1656919Z   duration_ms: 0.697508
tenant-security	Run npm test	2026-09-17T21:15:28.1657326Z   type: 'test'
tenant-security	Run npm test	2026-09-17T21:15:28.1657669Z   ...
tenant-security	Run npm test	2026-09-17T21:15:28.1658275Z # Subtest: preferences reject invalid hours and timezone
tenant-security	Run npm test	2026-09-17T21:15:28.1659069Z ok 513 - preferences reject invalid hours and timezone
tenant-security	Run npm test	2026-09-17T21:15:28.1659677Z   ---
tenant-security	Run npm test	2026-09-17T21:15:28.1660018Z   duration_ms: 1.258921
tenant-security	Run npm test	2026-09-17T21:15:28.1660412Z   type: 'test'
tenant-security	Run npm test	2026-09-17T21:15:28.1660757Z   ...
tenant-security	Run npm test	2026-09-17T21:15:28.1661525Z # Subtest: every new Planner model is scoped and rejects a foreign tenant override
tenant-security	Run npm test	2026-09-17T21:15:28.1662955Z ok 514 - every new Planner model is scoped and rejects a foreign tenant override
tenant-security	Run npm test	2026-09-17T21:15:28.1663705Z   ---
tenant-security	Run npm test	2026-09-17T21:15:28.1664093Z   duration_ms: 2.859924
tenant-security	Run npm test	2026-09-17T21:15:28.1664494Z   type: 'test'
tenant-security	Run npm test	2026-09-17T21:15:28.1664820Z   ...
tenant-security	Run npm test	2026-09-17T21:15:28.1665550Z # Subtest: manager cannot manage another user connection or same user in other tenant
tenant-security	Run npm test	2026-09-17T21:15:28.1666671Z ok 515 - manager cannot manage another user connection or same user in other tenant
tenant-security	Run npm test	2026-09-17T21:15:28.1667357Z   ---
tenant-security	Run npm test	2026-09-17T21:15:28.1667678Z   duration_ms: 0.264426
tenant-security	Run npm test	2026-09-17T21:15:28.1668055Z   type: 'test'
tenant-security	Run npm test	2026-09-17T21:15:28.1668375Z   ...
tenant-security	Run npm test	2026-09-17T21:15:28.1669210Z # Subtest: FREE_BUSY projection used by UI and AI contains no title, location or provider metadata
tenant-security	Run npm test	2026-09-17T21:15:28.1670621Z ok 516 - FREE_BUSY projection used by UI and AI contains no title, location or provider metadata
tenant-security	Run npm test	2026-09-17T21:15:28.1671383Z   ---
tenant-security	Run npm test	2026-09-17T21:15:28.1671711Z   duration_ms: 0.726302
tenant-security	Run npm test	2026-09-17T21:15:28.1672083Z   type: 'test'
tenant-security	Run npm test	2026-09-17T21:15:28.1672400Z   ...
tenant-security	Run npm test	2026-09-17T21:15:28.1673414Z # Subtest: WORK_DETAILS never reveals private/default events; FULL requires explicit selection
tenant-security	Run npm test	2026-09-17T21:15:28.1674719Z ok 517 - WORK_DETAILS never reveals private/default events; FULL requires explicit selection
tenant-security	Run npm test	2026-09-17T21:15:28.1675506Z   ---
tenant-security	Run npm test	2026-09-17T21:15:28.1675849Z   duration_ms: 0.27736
tenant-security	Run npm test	2026-09-17T21:15:28.1676240Z   type: 'test'
tenant-security	Run npm test	2026-09-17T21:15:28.1676581Z   ...
tenant-security	Run npm test	2026-09-17T21:15:28.1677416Z # Subtest: cross-tenant and offboarded events are absent even for manager/AI
tenant-security	Run npm test	2026-09-17T21:15:28.1733623Z ok 518 - cross-tenant and offboarded events are absent even for manager/AI
tenant-security	Run npm test	2026-09-17T21:15:28.1768599Z   ---
tenant-security	Run npm test	2026-09-17T21:15:28.1769906Z   duration_ms: 0.286497
tenant-security	Run npm test	2026-09-17T21:15:28.1820075Z   type: 'test'
tenant-security	Run npm test	2026-09-17T21:15:28.1853144Z   ...
tenant-security	Run npm test	2026-09-17T21:15:28.1915985Z # Subtest: OAuth state must match cookie nonce, user, tenant and expiration
tenant-security	Run npm test	2026-09-17T21:15:28.1926712Z ok 519 - OAuth state must match cookie nonce, user, tenant and expiration
tenant-security	Run npm test	2026-09-17T21:15:28.1927886Z   ---
tenant-security	Run npm test	2026-09-17T21:15:28.1928643Z   duration_ms: 0.584165
tenant-security	Run npm test	2026-09-17T21:15:28.1929198Z   type: 'test'
tenant-security	Run npm test	2026-09-17T21:15:28.1929926Z   ...
tenant-security	Run npm test	2026-09-17T21:15:28.1930881Z # Subtest: Planner is opt-in per tenant, including enterprise
tenant-security	Run npm test	2026-09-17T21:15:28.1932101Z ok 520 - Planner is opt-in per tenant, including enterprise
tenant-security	Run npm test	2026-09-17T21:15:28.1933122Z   ---
tenant-security	Run npm test	2026-09-17T21:15:28.1933622Z   duration_ms: 0.515727
tenant-security	Run npm test	2026-09-17T21:15:28.1934388Z   type: 'test'
tenant-security	Run npm test	2026-09-17T21:15:28.1934872Z   ...
tenant-security	Run npm test	2026-09-17T21:15:28.1936190Z # Subtest: create rejects foreign Offer, foreign Client and inconsistent client before writing
tenant-security	Run npm test	2026-09-17T21:15:28.1938018Z ok 521 - create rejects foreign Offer, foreign Client and inconsistent client before writing
tenant-security	Run npm test	2026-09-17T21:15:28.1939177Z   ---
tenant-security	Run npm test	2026-09-17T21:15:28.1939661Z   duration_ms: 4.145495
tenant-security	Run npm test	2026-09-17T21:15:28.1940418Z   type: 'test'
tenant-security	Run npm test	2026-09-17T21:15:28.1940901Z   ...
tenant-security	Run npm test	2026-09-17T21:15:28.1942054Z # Subtest: production and CRM use caller transaction and roll back together on CRM failure
tenant-security	Run npm test	2026-09-17T21:15:28.1943930Z ok 522 - production and CRM use caller transaction and roll back together on CRM failure
tenant-security	Run npm test	2026-09-17T21:15:28.1944971Z   ---
tenant-security	Run npm test	2026-09-17T21:15:28.1945459Z   duration_ms: 1.521623
tenant-security	Run npm test	2026-09-17T21:15:28.1946215Z   type: 'test'
tenant-security	Run npm test	2026-09-17T21:15:28.1946697Z   ...
tenant-security	Run npm test	2026-09-17T21:15:28.1947625Z # Subtest: public approval is restricted to offer, tenant, current state and cannot replay
tenant-security	Run npm test	2026-09-17T21:15:28.1948957Z ok 523 - public approval is restricted to offer, tenant, current state and cannot replay
tenant-security	Run npm test	2026-09-17T21:15:28.1949816Z   ---
tenant-security	Run npm test	2026-09-17T21:15:28.1950282Z   duration_ms: 1.08768
tenant-security	Run npm test	2026-09-17T21:15:28.1950798Z   type: 'test'
tenant-security	Run npm test	2026-09-17T21:15:28.1951297Z   ...
tenant-security	Run npm test	2026-09-17T21:15:28.1952222Z # Subtest: PWA manifest has a stable scope, standalone start and real square raster icons
tenant-security	Run npm test	2026-09-17T21:15:28.1953800Z ok 524 - PWA manifest has a stable scope, standalone start and real square raster icons
tenant-security	Run npm test	2026-09-17T21:15:28.1954709Z   ---
tenant-security	Run npm test	2026-09-17T21:15:28.1955212Z   duration_ms: 2.765287
tenant-security	Run npm test	2026-09-17T21:15:28.1955767Z   type: 'test'
tenant-security	Run npm test	2026-09-17T21:15:28.1956254Z   ...
tenant-security	Run npm test	2026-09-17T21:15:28.1957299Z # Subtest: service worker caches only a public offline shell and never authenticated pages or APIs
tenant-security	Run npm test	2026-09-17T21:15:28.1958830Z ok 525 - service worker caches only a public offline shell and never authenticated pages or APIs
tenant-security	Run npm test	2026-09-17T21:15:28.1959792Z   ---
tenant-security	Run npm test	2026-09-17T21:15:28.1960280Z   duration_ms: 0.412174
tenant-security	Run npm test	2026-09-17T21:15:28.1960825Z   type: 'test'
tenant-security	Run npm test	2026-09-17T21:15:28.1961321Z   ...
tenant-security	Run npm test	2026-09-17T21:15:28.1962324Z # Subtest: PWA technical files bypass auth middleware while application routes stay protected
tenant-security	Run npm test	2026-09-17T21:15:28.1964169Z ok 526 - PWA technical files bypass auth middleware while application routes stay protected
tenant-security	Run npm test	2026-09-17T21:15:28.1965159Z   ---
tenant-security	Run npm test	2026-09-17T21:15:28.1965654Z   duration_ms: 0.406142
tenant-security	Run npm test	2026-09-17T21:15:28.1966200Z   type: 'test'
tenant-security	Run npm test	2026-09-17T21:15:28.1966694Z   ...
tenant-security	Run npm test	2026-09-17T21:15:28.1967676Z # Subtest: install UI handles app installation, dismissal, offline state and accessible zoom
tenant-security	Run npm test	2026-09-17T21:15:28.1969118Z ok 527 - install UI handles app installation, dismissal, offline state and accessible zoom
tenant-security	Run npm test	2026-09-17T21:15:28.1970075Z   ---
tenant-security	Run npm test	2026-09-17T21:15:28.1970559Z   duration_ms: 0.313108
tenant-security	Run npm test	2026-09-17T21:15:28.1971106Z   type: 'test'
tenant-security	Run npm test	2026-09-17T21:15:28.1971603Z   ...
tenant-security	Run npm test	2026-09-17T21:15:28.1972385Z # Subtest: vercel.json is valid and contains sales-radar cron job
tenant-security	Run npm test	2026-09-17T21:15:28.1973645Z ok 528 - vercel.json is valid and contains sales-radar cron job
tenant-security	Run npm test	2026-09-17T21:15:28.2013333Z   ---
tenant-security	Run npm test	2026-09-17T21:15:28.2043378Z   duration_ms: 1.649664
tenant-security	Run npm test	2026-09-17T21:15:28.2044025Z   type: 'test'
tenant-security	Run npm test	2026-09-17T21:15:28.2073369Z   ...
tenant-security	Run npm test	2026-09-17T21:15:28.2101723Z # Subtest: cron route guards execution with CRON_SECRET and admin check
tenant-security	Run npm test	2026-09-17T21:15:28.2135612Z ok 529 - cron route guards execution with CRON_SECRET and admin check
tenant-security	Run npm test	2026-09-17T21:15:28.2136620Z   ---
tenant-security	Run npm test	2026-09-17T21:15:28.2163406Z   duration_ms: 0.416841
tenant-security	Run npm test	2026-09-17T21:15:28.2193385Z   type: 'test'
tenant-security	Run npm test	2026-09-17T21:15:28.2223391Z   ...
tenant-security	Run npm test	2026-09-17T21:15:28.2224492Z # Subtest: notifications service supports RADAR_OPPORTUNITY and includes them for sales
tenant-security	Run npm test	2026-09-17T21:15:28.2253812Z ok 530 - notifications service supports RADAR_OPPORTUNITY and includes them for sales
tenant-security	Run npm test	2026-09-17T21:15:28.2283237Z   ---
tenant-security	Run npm test	2026-09-17T21:15:28.2309682Z   duration_ms: 0.431309
tenant-security	Run npm test	2026-09-17T21:15:28.2363622Z   type: 'test'
tenant-security	Run npm test	2026-09-17T21:15:28.2423307Z   ...
tenant-security	Run npm test	2026-09-17T21:15:28.2424374Z # Subtest: unread notifications route includes fresh radar opportunities in toast items
tenant-security	Run npm test	2026-09-17T21:15:28.2478831Z ok 531 - unread notifications route includes fresh radar opportunities in toast items
tenant-security	Run npm test	2026-09-17T21:15:28.2574189Z   ---
tenant-security	Run npm test	2026-09-17T21:15:28.2633761Z   duration_ms: 0.35691
tenant-security	Run npm test	2026-09-17T21:15:28.2663630Z   type: 'test'
tenant-security	Run npm test	2026-09-17T21:15:28.2723516Z   ...
tenant-security	Run npm test	2026-09-17T21:15:28.2754026Z # Subtest: radar settings modal clearly shows automated morning cron status and notifications
tenant-security	Run npm test	2026-09-17T21:15:28.2813966Z ok 532 - radar settings modal clearly shows automated morning cron status and notifications
tenant-security	Run npm test	2026-09-17T21:15:28.2873534Z   ---
tenant-security	Run npm test	2026-09-17T21:15:28.2903564Z   duration_ms: 0.401733
tenant-security	Run npm test	2026-09-17T21:15:28.2963434Z   type: 'test'
tenant-security	Run npm test	2026-09-17T21:15:28.2979877Z   ...
tenant-security	Run npm test	2026-09-17T21:15:28.3004386Z # Error parsing live search JSON: Error: Neplatný JSON.
tenant-security	Run npm test	2026-09-17T21:15:28.3034309Z #     at searchLiveOpportunitiesWithGemini (/home/runner/work/seepoint/seepoint/lib/opportunities/live-search-core.ts:138:53)
tenant-security	Run npm test	2026-09-17T21:15:28.3054526Z #     at async waitForActual (node:assert:644:5)
tenant-security	Run npm test	2026-09-17T21:15:28.3073489Z #     at async Function.rejects (node:assert:767:25)
tenant-security	Run npm test	2026-09-17T21:15:28.3104009Z #     at async TestContext.<anonymous> (/home/runner/work/seepoint/seepoint/tests/radar-deadline.test.ts:23:45)
tenant-security	Run npm test	2026-09-17T21:15:28.3133546Z #     at async Test.run (node:internal/test_runner/test:1054:7)
tenant-security	Run npm test	2026-09-17T21:15:28.3164047Z #     at async Test.processPendingSubtests (node:internal/test_runner/test:744:7)
tenant-security	Run npm test	2026-09-17T21:15:28.3184208Z # Error parsing live search JSON: Error: Žádná položka neprošla validací.
tenant-security	Run npm test	2026-09-17T21:15:28.3185916Z #     at searchLiveOpportunitiesWithGemini (/home/runner/work/seepoint/seepoint/lib/opportunities/live-search-core.ts:204:60)
tenant-security	Run npm test	2026-09-17T21:15:28.3187290Z #     at async waitForActual (node:assert:644:5)
tenant-security	Run npm test	2026-09-17T21:15:28.3188091Z #     at async Function.rejects (node:assert:767:25)
tenant-security	Run npm test	2026-09-17T21:15:28.3189384Z #     at async TestContext.<anonymous> (/home/runner/work/seepoint/seepoint/tests/radar-deadline.test.ts:24:41)
tenant-security	Run npm test	2026-09-17T21:15:28.3203687Z #     at async Test.run (node:internal/test_runner/test:1054:7)
tenant-security	Run npm test	2026-09-17T21:15:28.3204805Z #     at async Test.processPendingSubtests (node:internal/test_runner/test:744:7)
tenant-security	Run npm test	2026-09-17T21:15:28.3205985Z # Subtest: expired shared deadline rejects before another request can start
tenant-security	Run npm test	2026-09-17T21:15:28.3207101Z ok 533 - expired shared deadline rejects before another request can start
tenant-security	Run npm test	2026-09-17T21:15:28.3207786Z   ---
tenant-security	Run npm test	2026-09-17T21:15:28.3208121Z   duration_ms: 1.746636
tenant-security	Run npm test	2026-09-17T21:15:28.3208522Z   type: 'test'
tenant-security	Run npm test	2026-09-17T21:15:28.3208876Z   ...
tenant-security	Run npm test	2026-09-17T21:15:28.3209736Z # Subtest: live search reports provider HTTP failures rather than a successful empty result
tenant-security	Run npm test	2026-09-17T21:15:28.3253974Z ok 534 - live search reports provider HTTP failures rather than a successful empty result
tenant-security	Run npm test	2026-09-17T21:15:28.3283175Z   ---
tenant-security	Run npm test	2026-09-17T21:15:28.3283988Z   duration_ms: 252.647314
tenant-security	Run npm test	2026-09-17T21:15:28.3313299Z   type: 'test'
tenant-security	Run npm test	2026-09-17T21:15:28.3343297Z   ...
tenant-security	Run npm test	2026-09-17T21:15:28.3373578Z # Subtest: valid empty search remains distinct from malformed provider output
tenant-security	Run npm test	2026-09-17T21:15:28.3374793Z ok 535 - valid empty search remains distinct from malformed provider output
tenant-security	Run npm test	2026-09-17T21:15:28.3443415Z   ---
tenant-security	Run npm test	2026-09-17T21:15:28.3473194Z   duration_ms: 13.475295
tenant-security	Run npm test	2026-09-17T21:15:28.3499282Z   type: 'test'
tenant-security	Run npm test	2026-09-17T21:15:28.3553284Z   ...
tenant-security	Run npm test	2026-09-17T21:15:29.9412076Z # Subtest: additive radar migration preserves historical opportunities and articles with tenant-safe source identity
tenant-security	Run npm test	2026-09-17T21:15:29.9434790Z ok 536 - additive radar migration preserves historical opportunities and articles with tenant-safe source identity
tenant-security	Run npm test	2026-09-17T21:15:29.9450693Z   ---
tenant-security	Run npm test	2026-09-17T21:15:29.9452931Z   duration_ms: 3467.993951
tenant-security	Run npm test	2026-09-17T21:15:29.9453735Z   type: 'test'
tenant-security	Run npm test	2026-09-17T21:15:29.9455057Z   ...
tenant-security	Run npm test	2026-09-17T21:15:30.0161130Z # Subtest: production semantic ingestion and manual review preserve source identity and canonical records
tenant-security	Run npm test	2026-09-17T21:15:30.0163121Z     # Subtest: same URL twice -> one source and one opportunity, zero comparison calls
tenant-security	Run npm test	2026-09-17T21:15:30.0164394Z     ok 1 - same URL twice -> one source and one opportunity, zero comparison calls
tenant-security	Run npm test	2026-09-17T21:15:30.0165349Z       ---
tenant-security	Run npm test	2026-09-17T21:15:30.0165876Z       duration_ms: 11.272202
tenant-security	Run npm test	2026-09-17T21:15:30.0166465Z       type: 'test'
tenant-security	Run npm test	2026-09-17T21:15:30.0166953Z       ...
tenant-security	Run npm test	2026-09-17T21:15:30.0167686Z     # Subtest: two URLs, same concrete project -> two sources and one opportunity
tenant-security	Run npm test	2026-09-17T21:15:30.0168827Z     ok 2 - two URLs, same concrete project -> two sources and one opportunity
tenant-security	Run npm test	2026-09-17T21:15:30.0169624Z       ---
tenant-security	Run npm test	2026-09-17T21:15:30.0170103Z       duration_ms: 46.330728
tenant-security	Run npm test	2026-09-17T21:15:30.0170619Z       type: 'test'
tenant-security	Run npm test	2026-09-17T21:15:30.0171086Z       ...
tenant-security	Run npm test	2026-09-17T21:15:30.0171921Z     # Subtest: different cities -> separate; same company and city alone -> never auto merge
tenant-security	Run npm test	2026-09-17T21:15:30.0173430Z     ok 3 - different cities -> separate; same company and city alone -> never auto merge
tenant-security	Run npm test	2026-09-17T21:15:30.0174493Z       ---
tenant-security	Run npm test	2026-09-17T21:15:30.0175031Z       duration_ms: 8.200501
tenant-security	Run npm test	2026-09-17T21:15:30.0175611Z       type: 'test'
tenant-security	Run npm test	2026-09-17T21:15:30.0176067Z       ...
tenant-security	Run npm test	2026-09-17T21:15:30.0176950Z     # Subtest: same tender, distinct titles -> deterministic merge without provider
tenant-security	Run npm test	2026-09-17T21:15:30.0178216Z     ok 4 - same tender, distinct titles -> deterministic merge without provider
tenant-security	Run npm test	2026-09-17T21:15:30.0179086Z       ---
tenant-security	Run npm test	2026-09-17T21:15:30.0179571Z       duration_ms: 4.544894
tenant-security	Run npm test	2026-09-17T21:15:30.0180142Z       type: 'test'
tenant-security	Run npm test	2026-09-17T21:15:30.0180604Z       ...
tenant-security	Run npm test	2026-09-17T21:15:30.0181546Z     # Subtest: .82 confidence -> review; manual merge moves both sources; detach reverses enrichment
tenant-security	Run npm test	2026-09-17T21:15:30.0183219Z     ok 5 - .82 confidence -> review; manual merge moves both sources; detach reverses enrichment
tenant-security	Run npm test	2026-09-17T21:15:30.0263424Z       ---
tenant-security	Run npm test	2026-09-17T21:15:30.0288604Z       duration_ms: 7.333655
tenant-security	Run npm test	2026-09-17T21:15:30.0289308Z       type: 'test'
tenant-security	Run npm test	2026-09-17T21:15:30.0289826Z       ...
tenant-security	Run npm test	2026-09-17T21:15:30.0290479Z     # Subtest: keep separate survives recrawl and higher resolver confidence
tenant-security	Run npm test	2026-09-17T21:15:30.0291458Z     ok 6 - keep separate survives recrawl and higher resolver confidence
tenant-security	Run npm test	2026-09-17T21:15:30.0292105Z       ---
tenant-security	Run npm test	2026-09-17T21:15:30.0292457Z       duration_ms: 7.311023
tenant-security	Run npm test	2026-09-17T21:15:30.0293213Z       type: 'test'
tenant-security	Run npm test	2026-09-17T21:15:30.0293569Z       ...
tenant-security	Run npm test	2026-09-17T21:15:30.0294313Z     # Subtest: new investment is added without overwriting confirmed facts and sources remain
tenant-security	Run npm test	2026-09-17T21:15:30.0295465Z     ok 7 - new investment is added without overwriting confirmed facts and sources remain
tenant-security	Run npm test	2026-09-17T21:15:30.0296214Z       ---
tenant-security	Run npm test	2026-09-17T21:15:30.0296556Z       duration_ms: 3.791221
tenant-security	Run npm test	2026-09-17T21:15:30.0296961Z       type: 'test'
tenant-security	Run npm test	2026-09-17T21:15:30.0297308Z       ...
tenant-security	Run npm test	2026-09-17T21:15:30.0298151Z     # Subtest: provider failure retains source and creates review instead of an automatic merge
tenant-security	Run npm test	2026-09-17T21:15:30.0310457Z     ok 8 - provider failure retains source and creates review instead of an automatic merge
tenant-security	Run npm test	2026-09-17T21:15:30.0311329Z       ---
tenant-security	Run npm test	2026-09-17T21:15:30.0311710Z       duration_ms: 5.32585
tenant-security	Run npm test	2026-09-17T21:15:30.0312156Z       type: 'test'
tenant-security	Run npm test	2026-09-17T21:15:30.0312546Z       ...
tenant-security	Run npm test	2026-09-17T21:15:30.0313635Z     # Subtest: new article cannot override an indistinguishable pair previously kept separate
tenant-security	Run npm test	2026-09-17T21:15:30.0315491Z     ok 9 - new article cannot override an indistinguishable pair previously kept separate
tenant-security	Run npm test	2026-09-17T21:15:30.0316305Z       ---
tenant-security	Run npm test	2026-09-17T21:15:30.0316674Z       duration_ms: 21.392935
tenant-security	Run npm test	2026-09-17T21:15:30.0317106Z       type: 'test'
tenant-security	Run npm test	2026-09-17T21:15:30.0317468Z       ...
tenant-security	Run npm test	2026-09-17T21:15:30.0318127Z     # Subtest: conflicting exact location or identifier vetoes automatic merge
tenant-security	Run npm test	2026-09-17T21:15:30.0319133Z     ok 10 - conflicting exact location or identifier vetoes automatic merge
tenant-security	Run npm test	2026-09-17T21:15:30.0319827Z       ---
tenant-security	Run npm test	2026-09-17T21:15:30.0320179Z       duration_ms: 17.767024
tenant-security	Run npm test	2026-09-17T21:15:30.0320612Z       type: 'test'
tenant-security	Run npm test	2026-09-17T21:15:30.0320971Z       ...
tenant-security	Run npm test	2026-09-17T21:15:30.0321481Z     # Subtest: foreign-tenant review cannot move sources
tenant-security	Run npm test	2026-09-17T21:15:30.0322194Z     ok 11 - foreign-tenant review cannot move sources
tenant-security	Run npm test	2026-09-17T21:15:30.0323015Z       ---
tenant-security	Run npm test	2026-09-17T21:15:30.0323398Z       duration_ms: 1.958293
tenant-security	Run npm test	2026-09-17T21:15:30.0323855Z       type: 'test'
tenant-security	Run npm test	2026-09-17T21:15:30.0324202Z       ...
tenant-security	Run npm test	2026-09-17T21:15:30.0324844Z     # Subtest: historical preview is non-destructive and does not call paid AI
tenant-security	Run npm test	2026-09-17T21:15:30.0325813Z     ok 12 - historical preview is non-destructive and does not call paid AI
tenant-security	Run npm test	2026-09-17T21:15:30.0326494Z       ---
tenant-security	Run npm test	2026-09-17T21:15:30.0326916Z       duration_ms: 10.859127
tenant-security	Run npm test	2026-09-17T21:15:30.0327361Z       type: 'test'
tenant-security	Run npm test	2026-09-17T21:15:30.0327715Z       ...
tenant-security	Run npm test	2026-09-17T21:15:30.0328424Z     # Subtest: candidate retrieval bounds every database branch and returns at most ten
tenant-security	Run npm test	2026-09-17T21:15:30.0329524Z     ok 13 - candidate retrieval bounds every database branch and returns at most ten
tenant-security	Run npm test	2026-09-17T21:15:30.0330255Z       ---
tenant-security	Run npm test	2026-09-17T21:15:30.0330609Z       duration_ms: 1.935861
tenant-security	Run npm test	2026-09-17T21:15:30.0331027Z       type: 'test'
tenant-security	Run npm test	2026-09-17T21:15:30.0331388Z       ...
tenant-security	Run npm test	2026-09-17T21:15:30.0331710Z     1..13
tenant-security	Run npm test	2026-09-17T21:15:30.0332964Z ok 537 - production semantic ingestion and manual review preserve source identity and canonical records
tenant-security	Run npm test	2026-09-17T21:15:30.0334087Z   ---
tenant-security	Run npm test	2026-09-17T21:15:30.0334547Z   duration_ms: 670.924469
tenant-security	Run npm test	2026-09-17T21:15:30.0335110Z   type: 'test'
tenant-security	Run npm test	2026-09-17T21:15:30.0335511Z   ...
tenant-security	Run npm test	2026-09-17T21:15:30.0336610Z # Subtest: two differently titled articles with a shared tender identifier resolve without LLM
tenant-security	Run npm test	2026-09-17T21:15:30.0338484Z ok 538 - two differently titled articles with a shared tender identifier resolve without LLM
tenant-security	Run npm test	2026-09-17T21:15:30.0339723Z   ---
tenant-security	Run npm test	2026-09-17T21:15:30.0340227Z   duration_ms: 2.856748
tenant-security	Run npm test	2026-09-17T21:15:30.0340687Z   type: 'test'
tenant-security	Run npm test	2026-09-17T21:15:30.0341056Z   ...
tenant-security	Run npm test	2026-09-17T21:15:30.0341828Z # Subtest: same company and category or same company and city cannot auto merge
tenant-security	Run npm test	2026-09-17T21:15:30.0343165Z ok 539 - same company and category or same company and city cannot auto merge
tenant-security	Run npm test	2026-09-17T21:15:30.0343918Z   ---
tenant-security	Run npm test	2026-09-17T21:15:30.0344238Z   duration_ms: 0.752071
tenant-security	Run npm test	2026-09-17T21:15:30.0344576Z   type: 'test'
tenant-security	Run npm test	2026-09-17T21:15:30.0344893Z   ...
tenant-security	Run npm test	2026-09-17T21:15:30.0345608Z # Subtest: configured confidence boundaries: .90 auto, .82 review, .74 new
tenant-security	Run npm test	2026-09-17T21:15:30.0346706Z ok 540 - configured confidence boundaries: .90 auto, .82 review, .74 new
tenant-security	Run npm test	2026-09-17T21:15:30.0347414Z   ---
tenant-security	Run npm test	2026-09-17T21:15:30.0347778Z   duration_ms: 3.630961
tenant-security	Run npm test	2026-09-17T21:15:30.0348178Z   type: 'test'
tenant-security	Run npm test	2026-09-17T21:15:30.0348530Z   ...
tenant-security	Run npm test	2026-09-17T21:15:30.0349456Z # Subtest: critical conflicts veto high-confidence auto merge, including an identical identifier
tenant-security	Run npm test	2026-09-17T21:15:30.0350909Z ok 541 - critical conflicts veto high-confidence auto merge, including an identical identifier
tenant-security	Run npm test	2026-09-17T21:15:30.0351775Z   ---
tenant-security	Run npm test	2026-09-17T21:15:30.0352141Z   duration_ms: 1.501347
tenant-security	Run npm test	2026-09-17T21:15:30.0352556Z   type: 'test'
tenant-security	Run npm test	2026-09-17T21:15:30.0371899Z   ...
tenant-security	Run npm test	2026-09-17T21:15:30.0372920Z # Subtest: different cities and distinct identifiers bypass paid comparison
tenant-security	Run npm test	2026-09-17T21:15:30.0374303Z ok 542 - different cities and distinct identifiers bypass paid comparison
tenant-security	Run npm test	2026-09-17T21:15:30.0375018Z   ---
tenant-security	Run npm test	2026-09-17T21:15:30.0375916Z   duration_ms: 0.529032
tenant-security	Run npm test	2026-09-17T21:15:30.0376300Z   type: 'test'
tenant-security	Run npm test	2026-09-17T21:15:30.0376705Z   ...
tenant-security	Run npm test	2026-09-17T21:15:30.0377651Z # Subtest: untrusted resolver output cannot invent candidate IDs or confidence
tenant-security	Run npm test	2026-09-17T21:15:30.0378840Z ok 543 - untrusted resolver output cannot invent candidate IDs or confidence
tenant-security	Run npm test	2026-09-17T21:15:30.0379589Z   ---
tenant-security	Run npm test	2026-09-17T21:15:30.0379937Z   duration_ms: 0.34668
tenant-security	Run npm test	2026-09-17T21:15:30.0380353Z   type: 'test'
tenant-security	Run npm test	2026-09-17T21:15:30.0380713Z   ...
tenant-security	Run npm test	2026-09-17T21:15:30.0382257Z # Subtest: enrichment retains investment provenance and conflicts; detach reconstruction removes its facts
tenant-security	Run npm test	2026-09-17T21:15:30.0384495Z ok 544 - enrichment retains investment provenance and conflicts; detach reconstruction removes its facts
tenant-security	Run npm test	2026-09-17T21:15:30.0385665Z   ---
tenant-security	Run npm test	2026-09-17T21:15:30.0386020Z   duration_ms: 0.688572
tenant-security	Run npm test	2026-09-17T21:15:30.0386686Z   type: 'test'
tenant-security	Run npm test	2026-09-17T21:15:30.0387047Z   ...
tenant-security	Run npm test	2026-09-17T21:15:30.0388056Z # Subtest: optional extraction fields stay absent; domain comes from actual URL
tenant-security	Run npm test	2026-09-17T21:15:30.0389527Z ok 545 - optional extraction fields stay absent; domain comes from actual URL
tenant-security	Run npm test	2026-09-17T21:15:30.0390513Z   ---
tenant-security	Run npm test	2026-09-17T21:15:30.0390879Z   duration_ms: 1.678418
tenant-security	Run npm test	2026-09-17T21:15:30.0391593Z   type: 'test'
tenant-security	Run npm test	2026-09-17T21:15:30.0391970Z   ...
tenant-security	Run npm test	2026-09-17T21:15:30.0393104Z # Subtest: request below the limit is allowed
tenant-security	Run npm test	2026-09-17T21:15:30.0394153Z ok 546 - request below the limit is allowed
tenant-security	Run npm test	2026-09-17T21:15:30.0394678Z   ---
tenant-security	Run npm test	2026-09-17T21:15:30.0395293Z   duration_ms: 1.85534
tenant-security	Run npm test	2026-09-17T21:15:30.0395693Z   type: 'test'
tenant-security	Run npm test	2026-09-17T21:15:30.0396399Z   ...
tenant-security	Run npm test	2026-09-17T21:15:30.0396935Z # Subtest: limit produces HTTP 429 and Retry-After
tenant-security	Run npm test	2026-09-17T21:15:30.0397962Z ok 547 - limit produces HTTP 429 and Retry-After
tenant-security	Run npm test	2026-09-17T21:15:30.0398868Z   ---
tenant-security	Run npm test	2026-09-17T21:15:30.0399247Z   duration_ms: 3.986207
tenant-security	Run npm test	2026-09-17T21:15:30.0399671Z   type: 'test'
tenant-security	Run npm test	2026-09-17T21:15:30.0400431Z   ...
tenant-security	Run npm test	2026-09-17T21:15:30.0401398Z # Subtest: different identities have separate limits
tenant-security	Run npm test	2026-09-17T21:15:30.0402552Z ok 548 - different identities have separate limits
tenant-security	Run npm test	2026-09-17T21:15:30.0403179Z   ---
tenant-security	Run npm test	2026-09-17T21:15:30.0404049Z   duration_ms: 0.757371
tenant-security	Run npm test	2026-09-17T21:15:30.0404507Z   type: 'test'
tenant-security	Run npm test	2026-09-17T21:15:30.0405150Z   ...
tenant-security	Run npm test	2026-09-17T21:15:30.0405711Z # Subtest: different endpoints have separate buckets
tenant-security	Run npm test	2026-09-17T21:15:30.0406669Z ok 549 - different endpoints have separate buckets
tenant-security	Run npm test	2026-09-17T21:15:30.0407192Z   ---
tenant-security	Run npm test	2026-09-17T21:15:30.0407515Z   duration_ms: 0.62365
tenant-security	Run npm test	2026-09-17T21:15:30.0407937Z   type: 'test'
tenant-security	Run npm test	2026-09-17T21:15:30.0408268Z   ...
tenant-security	Run npm test	2026-09-17T21:15:30.0408946Z # Subtest: block expires in the next window
tenant-security	Run npm test	2026-09-17T21:15:30.0409577Z ok 550 - block expires in the next window
tenant-security	Run npm test	2026-09-17T21:15:30.0410042Z   ---
tenant-security	Run npm test	2026-09-17T21:15:30.0410365Z   duration_ms: 0.516158
tenant-security	Run npm test	2026-09-17T21:15:30.0410743Z   type: 'test'
tenant-security	Run npm test	2026-09-17T21:15:30.0411076Z   ...
tenant-security	Run npm test	2026-09-17T21:15:30.0411644Z # Subtest: untrusted forwarded IP is ignored outside Vercel
tenant-security	Run npm test	2026-09-17T21:15:30.0412450Z ok 551 - untrusted forwarded IP is ignored outside Vercel
tenant-security	Run npm test	2026-09-17T21:15:30.0413389Z   ---
tenant-security	Run npm test	2026-09-17T21:15:30.0413727Z   duration_ms: 5.169686
tenant-security	Run npm test	2026-09-17T21:15:30.0414096Z   type: 'test'
tenant-security	Run npm test	2026-09-17T21:15:30.0414420Z   ...
tenant-security	Run npm test	2026-09-17T21:15:30.0414918Z # Subtest: forgot-password response remains generic
tenant-security	Run npm test	2026-09-17T21:15:30.0415622Z ok 552 - forgot-password response remains generic
tenant-security	Run npm test	2026-09-17T21:15:30.0416157Z   ---
tenant-security	Run npm test	2026-09-17T21:15:30.0416495Z   duration_ms: 1.212785
tenant-security	Run npm test	2026-09-17T21:15:30.0416873Z   type: 'test'
tenant-security	Run npm test	2026-09-17T21:15:30.0417198Z   ...
tenant-security	Run npm test	2026-09-17T21:15:30.0418092Z # Subtest: hourly, task and fixed rates are representable and individual selection is date-bound
tenant-security	Run npm test	2026-09-17T21:15:30.0419472Z ok 553 - hourly, task and fixed rates are representable and individual selection is date-bound
tenant-security	Run npm test	2026-09-17T21:15:30.0420689Z   ---
tenant-security	Run npm test	2026-09-17T21:15:30.0421073Z   duration_ms: 1.588539
tenant-security	Run npm test	2026-09-17T21:15:30.0421466Z   type: 'test'
tenant-security	Run npm test	2026-09-17T21:15:30.0421821Z   ...
tenant-security	Run npm test	2026-09-17T21:15:30.0422456Z # Subtest: exact WorkType overrides a general individual rate
tenant-security	Run npm test	2026-09-17T21:15:30.0424225Z ok 554 - exact WorkType overrides a general individual rate
tenant-security	Run npm test	2026-09-17T21:15:30.0424861Z   ---
tenant-security	Run npm test	2026-09-17T21:15:30.0425239Z   duration_ms: 0.246873
tenant-security	Run npm test	2026-09-17T21:15:30.0425655Z   type: 'test'
tenant-security	Run npm test	2026-09-17T21:15:30.0426020Z   ...
tenant-security	Run npm test	2026-09-17T21:15:30.0426919Z # Subtest: validFrom and validTo boundaries are inclusive and open validTo remains selectable
tenant-security	Run npm test	2026-09-17T21:15:30.0428339Z ok 555 - validFrom and validTo boundaries are inclusive and open validTo remains selectable
tenant-security	Run npm test	2026-09-17T21:15:30.0429173Z   ---
tenant-security	Run npm test	2026-09-17T21:15:30.0429544Z   duration_ms: 0.316714
tenant-security	Run npm test	2026-09-17T21:15:30.0429978Z   type: 'test'
tenant-security	Run npm test	2026-09-17T21:15:30.0430331Z   ...
tenant-security	Run npm test	2026-09-17T21:15:30.0430782Z # Subtest: missing rate returns null
tenant-security	Run npm test	2026-09-17T21:15:30.0431423Z ok 556 - missing rate returns null
tenant-security	Run npm test	2026-09-17T21:15:30.0431886Z   ---
tenant-security	Run npm test	2026-09-17T21:15:30.0432268Z   duration_ms: 0.178365
tenant-security	Run npm test	2026-09-17T21:15:30.0432904Z   type: 'test'
tenant-security	Run npm test	2026-09-17T21:15:30.0433279Z   ...
tenant-security	Run npm test	2026-09-17T21:15:30.0434506Z # Subtest: rate intervals treat endpoints as inclusive and detect open-ended conflicts
tenant-security	Run npm test	2026-09-17T21:15:30.0435812Z ok 557 - rate intervals treat endpoints as inclusive and detect open-ended conflicts
tenant-security	Run npm test	2026-09-17T21:15:30.0436555Z   ---
tenant-security	Run npm test	2026-09-17T21:15:30.0436911Z   duration_ms: 0.381166
tenant-security	Run npm test	2026-09-17T21:15:30.0437461Z   type: 'test'
tenant-security	Run npm test	2026-09-17T21:15:30.0437981Z   ...
tenant-security	Run npm test	2026-09-17T21:15:30.0438750Z # Subtest: amount versioning ends previous daily interval one day before new version
tenant-security	Run npm test	2026-09-17T21:15:30.0440175Z ok 558 - amount versioning ends previous daily interval one day before new version
tenant-security	Run npm test	2026-09-17T21:15:30.0440849Z   ---
tenant-security	Run npm test	2026-09-17T21:15:30.0441148Z   duration_ms: 0.401403
tenant-security	Run npm test	2026-09-17T21:15:30.0441486Z   type: 'test'
tenant-security	Run npm test	2026-09-17T21:15:30.0441780Z   ...
tenant-security	Run npm test	2026-09-17T21:15:30.0442346Z # Subtest: only administrators can manage worker financials
tenant-security	Run npm test	2026-09-17T21:15:30.0443394Z ok 559 - only administrators can manage worker financials
tenant-security	Run npm test	2026-09-17T21:15:30.0443970Z   ---
tenant-security	Run npm test	2026-09-17T21:15:30.0444318Z   duration_ms: 0.33042
tenant-security	Run npm test	2026-09-17T21:15:30.0444721Z   type: 'test'
tenant-security	Run npm test	2026-09-17T21:15:30.0445060Z   ...
tenant-security	Run npm test	2026-09-17T21:15:30.0445803Z # Subtest: AES-256-GCM encryption roundtrip encrypts and restores secret API key
tenant-security	Run npm test	2026-09-17T21:15:30.0447182Z ok 560 - AES-256-GCM encryption roundtrip encrypts and restores secret API key
tenant-security	Run npm test	2026-09-17T21:15:30.0447820Z   ---
tenant-security	Run npm test	2026-09-17T21:15:30.0448120Z   duration_ms: 6.210278
tenant-security	Run npm test	2026-09-17T21:15:30.0448472Z   type: 'test'
tenant-security	Run npm test	2026-09-17T21:15:30.0448768Z   ...
tenant-security	Run npm test	2026-09-17T21:15:30.0449418Z # Subtest: AES-256-GCM detects tampering and rejects compromised credentials
tenant-security	Run npm test	2026-09-17T21:15:30.0450521Z ok 561 - AES-256-GCM detects tampering and rejects compromised credentials
tenant-security	Run npm test	2026-09-17T21:15:30.0451221Z   ---
tenant-security	Run npm test	2026-09-17T21:15:30.0451561Z   duration_ms: 1.42338
tenant-security	Run npm test	2026-09-17T21:15:30.0451936Z   type: 'test'
tenant-security	Run npm test	2026-09-17T21:15:30.0452270Z   ...
tenant-security	Run npm test	2026-09-17T21:15:30.0453246Z # Subtest: Resend Svix webhook signature verification allows valid authentic payloads
tenant-security	Run npm test	2026-09-17T21:15:30.0454385Z ok 562 - Resend Svix webhook signature verification allows valid authentic payloads
tenant-security	Run npm test	2026-09-17T21:15:30.0455133Z   ---
tenant-security	Run npm test	2026-09-17T21:15:30.0455489Z   duration_ms: 1.195562
tenant-security	Run npm test	2026-09-17T21:15:30.0455910Z   type: 'test'
tenant-security	Run npm test	2026-09-17T21:15:30.0457868Z   ...
tenant-security	Run npm test	2026-09-17T21:15:30.0458599Z # Subtest: Resend Svix webhook rejects tampered payload or forged signature
tenant-security	Run npm test	2026-09-17T21:15:30.0459649Z ok 563 - Resend Svix webhook rejects tampered payload or forged signature
tenant-security	Run npm test	2026-09-17T21:15:30.0460304Z   ---
tenant-security	Run npm test	2026-09-17T21:15:30.0461062Z   duration_ms: 0.658586
tenant-security	Run npm test	2026-09-17T21:15:30.0461446Z   type: 'test'
tenant-security	Run npm test	2026-09-17T21:15:30.0461800Z   ...
tenant-security	Run npm test	2026-09-17T21:15:30.0462561Z # Subtest: Resend Svix webhook handles multiple comma/space separated signatures
tenant-security	Run npm test	2026-09-17T21:15:30.0463901Z ok 564 - Resend Svix webhook handles multiple comma/space separated signatures
tenant-security	Run npm test	2026-09-17T21:15:30.0464611Z   ---
tenant-security	Run npm test	2026-09-17T21:15:30.0464959Z   duration_ms: 0.358302
tenant-security	Run npm test	2026-09-17T21:15:30.0465389Z   type: 'test'
tenant-security	Run npm test	2026-09-17T21:15:30.0465734Z   ...
tenant-security	Run npm test	2026-09-17T21:15:30.0466412Z # Subtest: Resend domain normalization and tenant From address policy
tenant-security	Run npm test	2026-09-17T21:15:30.0467816Z ok 565 - Resend domain normalization and tenant From address policy
tenant-security	Run npm test	2026-09-17T21:15:30.0468452Z   ---
tenant-security	Run npm test	2026-09-17T21:15:30.0468787Z   duration_ms: 0.438713
tenant-security	Run npm test	2026-09-17T21:15:30.0469186Z   type: 'test'
tenant-security	Run npm test	2026-09-17T21:15:30.0469520Z   ...
tenant-security	Run npm test	2026-09-17T21:15:30.0470259Z # Subtest: Resend API key sanitization strips surrounding quotes and whitespace
tenant-security	Run npm test	2026-09-17T21:15:30.0471386Z ok 566 - Resend API key sanitization strips surrounding quotes and whitespace
tenant-security	Run npm test	2026-09-17T21:15:30.0472070Z   ---
tenant-security	Run npm test	2026-09-17T21:15:30.0472394Z   duration_ms: 0.515908
tenant-security	Run npm test	2026-09-17T21:15:30.0473118Z   type: 'test'
tenant-security	Run npm test	2026-09-17T21:15:30.0473465Z   ...
tenant-security	Run npm test	2026-09-17T21:15:30.0474018Z # [webhook] Resend webhook signature verification failed
tenant-security	Run npm test	2026-09-17T21:15:30.0475111Z # Subtest: signed Resend callbacks execute lazy Prisma mutations inside the resolved tenant
tenant-security	Run npm test	2026-09-17T21:15:30.0476319Z     # Subtest: concurrent delivery and domain updates remain scoped to their owners
tenant-security	Run npm test	2026-09-17T21:15:30.0477511Z     ok 1 - concurrent delivery and domain updates remain scoped to their owners
tenant-security	Run npm test	2026-09-17T21:15:30.0478239Z       ---
tenant-security	Run npm test	2026-09-17T21:15:30.0478651Z       duration_ms: 11.440228
tenant-security	Run npm test	2026-09-17T21:15:30.0479074Z       type: 'test'
tenant-security	Run npm test	2026-09-17T21:15:30.0479418Z       ...
tenant-security	Run npm test	2026-09-17T21:15:30.0479894Z     # Subtest: unknown provider IDs cause no mutation
tenant-security	Run npm test	2026-09-17T21:15:30.0480591Z     ok 2 - unknown provider IDs cause no mutation
tenant-security	Run npm test	2026-09-17T21:15:30.0481101Z       ---
tenant-security	Run npm test	2026-09-17T21:15:30.0481444Z       duration_ms: 0.940925
tenant-security	Run npm test	2026-09-17T21:15:30.0481845Z       type: 'test'
tenant-security	Run npm test	2026-09-17T21:15:30.0482184Z       ...
tenant-security	Run npm test	2026-09-17T21:15:30.0483022Z     # Subtest: invalid signatures are rejected before ownership lookup
tenant-security	Run npm test	2026-09-17T21:15:30.0483972Z     ok 3 - invalid signatures are rejected before ownership lookup
tenant-security	Run npm test	2026-09-17T21:15:30.0484582Z       ---
tenant-security	Run npm test	2026-09-17T21:15:30.0484924Z       duration_ms: 2.128131
tenant-security	Run npm test	2026-09-17T21:15:30.0485333Z       type: 'test'
tenant-security	Run npm test	2026-09-17T21:15:30.0485672Z       ...
tenant-security	Run npm test	2026-09-17T21:15:30.0485982Z     1..3
tenant-security	Run npm test	2026-09-17T21:15:30.0486808Z ok 567 - signed Resend callbacks execute lazy Prisma mutations inside the resolved tenant
tenant-security	Run npm test	2026-09-17T21:15:30.0487581Z   ---
tenant-security	Run npm test	2026-09-17T21:15:30.0487912Z   duration_ms: 122.868278
tenant-security	Run npm test	2026-09-17T21:15:30.0488312Z   type: 'test'
tenant-security	Run npm test	2026-09-17T21:15:30.0488638Z   ...
tenant-security	Run npm test	2026-09-17T21:15:30.0489638Z # Subtest: shell rozlišuje aktivní, organizační a platformovou roli
tenant-security	Run npm test	2026-09-17T21:15:30.0490720Z ok 568 - shell rozlišuje aktivní, organizační a platformovou roli
tenant-security	Run npm test	2026-09-17T21:15:30.0491337Z   ---
tenant-security	Run npm test	2026-09-17T21:15:30.0491672Z   duration_ms: 1.633534
tenant-security	Run npm test	2026-09-17T21:15:30.0492058Z   type: 'test'
tenant-security	Run npm test	2026-09-17T21:15:30.0492393Z   ...
tenant-security	Run npm test	2026-09-17T21:15:30.0493618Z # Subtest: profil vysvětluje, že přepnutí aktivní role neodebírá oprávnění
tenant-security	Run npm test	2026-09-17T21:15:30.0494816Z ok 569 - profil vysvětluje, že přepnutí aktivní role neodebírá oprávnění
tenant-security	Run npm test	2026-09-17T21:15:30.0495481Z   ---
tenant-security	Run npm test	2026-09-17T21:15:30.0495810Z   duration_ms: 0.354685
tenant-security	Run npm test	2026-09-17T21:15:30.0496190Z   type: 'test'
tenant-security	Run npm test	2026-09-17T21:15:30.0496541Z   ...
tenant-security	Run npm test	2026-09-17T21:15:30.0497433Z # Subtest: public graph rejects historical cross-tenant relations and planning uses real dates
tenant-security	Run npm test	2026-09-17T21:15:30.0498787Z ok 570 - public graph rejects historical cross-tenant relations and planning uses real dates
tenant-security	Run npm test	2026-09-17T21:15:30.0499570Z   ---
tenant-security	Run npm test	2026-09-17T21:15:30.0499905Z   duration_ms: 2.946947
tenant-security	Run npm test	2026-09-17T21:15:30.0500563Z   type: 'test'
tenant-security	Run npm test	2026-09-17T21:15:30.0500924Z   ...
tenant-security	Run npm test	2026-09-17T21:15:30.0501661Z # Subtest: module IDs, exact routes and plan entries are unique and fail closed
tenant-security	Run npm test	2026-09-17T21:15:30.0502979Z ok 571 - module IDs, exact routes and plan entries are unique and fail closed
tenant-security	Run npm test	2026-09-17T21:15:30.0503747Z   ---
tenant-security	Run npm test	2026-09-17T21:15:30.0504084Z   duration_ms: 8.285069
tenant-security	Run npm test	2026-09-17T21:15:30.0504471Z   type: 'test'
tenant-security	Run npm test	2026-09-17T21:15:30.0504803Z   ...
tenant-security	Run npm test	2026-09-17T21:15:30.0505611Z # Subtest: disabled module, inactive membership, mismatched tenant and RBAC deny access
tenant-security	Run npm test	2026-09-17T21:15:30.0506850Z ok 572 - disabled module, inactive membership, mismatched tenant and RBAC deny access
tenant-security	Run npm test	2026-09-17T21:15:30.0508012Z   ---
tenant-security	Run npm test	2026-09-17T21:15:30.0508388Z   duration_ms: 0.94336
tenant-security	Run npm test	2026-09-17T21:15:30.0508779Z   type: 'test'
tenant-security	Run npm test	2026-09-17T21:15:30.0509142Z   ...
tenant-security	Run npm test	2026-09-17T21:15:30.0509942Z # Subtest: PrintProductionJob reads and writes cannot address tenant B from tenant A
tenant-security	Run npm test	2026-09-17T21:15:30.0511210Z ok 573 - PrintProductionJob reads and writes cannot address tenant B from tenant A
tenant-security	Run npm test	2026-09-17T21:15:30.0511960Z   ---
tenant-security	Run npm test	2026-09-17T21:15:30.0512302Z   duration_ms: 4.516899
tenant-security	Run npm test	2026-09-17T21:15:30.0513033Z   type: 'test'
tenant-security	Run npm test	2026-09-17T21:15:30.0513369Z   ...
tenant-security	Run npm test	2026-09-17T21:15:30.0514294Z # Subtest: permanent credentials survive workflow, encryption-key rotation and legacy migration
tenant-security	Run npm test	2026-09-17T21:15:30.0515673Z ok 574 - permanent credentials survive workflow, encryption-key rotation and legacy migration
tenant-security	Run npm test	2026-09-17T21:15:30.0516486Z   ---
tenant-security	Run npm test	2026-09-17T21:15:30.0516835Z   duration_ms: 18.190118
tenant-security	Run npm test	2026-09-17T21:15:30.0517230Z   type: 'test'
tenant-security	Run npm test	2026-09-17T21:15:30.0517566Z   ...
tenant-security	Run npm test	2026-09-17T21:15:30.0518285Z # Subtest: production runtime validation and transitions reject unsafe input
tenant-security	Run npm test	2026-09-17T21:15:30.0519398Z ok 575 - production runtime validation and transitions reject unsafe input
tenant-security	Run npm test	2026-09-17T21:15:30.0520080Z   ---
tenant-security	Run npm test	2026-09-17T21:15:30.0520414Z   duration_ms: 1.164274
tenant-security	Run npm test	2026-09-17T21:15:30.0520805Z   type: 'test'
tenant-security	Run npm test	2026-09-17T21:15:30.0521143Z   ...
tenant-security	Run npm test	2026-09-17T21:15:30.0522172Z # Subtest: Etapa 2: submitWorkEntries - hromadné odeslání s vlastnictvím a validním stavem
tenant-security	Run npm test	2026-09-17T21:15:30.0524712Z ok 576 - Etapa 2: submitWorkEntries - hromadné odeslání s vlastnictvím a validním stavem
tenant-security	Run npm test	2026-09-17T21:15:30.0525528Z   ---
tenant-security	Run npm test	2026-09-17T21:15:30.0525885Z   duration_ms: 2.550974
tenant-security	Run npm test	2026-09-17T21:15:30.0526292Z   type: 'test'
tenant-security	Run npm test	2026-09-17T21:15:30.0526636Z   ...
tenant-security	Run npm test	2026-09-17T21:15:30.0527467Z # Subtest: Etapa 2: submitWorkEntries - pokus o odeslání cizího záznamu
tenant-security	Run npm test	2026-09-17T21:15:30.0528615Z ok 577 - Etapa 2: submitWorkEntries - pokus o odeslání cizího záznamu
tenant-security	Run npm test	2026-09-17T21:15:30.0529262Z   ---
tenant-security	Run npm test	2026-09-17T21:15:30.0529600Z   duration_ms: 0.834616
tenant-security	Run npm test	2026-09-17T21:15:30.0530021Z   type: 'test'
tenant-security	Run npm test	2026-09-17T21:15:30.0530354Z   ...
tenant-security	Run npm test	2026-09-17T21:15:30.0531285Z # Subtest: Etapa 2: submitWorkEntries - odeslání nevhodného stavu (např. APPROVED)
tenant-security	Run npm test	2026-09-17T21:15:30.0532863Z ok 578 - Etapa 2: submitWorkEntries - odeslání nevhodného stavu (např. APPROVED)
tenant-security	Run npm test	2026-09-17T21:15:30.0533660Z   ---
tenant-security	Run npm test	2026-09-17T21:15:30.0534000Z   duration_ms: 0.392587
tenant-security	Run npm test	2026-09-17T21:15:30.0534414Z   type: 'test'
tenant-security	Run npm test	2026-09-17T21:15:30.0534858Z   ...
tenant-security	Run npm test	2026-09-17T21:15:30.0535772Z # Subtest: Etapa 2: lockSettlement - kontrola neuzavřených položek práce
tenant-security	Run npm test	2026-09-17T21:15:30.0536954Z ok 579 - Etapa 2: lockSettlement - kontrola neuzavřených položek práce
tenant-security	Run npm test	2026-09-17T21:15:30.0537625Z   ---
tenant-security	Run npm test	2026-09-17T21:15:30.0537959Z   duration_ms: 0.662803
tenant-security	Run npm test	2026-09-17T21:15:30.0538357Z   type: 'test'
tenant-security	Run npm test	2026-09-17T21:15:30.0538692Z   ...
tenant-security	Run npm test	2026-09-17T21:15:30.0539451Z # Subtest: Etapa 2: lockSettlement - kontrola neuzavřených výdajů
tenant-security	Run npm test	2026-09-17T21:15:30.0540507Z ok 580 - Etapa 2: lockSettlement - kontrola neuzavřených výdajů
tenant-security	Run npm test	2026-09-17T21:15:30.0541431Z   ---
tenant-security	Run npm test	2026-09-17T21:15:30.0541774Z   duration_ms: 0.49073
tenant-security	Run npm test	2026-09-17T21:15:30.0542168Z   type: 'test'
tenant-security	Run npm test	2026-09-17T21:15:30.0542505Z   ...
tenant-security	Run npm test	2026-09-17T21:15:30.0543677Z # Subtest: Etapa 2: lockSettlement - úspěšné uzamčení a zápis audit logu
tenant-security	Run npm test	2026-09-17T21:15:30.0544830Z ok 581 - Etapa 2: lockSettlement - úspěšné uzamčení a zápis audit logu
tenant-security	Run npm test	2026-09-17T21:15:30.0545492Z   ---
tenant-security	Run npm test	2026-09-17T21:15:30.0545835Z   duration_ms: 1.427638
tenant-security	Run npm test	2026-09-17T21:15:30.0546238Z   type: 'test'
tenant-security	Run npm test	2026-09-17T21:15:30.0546572Z   ...
tenant-security	Run npm test	2026-09-17T21:15:30.0547282Z # Subtest: Etapa 2: paySettlement - idempotentní chování
tenant-security	Run npm test	2026-09-17T21:15:30.0548204Z ok 582 - Etapa 2: paySettlement - idempotentní chování
tenant-security	Run npm test	2026-09-17T21:15:30.0548769Z   ---
tenant-security	Run npm test	2026-09-17T21:15:30.0549107Z   duration_ms: 0.456997
tenant-security	Run npm test	2026-09-17T21:15:30.0549495Z   type: 'test'
tenant-security	Run npm test	2026-09-17T21:15:30.0549828Z   ...
tenant-security	Run npm test	2026-09-17T21:15:30.0550754Z # Subtest: Etapa 2: rejectSettlement - zamítnutí s chybějícím nebo krátkým důvodem
tenant-security	Run npm test	2026-09-17T21:15:30.0552442Z ok 583 - Etapa 2: rejectSettlement - zamítnutí s chybějícím nebo krátkým důvodem
tenant-security	Run npm test	2026-09-17T21:15:30.0553491Z   ---
tenant-security	Run npm test	2026-09-17T21:15:30.0553866Z   duration_ms: 0.824446
tenant-security	Run npm test	2026-09-17T21:15:30.0554273Z   type: 'test'
tenant-security	Run npm test	2026-09-17T21:15:30.0554619Z   ...
tenant-security	Run npm test	2026-09-17T21:15:30.0555550Z # Subtest: Etapa 2: addManualAdjustment - nulová částka nebo chybějící důvod
tenant-security	Run npm test	2026-09-17T21:15:30.0556812Z ok 584 - Etapa 2: addManualAdjustment - nulová částka nebo chybějící důvod
tenant-security	Run npm test	2026-09-17T21:15:30.0557488Z   ---
tenant-security	Run npm test	2026-09-17T21:15:30.0557822Z   duration_ms: 1.095344
tenant-security	Run npm test	2026-09-17T21:15:30.0558463Z   type: 'test'
tenant-security	Run npm test	2026-09-17T21:15:30.0558836Z   ...
tenant-security	Run npm test	2026-09-17T21:15:30.0559840Z # Subtest: Etapa 2: addManualAdjustment - nelze přidat do uzamčeného vyúčtování
tenant-security	Run npm test	2026-09-17T21:15:30.0561175Z ok 585 - Etapa 2: addManualAdjustment - nelze přidat do uzamčeného vyúčtování
tenant-security	Run npm test	2026-09-17T21:15:30.0561900Z   ---
tenant-security	Run npm test	2026-09-17T21:15:30.0562240Z   duration_ms: 0.995487
tenant-security	Run npm test	2026-09-17T21:15:30.0562630Z   type: 'test'
tenant-security	Run npm test	2026-09-17T21:15:30.0563260Z   ...
tenant-security	Run npm test	2026-09-17T21:15:30.0564466Z # Subtest: Etapa 2: addManualAdjustment odmítne neplatnou finanční přesnost, kategorii a prázdný popis
tenant-security	Run npm test	2026-09-17T21:15:30.0566128Z ok 586 - Etapa 2: addManualAdjustment odmítne neplatnou finanční přesnost, kategorii a prázdný popis
tenant-security	Run npm test	2026-09-17T21:15:30.0566995Z   ---
tenant-security	Run npm test	2026-09-17T21:15:30.0567323Z   duration_ms: 0.664997
tenant-security	Run npm test	2026-09-17T21:15:30.0567714Z   type: 'test'
tenant-security	Run npm test	2026-09-17T21:15:30.0568055Z   ...
tenant-security	Run npm test	2026-09-17T21:15:30.0568826Z # Subtest: Etapa 2: rejectWorkExpense - zamítnutí s validací důvodu
tenant-security	Run npm test	2026-09-17T21:15:30.0569893Z ok 587 - Etapa 2: rejectWorkExpense - zamítnutí s validací důvodu
tenant-security	Run npm test	2026-09-17T21:15:30.0570510Z   ---
tenant-security	Run npm test	2026-09-17T21:15:30.0570840Z   duration_ms: 0.535715
tenant-security	Run npm test	2026-09-17T21:15:30.0571227Z   type: 'test'
tenant-security	Run npm test	2026-09-17T21:15:30.0571564Z   ...
tenant-security	Run npm test	2026-09-17T21:15:30.0572193Z # Subtest: Etapa 2: double approve WorkExpense idempotence check
tenant-security	Run npm test	2026-09-17T21:15:30.0573323Z ok 588 - Etapa 2: double approve WorkExpense idempotence check
tenant-security	Run npm test	2026-09-17T21:15:30.0573922Z   ---
tenant-security	Run npm test	2026-09-17T21:15:30.0574257Z   duration_ms: 0.434726
tenant-security	Run npm test	2026-09-17T21:15:30.0574687Z   type: 'test'
tenant-security	Run npm test	2026-09-17T21:15:30.0575018Z   ...
tenant-security	Run npm test	2026-09-17T21:15:30.0575833Z # Subtest: Etapa 2: Settlement reject transition (SUBMITTED -> REJECTED -> SUBMITTED)
tenant-security	Run npm test	2026-09-17T21:15:30.0577046Z ok 589 - Etapa 2: Settlement reject transition (SUBMITTED -> REJECTED -> SUBMITTED)
tenant-security	Run npm test	2026-09-17T21:15:30.0577841Z   ---
tenant-security	Run npm test	2026-09-17T21:15:30.0578179Z   duration_ms: 0.708549
tenant-security	Run npm test	2026-09-17T21:15:30.0578566Z   type: 'test'
tenant-security	Run npm test	2026-09-17T21:15:30.0578924Z   ...
tenant-security	Run npm test	2026-09-17T21:15:30.4414228Z # Subtest: 1. Rate Selection Priority with carrierType specific matches
tenant-security	Run npm test	2026-09-17T21:15:30.4442540Z ok 590 - 1. Rate Selection Priority with carrierType specific matches
tenant-security	Run npm test	2026-09-17T21:15:30.4444351Z   ---
tenant-security	Run npm test	2026-09-17T21:15:30.4444864Z   duration_ms: 3.171799
tenant-security	Run npm test	2026-09-17T21:15:30.4445402Z   type: 'test'
tenant-security	Run npm test	2026-09-17T21:15:30.4445872Z   ...
tenant-security	Run npm test	2026-09-17T21:15:30.4446642Z # Subtest: 2. Time Zone month assignment (Europe/Prague boundaries)
tenant-security	Run npm test	2026-09-17T21:15:30.4447705Z ok 591 - 2. Time Zone month assignment (Europe/Prague boundaries)
tenant-security	Run npm test	2026-09-17T21:15:30.4448874Z   ---
tenant-security	Run npm test	2026-09-17T21:15:30.4449403Z   duration_ms: 24.928743
tenant-security	Run npm test	2026-09-17T21:15:30.4449939Z   type: 'test'
tenant-security	Run npm test	2026-09-17T21:15:30.4450402Z   ...
tenant-security	Run npm test	2026-09-17T21:15:30.4451076Z # Subtest: 3. Recalculation logic for Settlements totals
tenant-security	Run npm test	2026-09-17T21:15:30.4451981Z ok 592 - 3. Recalculation logic for Settlements totals
tenant-security	Run npm test	2026-09-17T21:15:30.4452838Z   ---
tenant-security	Run npm test	2026-09-17T21:15:30.4453329Z   duration_ms: 1.505935
tenant-security	Run npm test	2026-09-17T21:15:30.4453855Z   type: 'test'
tenant-security	Run npm test	2026-09-17T21:15:30.4454318Z   ...
tenant-security	Run npm test	2026-09-17T21:15:30.4472502Z # Subtest: 4. State transitions validation for WorkEntry
tenant-security	Run npm test	2026-09-17T21:15:30.4497401Z ok 593 - 4. State transitions validation for WorkEntry
tenant-security	Run npm test	2026-09-17T21:15:30.4542378Z   ---
tenant-security	Run npm test	2026-09-17T21:15:30.4543716Z   duration_ms: 0.670186
tenant-security	Run npm test	2026-09-17T21:15:30.4579240Z   type: 'test'
tenant-security	Run npm test	2026-09-17T21:15:30.4613925Z   ...
tenant-security	Run npm test	2026-09-17T21:15:30.4651558Z # Subtest: 5. Lock-based carry-over offset during WorkEntry approval
tenant-security	Run npm test	2026-09-17T21:15:30.4664067Z ok 594 - 5. Lock-based carry-over offset during WorkEntry approval
tenant-security	Run npm test	2026-09-17T21:15:30.4697962Z   ---
tenant-security	Run npm test	2026-09-17T21:15:30.4739191Z   duration_ms: 2.451308
tenant-security	Run npm test	2026-09-17T21:15:30.4744108Z   type: 'test'
tenant-security	Run npm test	2026-09-17T21:15:30.4803358Z   ...
tenant-security	Run npm test	2026-09-17T21:15:30.4833727Z # Subtest: 6. Idempotent WorkExpense approval and unique SettlementAdjustment link
tenant-security	Run npm test	2026-09-17T21:15:30.4863695Z ok 595 - 6. Idempotent WorkExpense approval and unique SettlementAdjustment link
tenant-security	Run npm test	2026-09-17T21:15:30.4913389Z   ---
tenant-security	Run npm test	2026-09-17T21:15:30.4943256Z   duration_ms: 1.060049
tenant-security	Run npm test	2026-09-17T21:15:30.4943711Z   type: 'test'
tenant-security	Run npm test	2026-09-17T21:15:30.4944058Z   ...
tenant-security	Run npm test	2026-09-17T21:15:30.4944622Z # Subtest: 7. Complete rate priority levels (1 to 6)
tenant-security	Run npm test	2026-09-17T21:15:30.4945389Z ok 596 - 7. Complete rate priority levels (1 to 6)
tenant-security	Run npm test	2026-09-17T21:15:30.4945944Z   ---
tenant-security	Run npm test	2026-09-17T21:15:30.4946302Z   duration_ms: 1.285872
tenant-security	Run npm test	2026-09-17T21:15:30.4946699Z   type: 'test'
tenant-security	Run npm test	2026-09-17T21:15:30.4947049Z   ...
tenant-security	Run npm test	2026-09-17T21:15:30.4947692Z # Subtest: 8. Idempotency on double approvals and carry-over edits
tenant-security	Run npm test	2026-09-17T21:15:30.4948712Z ok 597 - 8. Idempotency on double approvals and carry-over edits
tenant-security	Run npm test	2026-09-17T21:15:30.4973161Z   ---
tenant-security	Run npm test	2026-09-17T21:15:30.5003192Z   duration_ms: 1.187387
tenant-security	Run npm test	2026-09-17T21:15:30.5003643Z   type: 'test'
tenant-security	Run npm test	2026-09-17T21:15:30.5003986Z   ...
tenant-security	Run npm test	2026-09-17T21:15:30.5004581Z # Subtest: 9. Active RecurringAdjustment date filter rules
tenant-security	Run npm test	2026-09-17T21:15:30.5005409Z ok 598 - 9. Active RecurringAdjustment date filter rules
tenant-security	Run npm test	2026-09-17T21:15:30.5005968Z   ---
tenant-security	Run npm test	2026-09-17T21:15:30.5006299Z   duration_ms: 0.651461
tenant-security	Run npm test	2026-09-17T21:15:30.5006686Z   type: 'test'
tenant-security	Run npm test	2026-09-17T21:15:30.5007036Z   ...
tenant-security	Run npm test	2026-09-17T21:15:30.5007840Z # Subtest: 10. Permission restrictions on WORKER role (cannot approve work or expense)
tenant-security	Run npm test	2026-09-17T21:15:30.5009068Z ok 599 - 10. Permission restrictions on WORKER role (cannot approve work or expense)
tenant-security	Run npm test	2026-09-17T21:15:30.5009807Z   ---
tenant-security	Run npm test	2026-09-17T21:15:30.5010142Z   duration_ms: 0.585849
tenant-security	Run npm test	2026-09-17T21:15:30.5010534Z   type: 'test'
tenant-security	Run npm test	2026-09-17T21:15:30.5010872Z   ...
tenant-security	Run npm test	2026-09-17T21:15:30.5011582Z # Subtest: 11. Backfill of historical appliedRate and nullable rateType
tenant-security	Run npm test	2026-09-17T21:15:30.5012602Z ok 600 - 11. Backfill of historical appliedRate and nullable rateType
tenant-security	Run npm test	2026-09-17T21:15:30.5013537Z   ---
tenant-security	Run npm test	2026-09-17T21:15:30.5013888Z   duration_ms: 0.215304
tenant-security	Run npm test	2026-09-17T21:15:30.5014279Z   type: 'test'
tenant-security	Run npm test	2026-09-17T21:15:30.5014618Z   ...
tenant-security	Run npm test	2026-09-17T21:15:30.5015223Z # Subtest: 12. Mandatory rateType check when creating new item
tenant-security	Run npm test	2026-09-17T21:15:30.5016080Z ok 601 - 12. Mandatory rateType check when creating new item
tenant-security	Run npm test	2026-09-17T21:15:30.5016649Z   ---
tenant-security	Run npm test	2026-09-17T21:15:30.5016988Z   duration_ms: 1.238359
tenant-security	Run npm test	2026-09-17T21:15:30.5017377Z   type: 'test'
tenant-security	Run npm test	2026-09-17T21:15:30.5017719Z   ...
tenant-security	Run npm test	2026-09-17T21:15:30.5018493Z # Subtest: 13. Idempotency of carry-over adjustment inside the same target settlement
tenant-security	Run npm test	2026-09-17T21:15:30.5019698Z ok 602 - 13. Idempotency of carry-over adjustment inside the same target settlement
tenant-security	Run npm test	2026-09-17T21:15:30.5020412Z   ---
tenant-security	Run npm test	2026-09-17T21:15:30.5020744Z   duration_ms: 2.480913
tenant-security	Run npm test	2026-09-17T21:15:30.5021567Z   type: 'test'
tenant-security	Run npm test	2026-09-17T21:15:30.5021910Z   ...
tenant-security	Run npm test	2026-09-17T21:15:30.5022954Z # Subtest: 14. Subsequent carry-over adjustment of same work entry in a new target settlement
tenant-security	Run npm test	2026-09-17T21:15:30.5024266Z ok 603 - 14. Subsequent carry-over adjustment of same work entry in a new target settlement
tenant-security	Run npm test	2026-09-17T21:15:30.5025035Z   ---
tenant-security	Run npm test	2026-09-17T21:15:30.5025363Z   duration_ms: 1.570816
tenant-security	Run npm test	2026-09-17T21:15:30.5025744Z   type: 'test'
tenant-security	Run npm test	2026-09-17T21:15:30.5026080Z   ...
tenant-security	Run npm test	2026-09-17T21:15:30.6299911Z # Subtest: 15. Transaction retry helper - success on second attempt
tenant-security	Run npm test	2026-09-17T21:15:30.6301583Z ok 604 - 15. Transaction retry helper - success on second attempt
tenant-security	Run npm test	2026-09-17T21:15:30.6302933Z   ---
tenant-security	Run npm test	2026-09-17T21:15:30.6303581Z   duration_ms: 200.966095
tenant-security	Run npm test	2026-09-17T21:15:30.6304330Z   type: 'test'
tenant-security	Run npm test	2026-09-17T21:15:30.6304942Z   ...
tenant-security	Run npm test	2026-09-17T21:15:31.2844392Z # Subtest: 16. Transaction retry helper - exhaustion throws ConcurrencyError
tenant-security	Run npm test	2026-09-17T21:15:31.2874195Z ok 605 - 16. Transaction retry helper - exhaustion throws ConcurrencyError
tenant-security	Run npm test	2026-09-17T21:15:31.2904927Z   ---
tenant-security	Run npm test	2026-09-17T21:15:31.2933335Z   duration_ms: 633.073925
tenant-security	Run npm test	2026-09-17T21:15:31.2934305Z   type: 'test'
tenant-security	Run npm test	2026-09-17T21:15:31.2963951Z   ...
tenant-security	Run npm test	2026-09-17T21:15:31.2983662Z # Subtest: 17. Transaction retry helper - other Prisma errors are thrown immediately
tenant-security	Run npm test	2026-09-17T21:15:31.3013817Z ok 606 - 17. Transaction retry helper - other Prisma errors are thrown immediately
tenant-security	Run npm test	2026-09-17T21:15:31.3033366Z   ---
tenant-security	Run npm test	2026-09-17T21:15:31.3073448Z   duration_ms: 0.632767
tenant-security	Run npm test	2026-09-17T21:15:31.3074248Z   type: 'test'
tenant-security	Run npm test	2026-09-17T21:15:31.3104014Z   ...
tenant-security	Run npm test	2026-09-17T21:15:31.3132462Z # Subtest: 18. SystemSettings singleton restriction
tenant-security	Run npm test	2026-09-17T21:15:31.3153103Z ok 607 - 18. SystemSettings singleton restriction
tenant-security	Run npm test	2026-09-17T21:15:31.3164582Z   ---
tenant-security	Run npm test	2026-09-17T21:15:31.3165392Z   duration_ms: 1.634265
tenant-security	Run npm test	2026-09-17T21:15:31.3166208Z   type: 'test'
tenant-security	Run npm test	2026-09-17T21:15:31.3166881Z   ...
tenant-security	Run npm test	2026-09-17T21:15:31.3167790Z # Subtest: 19. Build script check in package.json
tenant-security	Run npm test	2026-09-17T21:15:31.3169017Z ok 608 - 19. Build script check in package.json
tenant-security	Run npm test	2026-09-17T21:15:31.3170013Z   ---
tenant-security	Run npm test	2026-09-17T21:15:31.3170707Z   duration_ms: 2.26746
tenant-security	Run npm test	2026-09-17T21:15:31.3171474Z   type: 'test'
tenant-security	Run npm test	2026-09-17T21:15:31.3172116Z   ...
tenant-security	Run npm test	2026-09-17T21:15:31.3173222Z # Subtest: 20. Transition DRAFT to APPROVED is forbidden
tenant-security	Run npm test	2026-09-17T21:15:31.3189647Z ok 609 - 20. Transition DRAFT to APPROVED is forbidden
tenant-security	Run npm test	2026-09-17T21:15:31.3204298Z   ---
tenant-security	Run npm test	2026-09-17T21:15:31.3213512Z   duration_ms: 0.286277
tenant-security	Run npm test	2026-09-17T21:15:31.3214376Z   type: 'test'
tenant-security	Run npm test	2026-09-17T21:15:31.3215005Z   ...
tenant-security	Run npm test	2026-09-17T21:15:31.3215910Z # Subtest: 21. Separate correction of approved work in an open period
tenant-security	Run npm test	2026-09-17T21:15:31.3217229Z ok 610 - 21. Separate correction of approved work in an open period
tenant-security	Run npm test	2026-09-17T21:15:31.3218150Z   ---
tenant-security	Run npm test	2026-09-17T21:15:31.3218793Z   duration_ms: 0.723537
tenant-security	Run npm test	2026-09-17T21:15:31.3219371Z   type: 'test'
tenant-security	Run npm test	2026-09-17T21:15:31.3219941Z   ...
tenant-security	Run npm test	2026-09-17T21:15:31.3221003Z # Subtest: 22. Separate correction of approved work in a locked period (carry-over difference)
tenant-security	Run npm test	2026-09-17T21:15:31.3222853Z ok 611 - 22. Separate correction of approved work in a locked period (carry-over difference)
tenant-security	Run npm test	2026-09-17T21:15:31.3224150Z   ---
tenant-security	Run npm test	2026-09-17T21:15:31.3224744Z   duration_ms: 2.433577
tenant-security	Run npm test	2026-09-17T21:15:31.3225708Z   type: 'test'
tenant-security	Run npm test	2026-09-17T21:15:31.3226400Z   ...
tenant-security	Run npm test	2026-09-17T21:15:31.3227359Z # Subtest: 23. Required reason for work entry correction
tenant-security	Run npm test	2026-09-17T21:15:31.3228619Z ok 612 - 23. Required reason for work entry correction
tenant-security	Run npm test	2026-09-17T21:15:31.3229579Z   ---
tenant-security	Run npm test	2026-09-17T21:15:31.3230276Z   duration_ms: 1.271775
tenant-security	Run npm test	2026-09-17T21:15:31.3231071Z   type: 'test'
tenant-security	Run npm test	2026-09-17T21:15:31.3231754Z   ...
tenant-security	Run npm test	2026-09-17T21:15:31.3233726Z # Subtest: 24. Financial origin deletion restriction (onDelete constraints checking)
tenant-security	Run npm test	2026-09-17T21:15:31.3235470Z ok 613 - 24. Financial origin deletion restriction (onDelete constraints checking)
tenant-security	Run npm test	2026-09-17T21:15:31.3236497Z   ---
tenant-security	Run npm test	2026-09-17T21:15:31.3237079Z   duration_ms: 2.470002
tenant-security	Run npm test	2026-09-17T21:15:31.3237669Z   type: 'test'
tenant-security	Run npm test	2026-09-17T21:15:31.3238248Z   ...
tenant-security	Run npm test	2026-09-17T21:15:31.3239425Z # Subtest: 25. InvoiceStatus enum values validation
tenant-security	Run npm test	2026-09-17T21:15:31.3240430Z ok 614 - 25. InvoiceStatus enum values validation
tenant-security	Run npm test	2026-09-17T21:15:31.3241181Z   ---
tenant-security	Run npm test	2026-09-17T21:15:31.3241753Z   duration_ms: 1.412539
tenant-security	Run npm test	2026-09-17T21:15:31.3242371Z   type: 'test'
tenant-security	Run npm test	2026-09-17T21:15:31.3243125Z   ...
tenant-security	Run npm test	2026-09-17T21:15:31.3243935Z # Subtest: 26. SystemSettings has no fake billing defaults
tenant-security	Run npm test	2026-09-17T21:15:31.3244987Z ok 615 - 26. SystemSettings has no fake billing defaults
tenant-security	Run npm test	2026-09-17T21:15:31.3245757Z   ---
tenant-security	Run npm test	2026-09-17T21:15:31.3246311Z   duration_ms: 1.367335
tenant-security	Run npm test	2026-09-17T21:15:31.3246898Z   type: 'test'
tenant-security	Run npm test	2026-09-17T21:15:31.3247458Z   ...
tenant-security	Run npm test	2026-09-17T21:15:31.3248366Z # Subtest: 27. Cumulative carry-over corrections and baseline calculations
tenant-security	Run npm test	2026-09-17T21:15:31.3261124Z ok 616 - 27. Cumulative carry-over corrections and baseline calculations
tenant-security	Run npm test	2026-09-17T21:15:31.3262636Z   ---
tenant-security	Run npm test	2026-09-17T21:15:31.3264170Z   duration_ms: 3.914973
tenant-security	Run npm test	2026-09-17T21:15:31.3265002Z   type: 'test'
tenant-security	Run npm test	2026-09-17T21:15:31.3265889Z   ...
tenant-security	Run npm test	2026-09-17T21:15:31.3266836Z # Subtest: 28. Removing open carry-over adjustment when correction difference is zero
tenant-security	Run npm test	2026-09-17T21:15:31.3268146Z ok 617 - 28. Removing open carry-over adjustment when correction difference is zero
tenant-security	Run npm test	2026-09-17T21:15:31.3269028Z   ---
tenant-security	Run npm test	2026-09-17T21:15:31.3269524Z   duration_ms: 2.177844
tenant-security	Run npm test	2026-09-17T21:15:31.3270061Z   type: 'test'
tenant-security	Run npm test	2026-09-17T21:15:31.3270543Z   ...
tenant-security	Run npm test	2026-09-17T21:15:31.3393992Z # Subtest: ShoppingPriority enum contains required priority values
tenant-security	Run npm test	2026-09-17T21:15:31.3394994Z ok 618 - ShoppingPriority enum contains required priority values
tenant-security	Run npm test	2026-09-17T21:15:31.3395569Z   ---
tenant-security	Run npm test	2026-09-17T21:15:31.3400593Z   duration_ms: 2.132079
tenant-security	Run npm test	2026-09-17T21:15:31.3401234Z   type: 'test'
tenant-security	Run npm test	2026-09-17T21:15:31.3401732Z   ...
tenant-security	Run npm test	2026-09-17T21:15:31.3402486Z # Subtest: Shopping item priority ranking sorts URGENT first
tenant-security	Run npm test	2026-09-17T21:15:31.3403807Z ok 619 - Shopping item priority ranking sorts URGENT first
tenant-security	Run npm test	2026-09-17T21:15:31.3404544Z   ---
tenant-security	Run npm test	2026-09-17T21:15:31.3405032Z   duration_ms: 0.363031
tenant-security	Run npm test	2026-09-17T21:15:31.3405627Z   type: 'test'
tenant-security	Run npm test	2026-09-17T21:15:31.3406116Z   ...
tenant-security	Run npm test	2026-09-17T21:15:31.3406874Z # Subtest: Search filter matches store, title, note and employee
tenant-security	Run npm test	2026-09-17T21:15:31.3407952Z ok 620 - Search filter matches store, title, note and employee
tenant-security	Run npm test	2026-09-17T21:15:31.3408700Z   ---
tenant-security	Run npm test	2026-09-17T21:15:31.3409187Z   duration_ms: 0.497553
tenant-security	Run npm test	2026-09-17T21:15:31.3409723Z   type: 'test'
tenant-security	Run npm test	2026-09-17T21:15:31.3410190Z   ...
tenant-security	Run npm test	2026-09-17T21:15:31.3411380Z # Subtest: serverová validace nákupů odmítá neplatné a nebezpečné hodnoty
tenant-security	Run npm test	2026-09-17T21:15:31.3413208Z ok 621 - serverová validace nákupů odmítá neplatné a nebezpečné hodnoty
tenant-security	Run npm test	2026-09-17T21:15:31.3414062Z   ---
tenant-security	Run npm test	2026-09-17T21:15:31.3414551Z   duration_ms: 1.592467
tenant-security	Run npm test	2026-09-17T21:15:31.3415102Z   type: 'test'
tenant-security	Run npm test	2026-09-17T21:15:31.3415608Z   ...
tenant-security	Run npm test	2026-09-17T21:15:31.3416653Z # Subtest: platná JPEG fotografie projde omezenou validací nákupního seznamu
tenant-security	Run npm test	2026-09-17T21:15:31.3418032Z ok 622 - platná JPEG fotografie projde omezenou validací nákupního seznamu
tenant-security	Run npm test	2026-09-17T21:15:31.3418935Z   ---
tenant-security	Run npm test	2026-09-17T21:15:31.3419442Z   duration_ms: 0.369142
tenant-security	Run npm test	2026-09-17T21:15:31.3420005Z   type: 'test'
tenant-security	Run npm test	2026-09-17T21:15:31.3420506Z   ...
tenant-security	Run npm test	2026-09-17T21:15:31.3421383Z # Subtest: role Náhled nemůže měnit společný nákupní seznam
tenant-security	Run npm test	2026-09-17T21:15:31.3422561Z ok 623 - role Náhled nemůže měnit společný nákupní seznam
tenant-security	Run npm test	2026-09-17T21:15:31.3423570Z   ---
tenant-security	Run npm test	2026-09-17T21:15:31.3423940Z   duration_ms: 0.253306
tenant-security	Run npm test	2026-09-17T21:15:31.3424332Z   type: 'test'
tenant-security	Run npm test	2026-09-17T21:15:31.3433412Z   ...
tenant-security	Run npm test	2026-09-17T21:15:31.3434390Z # Subtest: filtr přiřazeno mně používá ID zaměstnance a API nesdílí interní chyby
tenant-security	Run npm test	2026-09-17T21:15:31.3435657Z ok 624 - filtr přiřazeno mně používá ID zaměstnance a API nesdílí interní chyby
tenant-security	Run npm test	2026-09-17T21:15:31.3436405Z   ---
tenant-security	Run npm test	2026-09-17T21:15:31.3436756Z   duration_ms: 1.163863
tenant-security	Run npm test	2026-09-17T21:15:31.3437184Z   type: 'test'
tenant-security	Run npm test	2026-09-17T21:15:31.3437539Z   ...
tenant-security	Run npm test	2026-09-17T21:15:31.3438437Z # Subtest: doplnění skladu serializuje souběžné požadavky na stejnou položku
tenant-security	Run npm test	2026-09-17T21:15:31.3440058Z ok 625 - doplnění skladu serializuje souběžné požadavky na stejnou položku
tenant-security	Run npm test	2026-09-17T21:15:31.3440719Z   ---
tenant-security	Run npm test	2026-09-17T21:15:31.3441043Z   duration_ms: 0.229861
tenant-security	Run npm test	2026-09-17T21:15:31.3441418Z   type: 'test'
tenant-security	Run npm test	2026-09-17T21:15:31.3441734Z   ...
tenant-security	Run npm test	2026-09-17T21:15:31.3442609Z # Subtest: volby nákupního formuláře používají existující tenantový endpoint s limity
tenant-security	Run npm test	2026-09-17T21:15:31.3444114Z ok 626 - volby nákupního formuláře používají existující tenantový endpoint s limity
tenant-security	Run npm test	2026-09-17T21:15:31.3444860Z   ---
tenant-security	Run npm test	2026-09-17T21:15:31.3445197Z   duration_ms: 2.936207
tenant-security	Run npm test	2026-09-17T21:15:31.3445571Z   type: 'test'
tenant-security	Run npm test	2026-09-17T21:15:31.3445886Z   ...
tenant-security	Run npm test	2026-09-17T21:15:31.3446567Z # Subtest: ikonové akce nákupního seznamu mají přístupné názvy
tenant-security	Run npm test	2026-09-17T21:15:31.3447487Z ok 627 - ikonové akce nákupního seznamu mají přístupné názvy
tenant-security	Run npm test	2026-09-17T21:15:31.3448040Z   ---
tenant-security	Run npm test	2026-09-17T21:15:31.3448352Z   duration_ms: 1.019492
tenant-security	Run npm test	2026-09-17T21:15:31.3448713Z   type: 'test'
tenant-security	Run npm test	2026-09-17T21:15:31.3449035Z   ...
tenant-security	Run npm test	2026-09-17T21:15:31.3449783Z # Subtest: tenant security guard internal rules pass
tenant-security	Run npm test	2026-09-17T21:15:31.3450504Z ok 628 - tenant security guard internal rules pass
tenant-security	Run npm test	2026-09-17T21:15:31.3451008Z   ---
tenant-security	Run npm test	2026-09-17T21:15:31.3451324Z   duration_ms: 46.070322
tenant-security	Run npm test	2026-09-17T21:15:31.3451697Z   type: 'test'
tenant-security	Run npm test	2026-09-17T21:15:31.3452015Z   ...
tenant-security	Run npm test	2026-09-17T21:15:31.3452593Z # Subtest: current repository satisfies tenant security policy
tenant-security	Run npm test	2026-09-17T21:15:31.3453620Z ok 629 - current repository satisfies tenant security policy
tenant-security	Run npm test	2026-09-17T21:15:31.3454218Z   ---
tenant-security	Run npm test	2026-09-17T21:15:31.3454575Z   duration_ms: 178.054059
tenant-security	Run npm test	2026-09-17T21:15:31.3454970Z   type: 'test'
tenant-security	Run npm test	2026-09-17T21:15:31.3455288Z   ...
tenant-security	Run npm test	2026-09-17T21:15:31.3456000Z # Subtest: storage keys are namespaced by organization, resource and variant
tenant-security	Run npm test	2026-09-17T21:15:31.3457043Z ok 630 - storage keys are namespaced by organization, resource and variant
tenant-security	Run npm test	2026-09-17T21:15:31.3457683Z   ---
tenant-security	Run npm test	2026-09-17T21:15:31.3458037Z   duration_ms: 1.505534
tenant-security	Run npm test	2026-09-17T21:15:31.3458414Z   type: 'test'
tenant-security	Run npm test	2026-09-17T21:15:31.3458745Z   ...
tenant-security	Run npm test	2026-09-17T21:15:31.3459414Z # Subtest: storage keys neutralize path traversal and unsafe characters
tenant-security	Run npm test	2026-09-17T21:15:31.3460399Z ok 631 - storage keys neutralize path traversal and unsafe characters
tenant-security	Run npm test	2026-09-17T21:15:31.3461009Z   ---
tenant-security	Run npm test	2026-09-17T21:15:31.3461335Z   duration_ms: 0.267041
tenant-security	Run npm test	2026-09-17T21:15:31.3461726Z   type: 'test'
tenant-security	Run npm test	2026-09-17T21:15:31.3462047Z   ...
tenant-security	Run npm test	2026-09-17T21:15:31.4710881Z # Subtest: 1. rule-based sheet classification rozpozná české i anglické názvy listů
tenant-security	Run npm test	2026-09-17T21:15:31.4722621Z ok 632 - 1. rule-based sheet classification rozpozná české i anglické názvy listů
tenant-security	Run npm test	2026-09-17T21:15:31.4723994Z   ---
tenant-security	Run npm test	2026-09-17T21:15:31.4724573Z   duration_ms: 2.622688
tenant-security	Run npm test	2026-09-17T21:15:31.4725197Z   type: 'test'
tenant-security	Run npm test	2026-09-17T21:15:31.4725758Z   ...
tenant-security	Run npm test	2026-09-17T21:15:31.4726759Z # Subtest: 2. carrier matching: stejný kód nosiče vrátí MATCHED
tenant-security	Run npm test	2026-09-17T21:15:31.4728036Z ok 633 - 2. carrier matching: stejný kód nosiče vrátí MATCHED
tenant-security	Run npm test	2026-09-17T21:15:31.4728854Z   ---
tenant-security	Run npm test	2026-09-17T21:15:31.4729401Z   duration_ms: 0.457117
tenant-security	Run npm test	2026-09-17T21:15:31.4730099Z   type: 'test'
tenant-security	Run npm test	2026-09-17T21:15:31.4730740Z   ...
tenant-security	Run npm test	2026-09-17T21:15:31.4731837Z # Subtest: 3. carrier matching: stejný kód v jiném městě detekuje CONFLICT
tenant-security	Run npm test	2026-09-17T21:15:31.4733613Z ok 634 - 3. carrier matching: stejný kód v jiném městě detekuje CONFLICT
tenant-security	Run npm test	2026-09-17T21:15:31.4734607Z   ---
tenant-security	Run npm test	2026-09-17T21:15:31.4735290Z   duration_ms: 0.254998
tenant-security	Run npm test	2026-09-17T21:15:31.4736051Z   type: 'test'
tenant-security	Run npm test	2026-09-17T21:15:31.4736645Z   ...
tenant-security	Run npm test	2026-09-17T21:15:31.4737920Z # Subtest: 4. carrier matching: více blízkých kandidátů vrátí AMBIGUOUS a nesloučí naslepo
tenant-security	Run npm test	2026-09-17T21:15:31.4739673Z ok 635 - 4. carrier matching: více blízkých kandidátů vrátí AMBIGUOUS a nesloučí naslepo
tenant-security	Run npm test	2026-09-17T21:15:31.4741295Z   ---
tenant-security	Run npm test	2026-09-17T21:15:31.4742487Z   duration_ms: 0.334127
tenant-security	Run npm test	2026-09-17T21:15:31.4743440Z   type: 'test'
tenant-security	Run npm test	2026-09-17T21:15:31.4744674Z   ...
tenant-security	Run npm test	2026-09-17T21:15:31.4746159Z # Subtest: 5. client matching: shoda přes IČO je 100% MATCHED
tenant-security	Run npm test	2026-09-17T21:15:31.4748008Z ok 636 - 5. client matching: shoda přes IČO je 100% MATCHED
tenant-security	Run npm test	2026-09-17T21:15:31.4750041Z   ---
tenant-security	Run npm test	2026-09-17T21:15:31.4750815Z   duration_ms: 0.456196
tenant-security	Run npm test	2026-09-17T21:15:31.4751564Z   type: 'test'
tenant-security	Run npm test	2026-09-17T21:15:31.4752120Z   ...
tenant-security	Run npm test	2026-09-17T21:15:31.4754023Z # Subtest: 6. client matching: normalizovaný název bez právní formy a diakritiky vrátí MATCHED
tenant-security	Run npm test	2026-09-17T21:15:31.4756362Z ok 637 - 6. client matching: normalizovaný název bez právní formy a diakritiky vrátí MATCHED
tenant-security	Run npm test	2026-09-17T21:15:31.4757638Z   ---
tenant-security	Run npm test	2026-09-17T21:15:31.4758569Z   duration_ms: 0.752441
tenant-security	Run npm test	2026-09-17T21:15:31.4759168Z   type: 'test'
tenant-security	Run npm test	2026-09-17T21:15:31.4759864Z   ...
tenant-security	Run npm test	2026-09-17T21:15:31.4761194Z # Subtest: 7. parser: CSV buffer se bezpečně naparsuje a detekuje hlavičky a řádky
tenant-security	Run npm test	2026-09-17T21:15:31.4763403Z ok 638 - 7. parser: CSV buffer se bezpečně naparsuje a detekuje hlavičky a řádky
tenant-security	Run npm test	2026-09-17T21:15:31.4764618Z   ---
tenant-security	Run npm test	2026-09-17T21:15:31.4765205Z   duration_ms: 2.238278
tenant-security	Run npm test	2026-09-17T21:15:31.4766057Z   type: 'test'
tenant-security	Run npm test	2026-09-17T21:15:31.4766558Z   ...
tenant-security	Run npm test	2026-09-17T21:15:31.4767717Z # Subtest: 8. parser: prázdný buffer vyhodí kontrolovanou chybu
tenant-security	Run npm test	2026-09-17T21:15:31.4769710Z ok 639 - 8. parser: prázdný buffer vyhodí kontrolovanou chybu
tenant-security	Run npm test	2026-09-17T21:15:31.4770876Z   ---
tenant-security	Run npm test	2026-09-17T21:15:31.4771432Z   duration_ms: 0.924914
tenant-security	Run npm test	2026-09-17T21:15:31.4772362Z   type: 'test'
tenant-security	Run npm test	2026-09-17T21:15:31.4773245Z   ...
tenant-security	Run npm test	2026-09-17T21:15:31.4798494Z # Subtest: 9. cílová doménová pole: CARRIERS obsahuje carrierCode, city, latitude, longitude
tenant-security	Run npm test	2026-09-17T21:15:31.4800897Z ok 640 - 9. cílová doménová pole: CARRIERS obsahuje carrierCode, city, latitude, longitude
tenant-security	Run npm test	2026-09-17T21:15:31.4802262Z   ---
tenant-security	Run npm test	2026-09-17T21:15:31.4803084Z   duration_ms: 0.594926
tenant-security	Run npm test	2026-09-17T21:15:31.4804036Z   type: 'test'
tenant-security	Run npm test	2026-09-17T21:15:31.4804572Z   ...
tenant-security	Run npm test	2026-09-17T21:15:31.4806292Z # Subtest: 10. rule-based mapování správně rozpozná všech 10 sloupců vzorového listu OOH nosičů
tenant-security	Run npm test	2026-09-17T21:15:31.4808352Z ok 641 - 10. rule-based mapování správně rozpozná všech 10 sloupců vzorového listu OOH nosičů
tenant-security	Run npm test	2026-09-17T21:15:31.4809890Z   ---
tenant-security	Run npm test	2026-09-17T21:15:31.4810510Z   duration_ms: 9.994894
tenant-security	Run npm test	2026-09-17T21:15:31.4811362Z   type: 'test'
tenant-security	Run npm test	2026-09-17T21:15:31.4811874Z   ...
tenant-security	Run npm test	2026-09-17T21:15:31.4813611Z # Subtest: 11. sheet "Nosiče a reklamní plochy" je klasifikován jako CARRIERS i s obsahem ploch
tenant-security	Run npm test	2026-09-17T21:15:31.4816333Z ok 642 - 11. sheet "Nosiče a reklamní plochy" je klasifikován jako CARRIERS i s obsahem ploch
tenant-security	Run npm test	2026-09-17T21:15:31.4820408Z   ---
tenant-security	Run npm test	2026-09-17T21:15:31.4821211Z   duration_ms: 0.26085
tenant-security	Run npm test	2026-09-17T21:15:31.4822176Z   type: 'test'
tenant-security	Run npm test	2026-09-17T21:15:31.4822716Z   ...
tenant-security	Run npm test	2026-09-17T21:15:31.4824548Z # Subtest: 12. parseCarrierType a parseMediaType normalizují české názvy na validní enumy
tenant-security	Run npm test	2026-09-17T21:15:31.4826997Z ok 643 - 12. parseCarrierType a parseMediaType normalizují české názvy na validní enumy
tenant-security	Run npm test	2026-09-17T21:15:31.4828296Z   ---
tenant-security	Run npm test	2026-09-17T21:15:31.4828867Z   duration_ms: 0.350577
tenant-security	Run npm test	2026-09-17T21:15:31.4829780Z   type: 'test'
tenant-security	Run npm test	2026-09-17T21:15:31.4830304Z   ...
tenant-security	Run npm test	2026-09-17T21:15:31.4831826Z # Subtest: 13. resilientní mapování rozpozná clientName a ceníkové názvy bez chyb
tenant-security	Run npm test	2026-09-17T21:15:31.4833797Z ok 644 - 13. resilientní mapování rozpozná clientName a ceníkové názvy bez chyb
tenant-security	Run npm test	2026-09-17T21:15:31.4834696Z   ---
tenant-security	Run npm test	2026-09-17T21:15:31.4835209Z   duration_ms: 0.26127
tenant-security	Run npm test	2026-09-17T21:15:31.4835734Z   type: 'test'
tenant-security	Run npm test	2026-09-17T21:15:31.4836214Z   ...
tenant-security	Run npm test	2026-09-17T21:15:31.6266633Z # Subtest: 14. alternativní testovací soubor (seepoint-alternativni-vzor-ooh.xlsx) je kompletně a správně klasifikován a namapován
tenant-security	Run npm test	2026-09-17T21:15:31.6280509Z ok 645 - 14. alternativní testovací soubor (seepoint-alternativni-vzor-ooh.xlsx) je kompletně a správně klasifikován a namapován
tenant-security	Run npm test	2026-09-17T21:15:31.6283921Z   ---
tenant-security	Run npm test	2026-09-17T21:15:31.6284513Z   duration_ms: 166.024172
tenant-security	Run npm test	2026-09-17T21:15:31.6285127Z   type: 'test'
tenant-security	Run npm test	2026-09-17T21:15:31.6285653Z   ...
tenant-security	Run npm test	2026-09-17T21:15:31.6667582Z # Subtest: reservation dates accept strict calendar days only
tenant-security	Run npm test	2026-09-17T21:15:31.6669144Z ok 646 - reservation dates accept strict calendar days only
tenant-security	Run npm test	2026-09-17T21:15:31.6670077Z   ---
tenant-security	Run npm test	2026-09-17T21:15:31.6671187Z   duration_ms: 1.333521
tenant-security	Run npm test	2026-09-17T21:15:31.6672189Z   type: 'test'
tenant-security	Run npm test	2026-09-17T21:15:31.6673067Z   ...
tenant-security	Run npm test	2026-09-17T21:15:31.6708888Z # Subtest: only managers assign other employees while workers manage their own reservation
tenant-security	Run npm test	2026-09-17T21:15:31.6723933Z ok 647 - only managers assign other employees while workers manage their own reservation
tenant-security	Run npm test	2026-09-17T21:15:31.6724841Z   ---
tenant-security	Run npm test	2026-09-17T21:15:31.6725269Z   duration_ms: 0.193753
tenant-security	Run npm test	2026-09-17T21:15:31.6725756Z   type: 'test'
tenant-security	Run npm test	2026-09-17T21:15:31.6726172Z   ...
tenant-security	Run npm test	2026-09-17T21:15:31.6726892Z # Subtest: reservation status transitions are one-way and validated
tenant-security	Run npm test	2026-09-17T21:15:31.6727899Z ok 648 - reservation status transitions are one-way and validated
tenant-security	Run npm test	2026-09-17T21:15:31.6728574Z   ---
tenant-security	Run npm test	2026-09-17T21:15:31.6728981Z   duration_ms: 0.16034
tenant-security	Run npm test	2026-09-17T21:15:31.6729437Z   type: 'test'
tenant-security	Run npm test	2026-09-17T21:15:31.6729840Z   ...
tenant-security	Run npm test	2026-09-17T21:15:31.6730643Z # Subtest: vehicle status reflects current operations instead of future bookings
tenant-security	Run npm test	2026-09-17T21:15:31.6731833Z ok 649 - vehicle status reflects current operations instead of future bookings
tenant-security	Run npm test	2026-09-17T21:15:31.6732633Z   ---
tenant-security	Run npm test	2026-09-17T21:15:31.6733282Z   duration_ms: 0.337901
tenant-security	Run npm test	2026-09-17T21:15:31.6733755Z   type: 'test'
tenant-security	Run npm test	2026-09-17T21:15:31.6734166Z   ...
tenant-security	Run npm test	2026-09-17T21:15:31.6735121Z # Subtest: reservation API enforces module access, serializable conflict checks and scoped actors
tenant-security	Run npm test	2026-09-17T21:15:31.6736550Z ok 650 - reservation API enforces module access, serializable conflict checks and scoped actors
tenant-security	Run npm test	2026-09-17T21:15:31.6737423Z   ---
tenant-security	Run npm test	2026-09-17T21:15:31.6737842Z   duration_ms: 0.505558
tenant-security	Run npm test	2026-09-17T21:15:31.6738316Z   type: 'test'
tenant-security	Run npm test	2026-09-17T21:15:31.6738722Z   ...
tenant-security	Run npm test	2026-09-17T21:15:31.6739550Z # Subtest: reservation UI limits employee choices and reports failed status updates
tenant-security	Run npm test	2026-09-17T21:15:31.6740780Z ok 651 - reservation UI limits employee choices and reports failed status updates
tenant-security	Run npm test	2026-09-17T21:15:31.6741551Z   ---
tenant-security	Run npm test	2026-09-17T21:15:31.6741959Z   duration_ms: 0.470953
tenant-security	Run npm test	2026-09-17T21:15:31.6742415Z   type: 'test'
tenant-security	Run npm test	2026-09-17T21:15:31.6743065Z   ...
tenant-security	Run npm test	2026-09-17T21:15:31.6743833Z # Subtest: vehicle overview warns about all operational document deadlines
tenant-security	Run npm test	2026-09-17T21:15:31.6744924Z ok 652 - vehicle overview warns about all operational document deadlines
tenant-security	Run npm test	2026-09-17T21:15:31.6745646Z   ---
tenant-security	Run npm test	2026-09-17T21:15:31.6746056Z   duration_ms: 1.510773
tenant-security	Run npm test	2026-09-17T21:15:31.6746512Z   type: 'test'
tenant-security	Run npm test	2026-09-17T21:15:31.6746915Z   ...
tenant-security	Run npm test	2026-09-17T21:15:31.6747662Z # Subtest: warehouse numeric and text inputs reject unsafe values
tenant-security	Run npm test	2026-09-17T21:15:31.6748625Z ok 653 - warehouse numeric and text inputs reject unsafe values
tenant-security	Run npm test	2026-09-17T21:15:31.6749284Z   ---
tenant-security	Run npm test	2026-09-17T21:15:31.6749693Z   duration_ms: 1.510993
tenant-security	Run npm test	2026-09-17T21:15:31.6750149Z   type: 'test'
tenant-security	Run npm test	2026-09-17T21:15:31.6750551Z   ...
tenant-security	Run npm test	2026-09-17T21:15:31.6751447Z # Subtest: warehouse movements update stock atomically and never clamp an over-issue to zero
tenant-security	Run npm test	2026-09-17T21:15:31.6752985Z ok 654 - warehouse movements update stock atomically and never clamp an over-issue to zero
tenant-security	Run npm test	2026-09-17T21:15:31.6753852Z   ---
tenant-security	Run npm test	2026-09-17T21:15:31.6754279Z   duration_ms: 0.401342
tenant-security	Run npm test	2026-09-17T21:15:31.6754737Z   type: 'test'
tenant-security	Run npm test	2026-09-17T21:15:31.6755147Z   ...
tenant-security	Run npm test	2026-09-17T21:15:31.6756080Z # Subtest: photo issue is one checked batch and unknown AI results never map to the first stock item
tenant-security	Run npm test	2026-09-17T21:15:31.6757487Z ok 655 - photo issue is one checked batch and unknown AI results never map to the first stock item
tenant-security	Run npm test	2026-09-17T21:15:31.6758351Z   ---
tenant-security	Run npm test	2026-09-17T21:15:31.6758754Z   duration_ms: 0.275236
tenant-security	Run npm test	2026-09-17T21:15:31.6759207Z   type: 'test'
tenant-security	Run npm test	2026-09-17T21:15:31.6759618Z   ...
tenant-security	Run npm test	2026-09-17T21:15:31.6760513Z # Subtest: warehouse catalog and movement permissions are separate and enforced server-side
tenant-security	Run npm test	2026-09-17T21:15:31.6761858Z ok 656 - warehouse catalog and movement permissions are separate and enforced server-side
tenant-security	Run npm test	2026-09-17T21:15:31.6762869Z   ---
tenant-security	Run npm test	2026-09-17T21:15:31.6763325Z   duration_ms: 0.590337
tenant-security	Run npm test	2026-09-17T21:15:31.6763788Z   type: 'test'
tenant-security	Run npm test	2026-09-17T21:15:31.6764202Z   ...
tenant-security	Run npm test	2026-09-17T21:15:31.6764878Z # Subtest: stock history cannot be silently rewritten or deleted
tenant-security	Run npm test	2026-09-17T21:15:31.6766297Z ok 657 - stock history cannot be silently rewritten or deleted
tenant-security	Run npm test	2026-09-17T21:15:31.6766968Z   ---
tenant-security	Run npm test	2026-09-17T21:15:31.6767400Z   duration_ms: 0.244258
tenant-security	Run npm test	2026-09-17T21:15:31.6767876Z   type: 'test'
tenant-security	Run npm test	2026-09-17T21:15:31.6768311Z   ...
tenant-security	Run npm test	2026-09-17T21:15:31.6769310Z # Subtest: mobile borrowing overview does not use fuzzy name matching or claim complete history
tenant-security	Run npm test	2026-09-17T21:15:31.6770832Z ok 658 - mobile borrowing overview does not use fuzzy name matching or claim complete history
tenant-security	Run npm test	2026-09-17T21:15:31.6771765Z   ---
tenant-security	Run npm test	2026-09-17T21:15:31.6772212Z   duration_ms: 0.263704
tenant-security	Run npm test	2026-09-17T21:15:31.6772960Z   type: 'test'
tenant-security	Run npm test	2026-09-17T21:15:31.6773433Z   ...
tenant-security	Run npm test	2026-09-17T21:15:31.6774331Z # Subtest: warehouse QR print action works and external QR data excludes item names
tenant-security	Run npm test	2026-09-17T21:15:31.6775654Z ok 659 - warehouse QR print action works and external QR data excludes item names
tenant-security	Run npm test	2026-09-17T21:15:31.6776518Z   ---
tenant-security	Run npm test	2026-09-17T21:15:31.6777024Z   duration_ms: 0.270728
tenant-security	Run npm test	2026-09-17T21:15:31.6777552Z   type: 'test'
tenant-security	Run npm test	2026-09-17T21:15:31.6777996Z   ...
tenant-security	Run npm test	2026-09-17T21:15:31.6778980Z # Subtest: warehouse AI validates bounded images, rate limits calls and hides provider errors
tenant-security	Run npm test	2026-09-17T21:15:31.6780468Z ok 660 - warehouse AI validates bounded images, rate limits calls and hides provider errors
tenant-security	Run npm test	2026-09-17T21:15:31.6781386Z   ---
tenant-security	Run npm test	2026-09-17T21:15:31.6781842Z   duration_ms: 0.380303
tenant-security	Run npm test	2026-09-17T21:15:31.6782355Z   type: 'test'
tenant-security	Run npm test	2026-09-17T21:15:31.6783026Z   ...
tenant-security	Run npm test	2026-09-17T21:15:31.8160943Z # Subtest: 1. hourly work amount calculation with Decimal precision
tenant-security	Run npm test	2026-09-17T21:15:31.8162080Z ok 661 - 1. hourly work amount calculation with Decimal precision
tenant-security	Run npm test	2026-09-17T21:15:31.8163003Z   ---
tenant-security	Run npm test	2026-09-17T21:15:31.8163403Z   duration_ms: 1.622723
tenant-security	Run npm test	2026-09-17T21:15:31.8163854Z   type: 'test'
tenant-security	Run npm test	2026-09-17T21:15:31.8164220Z   ...
tenant-security	Run npm test	2026-09-17T21:15:31.8164912Z # Subtest: 2. piece-based or task-based work amount calculation
tenant-security	Run npm test	2026-09-17T21:15:31.8165855Z ok 662 - 2. piece-based or task-based work amount calculation
tenant-security	Run npm test	2026-09-17T21:15:31.8166536Z   ---
tenant-security	Run npm test	2026-09-17T21:15:31.8166915Z   duration_ms: 0.212218
tenant-security	Run npm test	2026-09-17T21:15:31.8167343Z   type: 'test'
tenant-security	Run npm test	2026-09-17T21:15:31.8167714Z   ...
tenant-security	Run npm test	2026-09-17T21:15:31.8168254Z # Subtest: 3. fixed amount work representation
tenant-security	Run npm test	2026-09-17T21:15:31.8169043Z ok 663 - 3. fixed amount work representation
tenant-security	Run npm test	2026-09-17T21:15:31.8169587Z   ---
tenant-security	Run npm test	2026-09-17T21:15:31.8169957Z   duration_ms: 0.313768
tenant-security	Run npm test	2026-09-17T21:15:31.8170396Z   type: 'test'
tenant-security	Run npm test	2026-09-17T21:15:31.8170743Z   ...
tenant-security	Run npm test	2026-09-17T21:15:31.8172062Z # Subtest: 4. resolve rate priority: EmployeeRate -> WorkOrderRate -> CompanyRate -> MANUAL
tenant-security	Run npm test	2026-09-17T21:15:31.8173805Z ok 664 - 4. resolve rate priority: EmployeeRate -> WorkOrderRate -> CompanyRate -> MANUAL
tenant-security	Run npm test	2026-09-17T21:15:31.8174648Z   ---
tenant-security	Run npm test	2026-09-17T21:15:31.8175017Z   duration_ms: 0.570941
tenant-security	Run npm test	2026-09-17T21:15:31.8175412Z   type: 'test'
tenant-security	Run npm test	2026-09-17T21:15:31.8175792Z   ...
tenant-security	Run npm test	2026-09-17T21:15:31.8176552Z # Subtest: 5. draft entry can be saved when rate is missing
tenant-security	Run npm test	2026-09-17T21:15:31.8177928Z ok 665 - 5. draft entry can be saved when rate is missing
tenant-security	Run npm test	2026-09-17T21:15:31.8178589Z   ---
tenant-security	Run npm test	2026-09-17T21:15:31.8178970Z   duration_ms: 0.223108
tenant-security	Run npm test	2026-09-17T21:15:31.8179381Z   type: 'test'
tenant-security	Run npm test	2026-09-17T21:15:31.8179738Z   ...
tenant-security	Run npm test	2026-09-17T21:15:31.8180821Z # Subtest: 6. rejection of confirmation when rate is missing
tenant-security	Run npm test	2026-09-17T21:15:31.8182038Z ok 666 - 6. rejection of confirmation when rate is missing
tenant-security	Run npm test	2026-09-17T21:15:31.8182932Z   ---
tenant-security	Run npm test	2026-09-17T21:15:31.8183323Z   duration_ms: 0.174757
tenant-security	Run npm test	2026-09-17T21:15:31.8183744Z   type: 'test'
tenant-security	Run npm test	2026-09-17T21:15:31.8184090Z   ...
tenant-security	Run npm test	2026-09-17T21:15:31.8185157Z # Subtest: 7. duplicate prevention logic
tenant-security	Run npm test	2026-09-17T21:15:31.8186369Z ok 667 - 7. duplicate prevention logic
tenant-security	Run npm test	2026-09-17T21:15:31.8186904Z   ---
tenant-security	Run npm test	2026-09-17T21:15:31.8187263Z   duration_ms: 0.263214
tenant-security	Run npm test	2026-09-17T21:15:31.8187646Z   type: 'test'
tenant-security	Run npm test	2026-09-17T21:15:31.8187967Z   ...
tenant-security	Run npm test	2026-09-17T21:15:31.8191557Z # Subtest: 8. authorized explicit additional entry by manager/admin
tenant-security	Run npm test	2026-09-17T21:15:31.8193077Z ok 668 - 8. authorized explicit additional entry by manager/admin
tenant-security	Run npm test	2026-09-17T21:15:31.8194418Z   ---
tenant-security	Run npm test	2026-09-17T21:15:31.8194809Z   duration_ms: 0.188975
tenant-security	Run npm test	2026-09-17T21:15:31.8195257Z   type: 'test'
tenant-security	Run npm test	2026-09-17T21:15:31.8195630Z   ...
tenant-security	Run npm test	2026-09-17T21:15:31.8196691Z # Subtest: 9 & 10. rate change after WorkEntry confirmation does not affect confirmed amount
tenant-security	Run npm test	2026-09-17T21:15:31.8198291Z ok 669 - 9 & 10. rate change after WorkEntry confirmation does not affect confirmed amount
tenant-security	Run npm test	2026-09-17T21:15:31.8199374Z   ---
tenant-security	Run npm test	2026-09-17T21:15:31.8199778Z   duration_ms: 0.471724
tenant-security	Run npm test	2026-09-17T21:15:31.8200221Z   type: 'test'
tenant-security	Run npm test	2026-09-17T21:15:31.8200588Z   ...
tenant-security	Run npm test	2026-09-17T21:15:31.8201172Z # Subtest: 11. employee can edit their own draft entry
tenant-security	Run npm test	2026-09-17T21:15:31.8202157Z ok 670 - 11. employee can edit their own draft entry
tenant-security	Run npm test	2026-09-17T21:15:31.8203046Z   ---
tenant-security	Run npm test	2026-09-17T21:15:31.8203867Z   duration_ms: 0.461746
tenant-security	Run npm test	2026-09-17T21:15:31.8204475Z   type: 'test'
tenant-security	Run npm test	2026-09-17T21:15:31.8204961Z   ...
tenant-security	Run npm test	2026-09-17T21:15:31.8205526Z # Subtest: 12. employee cannot edit confirmed entry
tenant-security	Run npm test	2026-09-17T21:15:31.8206348Z ok 671 - 12. employee cannot edit confirmed entry
tenant-security	Run npm test	2026-09-17T21:15:31.8206921Z   ---
tenant-security	Run npm test	2026-09-17T21:15:31.8207289Z   duration_ms: 0.166422
tenant-security	Run npm test	2026-09-17T21:15:31.8207720Z   type: 'test'
tenant-security	Run npm test	2026-09-17T21:15:31.8208078Z   ...
tenant-security	Run npm test	2026-09-17T21:15:31.8208955Z # Subtest: 13. employee cannot edit another employee's entry
tenant-security	Run npm test	2026-09-17T21:15:31.8209977Z ok 672 - 13. employee cannot edit another employee's entry
tenant-security	Run npm test	2026-09-17T21:15:31.8210602Z   ---
tenant-security	Run npm test	2026-09-17T21:15:31.8210972Z   duration_ms: 0.113924
tenant-security	Run npm test	2026-09-17T21:15:31.8211405Z   type: 'test'
tenant-security	Run npm test	2026-09-17T21:15:31.8211765Z   ...
tenant-security	Run npm test	2026-09-17T21:15:31.8212577Z # Subtest: 14. manager or admin can confirm a draft entry
tenant-security	Run npm test	2026-09-17T21:15:31.8213915Z ok 673 - 14. manager or admin can confirm a draft entry
tenant-security	Run npm test	2026-09-17T21:15:31.8214685Z   ---
tenant-security	Run npm test	2026-09-17T21:15:31.8215059Z   duration_ms: 0.127239
tenant-security	Run npm test	2026-09-17T21:15:31.8215475Z   type: 'test'
tenant-security	Run npm test	2026-09-17T21:15:31.8215854Z   ...
tenant-security	Run npm test	2026-09-17T21:15:31.8216901Z # Subtest: 15. WorkTask and WorkOrder traceability
tenant-security	Run npm test	2026-09-17T21:15:31.8218270Z ok 674 - 15. WorkTask and WorkOrder traceability
tenant-security	Run npm test	2026-09-17T21:15:31.8243187Z   ---
tenant-security	Run npm test	2026-09-17T21:15:31.8243599Z   duration_ms: 0.150031
tenant-security	Run npm test	2026-09-17T21:15:31.8244056Z   type: 'test'
tenant-security	Run npm test	2026-09-17T21:15:31.8244421Z   ...
tenant-security	Run npm test	2026-09-17T21:15:31.8245307Z # Subtest: 16. one WorkTask performed by multiple employees has separate WorkEntry records
tenant-security	Run npm test	2026-09-17T21:15:31.8246659Z ok 675 - 16. one WorkTask performed by multiple employees has separate WorkEntry records
tenant-security	Run npm test	2026-09-17T21:15:31.8247479Z   ---
tenant-security	Run npm test	2026-09-17T21:15:31.8247852Z   duration_ms: 0.16001
tenant-security	Run npm test	2026-09-17T21:15:31.8248265Z   type: 'test'
tenant-security	Run npm test	2026-09-17T21:15:31.8248632Z   ...
tenant-security	Run npm test	2026-09-17T21:15:31.8249559Z # Subtest: 17. syncWorkOrderTasks updates in-place and does not delete tasks with work entries
tenant-security	Run npm test	2026-09-17T21:15:31.8251002Z ok 676 - 17. syncWorkOrderTasks updates in-place and does not delete tasks with work entries
tenant-security	Run npm test	2026-09-17T21:15:31.8251863Z   ---
tenant-security	Run npm test	2026-09-17T21:15:31.8252236Z   duration_ms: 0.140213
tenant-security	Run npm test	2026-09-17T21:15:31.8252900Z   type: 'test'
tenant-security	Run npm test	2026-09-17T21:15:31.8253323Z   ...
tenant-security	Run npm test	2026-09-17T21:15:31.8254298Z # Subtest: 18. WorkTask archival or change does not delete confirmed WorkEntry due to Restrict onDelete
tenant-security	Run npm test	2026-09-17T21:15:31.8255817Z ok 677 - 18. WorkTask archival or change does not delete confirmed WorkEntry due to Restrict onDelete
tenant-security	Run npm test	2026-09-17T21:15:31.8256709Z   ---
tenant-security	Run npm test	2026-09-17T21:15:31.8257083Z   duration_ms: 0.083576
tenant-security	Run npm test	2026-09-17T21:15:31.8257503Z   type: 'test'
tenant-security	Run npm test	2026-09-17T21:15:31.8257868Z   ...
tenant-security	Run npm test	2026-09-17T21:15:31.8258564Z # Subtest: 19. resolveWorkEntryRate executes EmployeeRate priority
tenant-security	Run npm test	2026-09-17T21:15:31.8259647Z ok 678 - 19. resolveWorkEntryRate executes EmployeeRate priority
tenant-security	Run npm test	2026-09-17T21:15:31.8260286Z   ---
tenant-security	Run npm test	2026-09-17T21:15:31.8260624Z   duration_ms: 0.747572
tenant-security	Run npm test	2026-09-17T21:15:31.8260999Z   type: 'test'
tenant-security	Run npm test	2026-09-17T21:15:31.8261298Z   ...
tenant-security	Run npm test	2026-09-17T21:15:31.8261851Z # Subtest: 20. resolveWorkEntryRate executes WorkOrderRate fallback
tenant-security	Run npm test	2026-09-17T21:15:31.8263050Z ok 679 - 20. resolveWorkEntryRate executes WorkOrderRate fallback
tenant-security	Run npm test	2026-09-17T21:15:31.8264033Z   ---
tenant-security	Run npm test	2026-09-17T21:15:31.8264703Z   duration_ms: 0.396874
tenant-security	Run npm test	2026-09-17T21:15:31.8265130Z   type: 'test'
tenant-security	Run npm test	2026-09-17T21:15:31.8265488Z   ...
tenant-security	Run npm test	2026-09-17T21:15:31.8266182Z # Subtest: 21. resolveWorkEntryRate executes CompanyRate fallback
tenant-security	Run npm test	2026-09-17T21:15:31.8267164Z ok 680 - 21. resolveWorkEntryRate executes CompanyRate fallback
tenant-security	Run npm test	2026-09-17T21:15:31.8267815Z   ---
tenant-security	Run npm test	2026-09-17T21:15:31.8268175Z   duration_ms: 0.296877
tenant-security	Run npm test	2026-09-17T21:15:31.8268597Z   type: 'test'
tenant-security	Run npm test	2026-09-17T21:15:31.8268952Z   ...
tenant-security	Run npm test	2026-09-17T21:15:31.8269618Z # Subtest: 22. resolveWorkEntryRate returns null when no rate exists
tenant-security	Run npm test	2026-09-17T21:15:31.8270577Z ok 681 - 22. resolveWorkEntryRate returns null when no rate exists
tenant-security	Run npm test	2026-09-17T21:15:31.8271213Z   ---
tenant-security	Run npm test	2026-09-17T21:15:31.8271549Z   duration_ms: 0.244379
tenant-security	Run npm test	2026-09-17T21:15:31.8271946Z   type: 'test'
tenant-security	Run npm test	2026-09-17T21:15:31.8272301Z   ...
tenant-security	Run npm test	2026-09-17T21:15:31.8273511Z # Subtest: 23. Decimal-safe H:MM time conversion matches expectation without floating point errors
tenant-security	Run npm test	2026-09-17T21:15:31.8274952Z ok 682 - 23. Decimal-safe H:MM time conversion matches expectation without floating point errors
tenant-security	Run npm test	2026-09-17T21:15:31.8275778Z   ---
tenant-security	Run npm test	2026-09-17T21:15:31.8276096Z   duration_ms: 0.491993
tenant-security	Run npm test	2026-09-17T21:15:31.8276463Z   type: 'test'
tenant-security	Run npm test	2026-09-17T21:15:31.8276786Z   ...
tenant-security	Run npm test	2026-09-17T21:15:31.8277335Z # Subtest: 24. HOURLY, TASK, and FIXED rate calculations
tenant-security	Run npm test	2026-09-17T21:15:31.8278144Z ok 683 - 24. HOURLY, TASK, and FIXED rate calculations
tenant-security	Run npm test	2026-09-17T21:15:31.8278716Z   ---
tenant-security	Run npm test	2026-09-17T21:15:31.8279052Z   duration_ms: 0.286678
tenant-security	Run npm test	2026-09-17T21:15:31.8279455Z   type: 'test'
tenant-security	Run npm test	2026-09-17T21:15:31.8279819Z   ...
tenant-security	Run npm test	2026-09-17T21:15:31.8280536Z # Subtest: 25. syncWorkOrderTasks works with custom TransactionClient
tenant-security	Run npm test	2026-09-17T21:15:31.8281590Z ok 684 - 25. syncWorkOrderTasks works with custom TransactionClient
tenant-security	Run npm test	2026-09-17T21:15:31.8282271Z   ---
tenant-security	Run npm test	2026-09-17T21:15:31.8282874Z   duration_ms: 1.005045
tenant-security	Run npm test	2026-09-17T21:15:31.8283327Z   type: 'test'
tenant-security	Run npm test	2026-09-17T21:15:31.8283665Z   ...
tenant-security	Run npm test	2026-09-17T21:15:31.8284667Z # Subtest: 26. PATCH re-resolution retains WorkOrderRate and does not incorrectly fall back to CompanyRate
tenant-security	Run npm test	2026-09-17T21:15:31.8286297Z ok 685 - 26. PATCH re-resolution retains WorkOrderRate and does not incorrectly fall back to CompanyRate
tenant-security	Run npm test	2026-09-17T21:15:31.8287217Z   ---
tenant-security	Run npm test	2026-09-17T21:15:31.8287603Z   duration_ms: 0.395292
tenant-security	Run npm test	2026-09-17T21:15:31.8288014Z   type: 'test'
tenant-security	Run npm test	2026-09-17T21:15:31.8288375Z   ...
tenant-security	Run npm test	2026-09-17T21:15:31.8774925Z # Subtest: výkazy: datum je striktně kalendářní a bez tichého přetečení
tenant-security	Run npm test	2026-09-17T21:15:31.8794051Z ok 686 - výkazy: datum je striktně kalendářní a bez tichého přetečení
tenant-security	Run npm test	2026-09-17T21:15:31.8794568Z   ---
tenant-security	Run npm test	2026-09-17T21:15:31.8794790Z   duration_ms: 1.561077
tenant-security	Run npm test	2026-09-17T21:15:31.8795028Z   type: 'test'
tenant-security	Run npm test	2026-09-17T21:15:31.8795228Z   ...
tenant-security	Run npm test	2026-09-17T21:15:31.8795755Z # Subtest: výkazy: množství podporuje desetinné číslo a H:MM bez float nepřesnosti
tenant-security	Run npm test	2026-09-17T21:15:31.8796923Z ok 687 - výkazy: množství podporuje desetinné číslo a H:MM bez float nepřesnosti
tenant-security	Run npm test	2026-09-17T21:15:31.8797615Z   ---
tenant-security	Run npm test	2026-09-17T21:15:31.8798000Z   duration_ms: 1.13604
tenant-security	Run npm test	2026-09-17T21:15:31.8798405Z   type: 'test'
tenant-security	Run npm test	2026-09-17T21:15:31.8798730Z   ...
tenant-security	Run npm test	2026-09-17T21:15:31.8799503Z # Subtest: výkazy: sazby jsou přesné, nezáporné a odpovídají DB měřítku
tenant-security	Run npm test	2026-09-17T21:15:31.8800395Z ok 688 - výkazy: sazby jsou přesné, nezáporné a odpovídají DB měřítku
tenant-security	Run npm test	2026-09-17T21:15:31.8800746Z   ---
tenant-security	Run npm test	2026-09-17T21:15:31.8800937Z   duration_ms: 0.413164
tenant-security	Run npm test	2026-09-17T21:15:31.8801161Z   type: 'test'
tenant-security	Run npm test	2026-09-17T21:15:31.8801352Z   ...
tenant-security	Run npm test	2026-09-17T21:15:31.8801780Z # Subtest: výkazy: neznámé enum hodnoty jsou odmítnuty před dotazem do DB
tenant-security	Run npm test	2026-09-17T21:15:31.8802505Z ok 689 - výkazy: neznámé enum hodnoty jsou odmítnuty před dotazem do DB
tenant-security	Run npm test	2026-09-17T21:15:31.8803421Z   ---
tenant-security	Run npm test	2026-09-17T21:15:31.8803812Z   duration_ms: 0.33585
tenant-security	Run npm test	2026-09-17T21:15:31.8804242Z   type: 'test'
tenant-security	Run npm test	2026-09-17T21:15:31.8804745Z   ...
tenant-security	Run npm test	2026-09-17T21:15:31.8805678Z # Subtest: sazby: pracovník vidí jen vlastní sazbu, privilegovaná role všechny
tenant-security	Run npm test	2026-09-17T21:15:31.8806976Z ok 690 - sazby: pracovník vidí jen vlastní sazbu, privilegovaná role všechny
tenant-security	Run npm test	2026-09-17T21:15:31.8808706Z   ---
tenant-security	Run npm test	2026-09-17T21:15:31.8809107Z   duration_ms: 0.233548
tenant-security	Run npm test	2026-09-17T21:15:31.8809671Z   type: 'test'
tenant-security	Run npm test	2026-09-17T21:15:31.8810154Z   ...
tenant-security	Run npm test	2026-09-17T21:15:31.8810537Z 1..690
tenant-security	Run npm test	2026-09-17T21:15:31.8810929Z # tests 786
tenant-security	Run npm test	2026-09-17T21:15:31.8811340Z # suites 19
tenant-security	Run npm test	2026-09-17T21:15:31.8811896Z # pass 781
tenant-security	Run npm test	2026-09-17T21:15:31.8812214Z # fail 1
tenant-security	Run npm test	2026-09-17T21:15:31.8812950Z # cancelled 0
tenant-security	Run npm test	2026-09-17T21:15:31.8813412Z # skipped 4
tenant-security	Run npm test	2026-09-17T21:15:31.8813986Z # todo 0
tenant-security	Run npm test	2026-09-17T21:15:31.8814500Z # duration_ms 21745.392908
tenant-security	Run npm test	2026-09-17T21:15:31.9144905Z ##[error]Process completed with exit code 1.
